"masked_pin","period","tax_type","total_turnover","total_operating_expense","total_administrative_expenses","total_financial_expenses","total_other_expenses","gross_tax"
"494e180d62b0742a30403ad600c335d45c47f9a240a781eac9626d576a59efc5","2024",Income Tax - Resident Individual,0.00,0.00,0.00,0.00,0.00,310204.00
"0e55a42426975101971647ebe224e5417122cf3db01308c63eaac866310b32ab","2024",Income Tax - Resident Individual,1.00,1.00,0.00,0.00,0.00,0.00
"26042f1aabf0b3acc428409140726bbeb2ad4a9e4a3243277e4f5cb69ba5e982","2023",Income Tax - Resident Individual,0.00,0.00,0.00,0.00,0.00,90876.00
"6a566011a8e7420bb31665eeab81caf587bb4fe88674e4ce96971e6aa2c99ed6","2024",Income Tax - Resident Individual,0.00,0.00,0.00,0.00,0.00,457229.00
"30e77b4db73cce44798e880cab3243c7ff89959efd847d0046007aeeb5196413","2024",Income Tax - Resident Individual,0.00,0.00,0.00,0.00,0.00,33010.00
"9a1f101dbf3445cd69ebcbbe229cfb9513b3526b76c6be6381986169b4465136","2024",Income Tax - Resident Individual,0.00,0.00,0.00,0.00,0.00,880947.00
"4754fef9291f7228cc8cab90668648136a3d13d2e16c96c18e52d1be48e624de","2024",Income Tax - Resident Individual,0.00,0.00,0.00,0.00,0.00,86232.00
f686e9e5754295498035407a16f1bc0d312316359ecce37dcccf6c1474717d0e,"2023",Income Tax - Resident Individual,0.00,0.00,0.00,0.00,0.00,0.00
d5687930a84f8d3512a55399ce65be611ca68d2ecc9bd9fc43b1707ce409b6cd,"2024",Income Tax - Resident Individual,0.00,0.00,0.00,0.00,0.00,24338.00
e61cdff8b39fbdc194e8d3f8d3b6a1ea36436efc3743f03994e648a98f836ec2,"2023",Income Tax - Company,29561705.00,3270575.00,0.00,10887236.00,28593489.00,0.00
"6c7e6725d6705c39de6f0141e71d22cdf6b0f32136c810591ab9d5783fb8a339","2023",Income Tax - Resident Individual,0.00,0.00,0.00,0.00,0.00,0.00
e9bd76777332e1fc17a1d78ee98796d756ebafd41357a369e992077ba2985a7c,"2023",Income Tax - Company,0.00,50000.00,0.00,360.00,0.00,0.00
"22df8d35811d1cb19e895ec737e52df2fa81f0edf1a93c1ae5ae6562fd95adac","2023",Income Tax - Resident Individual,0.00,0.00,0.00,0.00,0.00,515033.00
"05a2f26c26f06adff063c88fad9753299354fb070b413aeeda61c949db728e93","2023",Income Tax - Resident Individual,0.00,0.00,0.00,0.00,0.00,97360.00
"51d8faa9b5fd17160a4e364b842db7f7d8cb43dfb8bed3a61764e10c4981cd2b","2024",Income Tax - Resident Individual,0.00,0.00,0.00,0.00,0.00,0.00
"28f654e8ceb4ef121ab2137602a88e7ac5b5307cf7b8f72ee298fcf432ce62d7","2024",Income Tax - Resident Individual,0.00,0.00,0.00,0.00,0.00,91364.00
"1f97d886e44f547b3ac57c96f7dd7659a996df3567689b42cd9d2992be92d1cb","2023",Income Tax - Resident Individual,0.00,0.00,0.00,0.00,0.00,123028.00
"001387c3ca704aaf3d783700d58dfbf35f30fb496471c57d2238d90abcd5e9e2","2023",Income Tax - Resident Individual,0.00,0.00,0.00,0.00,0.00,0.00
"000e602e09aad76dc50c9b600affbcae78855d7d7cf161d2ee3fdd9069917a28","2023",Income Tax - Resident Individual,39689.00,33074.00,0.00,0.00,0.00,355855.00
"00172b80673084e58044663453a1a6f6ea005fc98ffb83feac5a690a87461c3a","2024",Income Tax - Resident Individual,0.00,0.00,0.00,0.00,0.00,815444.00
"0004f89e287590b70d4b5214038d0e027a3f81e9a6df677be20e5d63c6a92b39","2024",Income Tax - Resident Individual,0.00,0.00,0.00,0.00,0.00,144078.00
"0004f89e287590b70d4b5214038d0e027a3f81e9a6df677be20e5d63c6a92b39","2023",Income Tax - Resident Individual,0.00,0.00,0.00,0.00,0.00,120256.00
"0001af1c192ac75b2383e0ea4c725541bfbb2499b5b11d156785127243ccccbf","2023",Income Tax - Resident Individual,0.00,0.00,0.00,0.00,0.00,0.00
"000e602e09aad76dc50c9b600affbcae78855d7d7cf161d2ee3fdd9069917a28","2024",Income Tax - Resident Individual,45660.00,38053.00,0.00,0.00,0.00,359344.00
e05710beaeccd90e4cacd0594fa69ab5e1c41f07d67895c4556cb478d51ccfde,"2023",Income Tax - Resident Individual,0.00,0.00,0.00,0.00,0.00,0.00
"31814d4e0224f1794e080908742bf268e68db9351f376dafe299d83eaaf5955d","2024",Income Tax - Resident Individual,0.00,0.00,0.00,0.00,0.00,546032.00
"070f4acebd5fd79d6b7f15ed29cfed5b47f9a8ae145e1c288f4f9d821be057f4","2024",Income Tax - Resident Individual,0.00,0.00,0.00,0.00,0.00,257610.00
"32be5fc661da8a3eff9ffb311d4b4c9349a4ba013d719162fc9dd5c1f73cd30c","2023",Income Tax - Resident Individual,0.00,0.00,0.00,0.00,0.00,0.00
"0abdb3558914d5968cb723a62f723ef79fd4ed295de4346a9332e40594f8a0d1","2024",Income Tax - Resident Individual,0.00,0.00,0.00,0.00,0.00,124262.00
"901393f1fffb2ae5051ef241c2ffb5e51d12f84d058670831c54ff9a63c282a2","2024",Income Tax - Resident Individual,0.00,0.00,0.00,0.00,0.00,88495.00
"206eb8fe5518c49fa7a52b86349f786c4912d666f0a0e12b25286824fe409373","2024",Income Tax - Resident Individual,0.00,0.00,0.00,0.00,0.00,47360.00
b3d701fb3e748d7caf1d302353dd2c2895bfd2b2dc53555b24966c3c59927270,"2024",Income Tax - Resident Individual,0.00,0.00,0.00,0.00,0.00,0.00
c4750a2a7761ee8dbe2c78bdb32b793217e5e55b1f3ad939bc1393b1bc0b5536,"2023",Income Tax - Resident Individual,0.00,0.00,0.00,0.00,0.00,202734.00
bf4800c3a6ddfb69cf6eedb93dc4ee85aa6b8313252b25af413ddd8d9001f6a1,"2023",Income Tax - Resident Individual,0.00,0.00,0.00,0.00,0.00,24145.00
"30475808c23a5d08c84cdb4bee4c6d442ab20743d24bb44dc71b34e9659430a8","2024",Income Tax - Resident Individual,0.00,0.00,0.00,0.00,0.00,232954.00
bfd1e13287a19a3a1dffffb7c12e733e06467860e16ce99362049019e7b9c6e8,"2023",Income Tax - Resident Individual,0.00,0.00,0.00,0.00,0.00,10645.00
"017fc20019249a6ad7639c460eb1b3b3ebbdd8d03d31e95389b5f82d8cc63e5f","2023",Income Tax - Resident Individual,0.00,0.00,0.00,0.00,0.00,0.00
"62d3a240c847b31194c8e079560f2f6d206300843c7c121b85e1a9e69df5bfbc","2023",Income Tax - Resident Individual,36512.00,5325.00,0.00,0.00,25100.00,165788.00
"661eca2b7dde68a080657171585329cb478110fefef3493bb8197f0124954b6b","2024",Income Tax - Resident Individual,0.00,0.00,0.00,0.00,0.00,0.00
d9e88d5d88c318d992858c20beeace709a320d92ad17d7268e754a22a5e19399,"2024",Income Tax - Resident Individual,0.00,0.00,0.00,0.00,0.00,0.00
"13f217d83acd6403db4baa910b3d8c7ac6556805571dad3f28b51abe3cc769c8","2023",Income Tax - Resident Individual,0.00,0.00,0.00,0.00,0.00,0.00
ceea3da1d327d203512d38c9b341d62f12897774c06589667d482d0498dd4075,"2024",Income Tax - Resident Individual,0.00,0.00,0.00,0.00,0.00,0.00
a7e3fe4d7ad496c88491f79232c2c4b3def266410d39af756fdfcd3bcb8d4b73,"2024",Income Tax - Resident Individual,0.00,0.00,0.00,0.00,0.00,0.00
"78e938f544e413407892dda7cba7978ffca8133fc02f59908af7539e3f11225a","2023",Income Tax - Resident Individual,0.00,0.00,0.00,0.00,0.00,0.00
"651cf6dc036dcfa49ba797c529cfc3d5df38029eddd077b5936db8372bf728f5","2023",Income Tax - Resident Individual,0.00,0.00,0.00,0.00,0.00,112.00
"00041ac631cfbf1d1360db3e45e87490cbb6855423999368beec35058259997b","2024",Income Tax - Resident Individual,0.00,0.00,0.00,0.00,0.00,0.00
"000fb9c639ed8d1db69434b368c52e2c385aa0e30e4351656263823ed44cf5ad","2023",Income Tax - Resident Individual,0.00,0.00,0.00,0.00,0.00,152111.00
"3db0bdaa474969efe25e95c0c89c2c3f0edf58b0ad0ad4b1780966306684d486","2023",Income Tax - Company,3719525.00,55029.00,0.00,0.00,0.00,0.00
"30ff0aaa7ad4e9cdd008e49f6d6e722403d76130e9bdfe7d644d372f096a2d2b","2024",Income Tax - Resident Individual,0.00,0.00,0.00,0.00,0.00,52291.00
e2a89d8d51d739a415b299c83c6ed2d48dcfc7d1245196dd14022b957e7cd2c0,"2024",Income Tax - Resident Individual,0.00,0.00,0.00,0.00,0.00,276250.00
ec7a41f5567295fbe85f3944dd84897f4854ccf4f851c83eb12dd6740a65e2ab,"2023",Income Tax - Resident Individual,0.00,0.00,0.00,0.00,0.00,0.00
"1e2300d19f11c3b1e27151e792581121289dd801e2b89dad31050bddd0b021f1","2023",Income Tax - Resident Individual,0.00,0.00,0.00,0.00,0.00,0.00
c0f5461c8986038ce3a28b80f7def8e4158ac552a824f05b55f98d511a42175c,"2024",Income Tax - Resident Individual,41040.00,41040.00,0.00,0.00,0.00,464675.00
"554e7ea2800f9b5b1bace22e43b7629d3642fe1aaea6d6e537fc8a84c8ba9380","2024",Income Tax - Resident Individual,0.00,0.00,0.00,0.00,0.00,0.00
"375d07ed2ea947de176794d6a94f76037df36e4bb004f879e556d70c15c0baf2","2024",Income Tax - Resident Individual,0.00,0.00,0.00,0.00,0.00,0.00
"54e8bb2cb6296c7d544b3fff9cd64a084f0782a2f36eb41b5924e70985de8bb4","2023",Income Tax - Resident Individual,0.00,0.00,0.00,0.00,0.00,104096.00
e50f5b63e424bda3c03779eec68b184fab108d0d7691d1bfa237d78c3872355e,"2023",Income Tax - Resident Individual,0.00,0.00,0.00,0.00,0.00,82487.00
a48a50c0573d41f6228582fe6a17e271fb513ebc0c7569300579dcf698020f6e,"2023",Income Tax - Resident Individual,0.00,0.00,0.00,0.00,0.00,9836.00
"582257fc12501d885d28864f880db0e2293dfb6aa00e93f1a4e9d714dc41613a","2023",Income Tax - Resident Individual,0.00,0.00,0.00,0.00,0.00,0.00
"1b839b03760527d60502bf2af465e995dbbfaadcd2cf08eddc75ee754e9f7496","2023",Income Tax - Resident Individual,0.00,0.00,0.00,0.00,0.00,0.00
"284be91727bd2093db6b9863d2ab260ada7ea106d673cd0cd871ec74ccb46d42","2024",Income Tax - Resident Individual,0.00,0.00,0.00,0.00,0.00,203233.00
"07edcedf22d9e3aa98180267aba4ecc81e69bc9cb7c8eed4c8089c1a786c5af9","2024",Income Tax - Resident Individual,0.00,0.00,0.00,0.00,0.00,518.00
"49a193f31e096e53a939091fe365b12b33f42aa2ba6b3d91f66b79ba95b6f247","2023",Income Tax - Resident Individual,0.00,0.00,0.00,0.00,0.00,0.00
"874f399c6cebeebc5dab2f1b7461a49249466213b43023352f11ca67d8df5534","2024",Income Tax - Resident Individual,0.00,0.00,0.00,0.00,0.00,0.00
"047f160d15ec94a2d4c127c4c36a4266a89d9a547d553df0b980e84a8d5d786b","2023",Income Tax - Resident Individual,0.00,0.00,0.00,0.00,0.00,0.00
cbe39ad775ae5ee6a333183c502182e0f4e9894f01c13270caa01992f45f9a3c,"2023",Income Tax - Resident Individual,0.00,0.00,0.00,0.00,0.00,0.00
"9ba8ade69b99c4438dfbd9a91b20d92c00be8f658c4ea396c1eb21e26960810a","2023",Income Tax - Resident Individual,0.00,0.00,0.00,0.00,0.00,0.00
"0004eb826a74aa4147b42b2e2318e863790b530545a31bbbd17dc1181e9324ab","2023",Income Tax - Resident Individual,0.00,0.00,0.00,0.00,0.00,88912.00
"000fb9c639ed8d1db69434b368c52e2c385aa0e30e4351656263823ed44cf5ad","2024",Income Tax - Resident Individual,0.00,0.00,0.00,0.00,0.00,137821.00
"000b920b3bc4fc965ed1a06f64ef5db521309fbe00796710bc1f843523eb23ba","2023",Income Tax - Resident Individual,0.00,0.00,0.00,0.00,0.00,0.00
ffc56c3333ee29a0585df0aafb92137e55ede16adaa96604fd1c1e4b4ebc5fbd,"2023",Income Tax - Resident Individual,0.00,0.00,0.00,0.00,0.00,0.00
"8b39ee0cc27b8b90c859a29b203e6fd8f1bdd1f9874616ab79077b9a92b45480","2024",Income Tax - Resident Individual,0.00,0.00,0.00,0.00,0.00,131593.00
"746a4f9254f7e8cd1003ab7fc6fa7ae9743394bf758d01b8eee11cf5dc736234","2023",Income Tax - Resident Individual,0.00,0.00,0.00,0.00,0.00,0.00
"6dacbf53f55a2020aaf68e661355a1c23599c94da7d5476c8cf3e44ad6267269","2023",Income Tax - Resident Individual,0.00,0.00,0.00,0.00,0.00,0.00
c7daea91b1d41b7d56d28a8f8942762bfff0da090740d86aa5f8ff224109c12b,"2023",Income Tax - Resident Individual,0.00,0.00,0.00,0.00,0.00,220476.00
d11f34453a36a6ac05aa3209bd47c19b28badfcea6c15f6980684684ff3279f1,"2023",Income Tax - Resident Individual,0.00,0.00,0.00,0.00,0.00,91025.00
c7d752f18788a04e432ef109ba0c0acadbc421fe08187c9e50d0ba88661f4829,"2023",Income Tax - Resident Individual,0.00,0.00,0.00,0.00,0.00,94034.00
"3c871956328237d0b19c2491764dffb118a17b0b225ce64c46eff46565588748","2024",Income Tax - Resident Individual,0.00,0.00,0.00,0.00,0.00,376454.00
"116cbaf84ad3d4266c9365ec640518328e75c6a0a9e6bbf47c4083b95fd21a80","2024",Income Tax - Resident Individual,0.00,0.00,0.00,0.00,0.00,0.00
"067cf8f53be282dbd9e99c323f97fa422f8352de040998e34720c9ec763ecfec","2023",Income Tax - Resident Individual,0.00,0.00,0.00,0.00,0.00,0.00
caaa4d5092e39c1c402a81da2f6419317764ab2e7a20daace245698b4e1d4702,"2024",Income Tax - Resident Individual,0.00,0.00,0.00,0.00,0.00,109356.00
bb1cce770173aaf1719ac604190710342f508ef440fc68c1450b41b3407a10f1,"2024",Income Tax - Resident Individual,0.00,0.00,0.00,0.00,0.00,23103.00
"522bbc0eb4656271419c16d381d071d65c3556f77b272032aedb071d7f988a57","2024",Income Tax - Resident Individual,0.00,0.00,0.00,0.00,0.00,46101.00
ad9ba329d35e3e1facd5552d628511b5bcd3ebc9c3c0641a9bca040a3ce6da3a,"2023",Income Tax - Resident Individual,0.00,0.00,0.00,0.00,0.00,0.00
"91166153662305537565bebc5997525dd33ec6f78ecb8f1ab93790d77362a3e4","2024",Income Tax - Resident Individual,0.00,0.00,0.00,0.00,0.00,0.00
"9ba7db4db61ac7e535167cce0659e4d70790263319fc2ea60b6812a4ff7c9880","2024",Income Tax - Resident Individual,0.00,0.00,0.00,0.00,0.00,0.00
"0e7b4af6acc755b1a012e35844dc44f1f63364984324ab62bf704b85cc20e846","2024",Income Tax - Resident Individual,0.00,0.00,0.00,0.00,0.00,43960.00
cbbf655706869a6502d5fac4280d08768b62387351ef3d52dad4ff7aeb86099a,"2024",Income Tax - Resident Individual,0.00,0.00,0.00,0.00,0.00,99240.00
a1c64c060916fab23eb4870e368c41c9e5062d69a59c092f7be070bd0c7c323a,"2024",Income Tax - Resident Individual,0.00,0.00,0.00,0.00,0.00,109804.00
"0009689cf80bcf28b0cff29d6b9f2fecb77f81312cc25db7b8f4cfcbfb157047","2024",Income Tax - Resident Individual,1168952.00,0.00,0.00,1168952.00,0.00,6293374.00
"0006529e6625a2dbe8112d5e4aa848b2b7290fca656fb786fbc98593d6e6c0b9","2023",Income Tax - Resident Individual,0.00,0.00,0.00,0.00,0.00,186378.00
"0009689cf80bcf28b0cff29d6b9f2fecb77f81312cc25db7b8f4cfcbfb157047","2023",Income Tax - Resident Individual,503224.00,0.00,0.00,503224.00,0.00,7962540.00
"0006529e6625a2dbe8112d5e4aa848b2b7290fca656fb786fbc98593d6e6c0b9","2024",Income Tax - Resident Individual,0.00,0.00,0.00,0.00,0.00,181994.00
"65a613e98532424289176f4c3075c694fe62a162a520aedce2e142c952d85398","2023",Income Tax - Resident Individual,0.00,0.00,0.00,0.00,0.00,1289.00
"550c74e158e19f18d8a3d9df868423c44f475de40e6feb355ec36d77b5901a8a","2023",Income Tax - Resident Individual,0.00,0.00,0.00,0.00,0.00,178874.00
"49d76e8aeafc364bb1d8fa5c1a84d0d89bfbe7fbb8bcdde193d6f6cad1c89066","2023",Income Tax - Resident Individual,0.00,0.00,0.00,0.00,0.00,0.00
c623602a02d72162e8bf9fc287d80e38301457cacc1f32efdb7eefd2e1c8a39e,"2023",Income Tax - Resident Individual,0.00,501876.00,44953.00,0.00,305923.00,0.00
"6500e8930099d2bf4e4b34ebf5f4993b553492dfe1c2bcfeab88565b6e9b8e86","2023",Income Tax - Resident Individual,0.00,0.00,0.00,0.00,0.00,0.00
"3f6aa13d35265b20d0ee1ac94eb70647101749388913a4c2c3fe40412a9b4619","2023",Income Tax - Resident Individual,6076555.00,2729439.15,393935.00,121899.00,1383047.51,340177.00
"3024a4db1809936fc1ece3cd491027bf79b7a6c0ec9577cb7834d3f4a7577929","2024",Income Tax - Resident Individual,0.00,0.00,0.00,0.00,0.00,103174.00
"41130928899e90f8b16a6c531f1e8cf1e59b184631093fbdc7e304b46c863d56","2023",Income Tax - Resident Individual,0.00,0.00,0.00,0.00,0.00,24025.00
f067bcfeadfb79fce0835f7a71901e33787fa8bf9f30dfb0dfa3cd6eb1a53171,"2024",Income Tax - Resident Individual,756420.00,53640.00,0.00,2640.00,375940.00,364.00
db83a2316ca919300f4690e9f4d0ad4cc08c3037d20ebdaa4ff523e2ec581b95,"2024",Income Tax - Resident Individual,0.00,0.00,0.00,0.00,0.00,1073172.00
"418ed9a2dde775f8555f5506253a0892e0abb998ca79020a9a0a4253c944ffb5","2024",Income Tax - Resident Individual,0.00,0.00,0.00,0.00,0.00,298979.00
"306e1c0a24c34f3a121b504b629dfb3a7ace73c1e16d1ff6ba8d9d28b070294d","2023",Income Tax - Resident Individual,3835833.33,0.00,0.00,0.00,3147586.00,115075.00
"1b52fa46f89196ef06efd818fc759dae5ff198938f4887f83e414582042ffb51","2024",Income Tax - Resident Individual,0.00,0.00,0.00,0.00,0.00,0.00
"0ec1176fa6ccdd4f627639d2bdea29e5aa698e999706eca442cd8395ab2f43ef","2023",Income Tax - Resident Individual,0.00,0.00,0.00,0.00,0.00,0.00
"7572a44348e8173337360441103c55a3fd68f61f82b1bbd20e05c8c64307e853","2023",Income Tax - Resident Individual,1.00,1.00,0.00,0.00,0.00,0.00
"0001654779ef3bd79bb35e6fae91be8605d9dc251ae01f7e28e88d1c8a3ca21a","2023",Income Tax - Resident Individual,0.00,0.00,0.00,0.00,0.00,12168.00
"000756a1846c1fa7558a1c3b7b2b40c350b3b122b61b3fd0eb4c484fc20c890a","2024",Income Tax - Resident Individual,0.00,0.00,0.00,0.00,0.00,99522.00
"0001654779ef3bd79bb35e6fae91be8605d9dc251ae01f7e28e88d1c8a3ca21a","2024",Income Tax - Resident Individual,0.00,0.00,0.00,0.00,0.00,0.00
"001853c7ac4b53329c2b064278b948c44fc91d02443d29a5447e76bc1b3778cd","2024",Income Tax - Company,2980764.95,63500.00,0.00,14000.00,270000.00,94129.49
"000756a1846c1fa7558a1c3b7b2b40c350b3b122b61b3fd0eb4c484fc20c890a","2023",Income Tax - Resident Individual,0.00,0.00,0.00,0.00,0.00,86905.00
"3cc5a0fdb8c84cf93858665812f3838a8cfcf6232f049395fd6828f70c98ce89","2024",Income Tax - Resident Individual,0.00,0.00,0.00,0.00,0.00,0.00
"503d6dc5cc934ad28a14063b4eb9520ae2ebd088a4924154f3519d5cf3ed94ae","2023",Income Tax - Resident Individual,0.00,0.00,0.00,0.00,0.00,69595.00
a4bb2ed8db53a579b1f31cc0b21d617506bfe03d3990cec0bd3200a14c16131c,"2023",Income Tax - Resident Individual,250000.00,0.00,0.00,0.00,375000.00,0.00
"72e082f5aa77e8dff5acac5aef8065aec62b4deca629809fef745571bfb34be8","2024",Income Tax - Company,8388479.00,30000.00,13947.00,44000.00,1920000.00,0.00
"1e4b734c1339dceeb40ba58db2964ce4a3b5d18c63870582b59bddc1277a2e86","2023",Income Tax - Resident Individual,0.00,0.00,0.00,0.00,0.00,0.00
d052c92d413789e59e49f50f6df2fa4a2532dc5f4cb72688a9e6dc0d8c60c784,"2024",Income Tax - Resident Individual,0.00,0.00,0.00,0.00,0.00,0.00
"8fbe68daeb9c47ce403a0e4b5a4ea0a491ce790bb55d98c8a7f445449fcc25c0","2023",Income Tax - Resident Individual,0.00,0.00,0.00,0.00,0.00,0.00
"67247cc38bfa552c541acd8711148356f3e04a8b1102f43aee08f43cfbec5101","2024",Income Tax - Resident Individual,0.00,0.00,0.00,0.00,0.00,0.00
b2057dacc94c120f835d1ab7c8ffb45aed3080398482850f41aeeb0939499425,"2023",Income Tax - Resident Individual,0.00,0.00,0.00,0.00,0.00,0.00
"7e3ae246080020eece71027b45e3affeffa172eee789d606e7cc7196c56232ef","2024",Income Tax - Resident Individual,2908840.00,667680.00,80000.00,200000.00,0.00,2255.00
"17012fa29ffe6d73cec4fdfed8a6e490b3b3ca29f11cbbb910e0dc91f9a9bb95","2023",Income Tax - Resident Individual,0.00,0.00,0.00,0.00,0.00,54240.00
d956662c926c84105cbbf7d6bb2fff55c4ae50a2fed63b31ee83b2c85165e656,"2023",Income Tax - Resident Individual,0.00,0.00,0.00,0.00,0.00,404665.00
a8865ba648213ab548b9a2b24e5ce5f1cb0bbc3466b819c2cd6d6e02bfb47990,"2024",Income Tax - Resident Individual,0.00,0.00,0.00,0.00,0.00,7758.00
"001230d905022126e9a6933f9c79871a573b65f5bfceb1d82092dceb915088f3","2023",Income Tax - Resident Individual,0.00,0.00,0.00,0.00,0.00,0.00
"000d57cf288a7c145f359d7260ceeb7fdaf753627fcd6db708b6c21d3f957f61","2023",Income Tax - Resident Individual,32400.00,24520.00,2800.00,0.00,0.00,172964.00
d51ca6fd4361d7749569df355098f1703384654af136884fcc6f80bf78193528,"2023",Income Tax - Company,9465622.00,2046599.00,5801617.00,23103.00,1768594.00,0.00
"32bfd3dc6dbcf9b1cce9467136f1132a39f15b82acac156e362d5633df83162a","2024",Income Tax - Resident Individual,0.00,0.00,0.00,0.00,0.00,131809.00
"8889bb073c526b616f7ee6038b1565a0bb988f94ae957bb3a569631b6c8b415b","2024",Income Tax - Resident Individual,39560.00,33400.00,0.00,0.00,0.00,180366.00
c6baad06579e5c25f17408d69a732830f7ab020c8e05a6a4589d66fff12dd2cf,"2023",Income Tax - Company,7349343.00,784613.00,0.00,23910.00,4278961.00,773847.60
da67597b8beaa8c8be7944771c419932b7d0f72696c507ee96e060bcc42daefe,"2024",Income Tax - Resident Individual,0.00,0.00,0.00,0.00,0.00,48075.00
"2b59b80c1fea861b6e57536a8f935033ea8c5890cf8f37e5470a68c000001335","2024",Income Tax - Resident Individual,0.00,0.00,0.00,0.00,0.00,0.00
"69028ffac4a280cc79aecf06f632b819f768d9fe3c30c481e4d579274007eee1","2023",Income Tax - Resident Individual,0.00,0.00,0.00,0.00,0.00,0.00
d775f4751cbada6a98edce5796125712cc6bd0cd881e352f3de7224d009447ce,"2023",Income Tax - Resident Individual,2000.00,0.00,0.00,0.00,0.00,0.00
"052732be6cc9b573d68a4dda02b3e6ab4df443a21d1bc167d75a0bcc93020972","2024",Income Tax - Resident Individual,0.00,0.00,0.00,0.00,0.00,0.00
"55a9e55b8e3f47ae12436b7e6ddbf8964b189d1a49ce3be6ea54c030745735c9","2023",Income Tax - Resident Individual,0.00,0.00,0.00,0.00,0.00,0.00
"51be1fe394ca3b04ebec8ab280d622235eb33a3fb2a4181089e893cddb9e21a4","2023",Income Tax - Resident Individual,0.00,0.00,0.00,0.00,0.00,0.00
efb0f36b58a0731bef5ed6693b47ced518ffe404dbbfa613bfdcd443d1260d91,"2024",Income Tax - Resident Individual,0.00,0.00,0.00,0.00,0.00,0.00
"6fbecbc68a8cd81d857cf3544a9a8a5de2738b103cd9991b1e24f62565172f01","2024",Income Tax - Resident Individual,0.00,0.00,0.00,0.00,0.00,881619.00
"000cea0a60dcac5a8e45f75578a3e58137f95530f8306748b81f67bea2fa631a","2023",Income Tax - Resident Individual,0.00,0.00,0.00,0.00,0.00,0.00
"00188b3d3c88c9461d92bf2006d48197bc652f51291b4b35192fe4fa90602e64","2024",Income Tax - Resident Individual,0.00,0.00,0.00,0.00,0.00,0.00
"000d57cf288a7c145f359d7260ceeb7fdaf753627fcd6db708b6c21d3f957f61","2024",Income Tax - Resident Individual,0.00,0.00,0.00,0.00,0.00,159104.00
"0016b0adfedf2aee60e4b5dbd4962efb4d9940dc5b11a2ccee777870b279efa0","2023",Income Tax - Resident Individual,0.00,0.00,0.00,0.00,0.00,0.00
"000b062a4decd6183403f141d57742cbd9eab4e3e8aeb0cc9dce8663817a96ae","2023",Income Tax - Resident Individual,30000.00,5000.00,0.00,0.00,0.00,1284153.00
"00023b830f05a663f4d9caeeba4e50b6eb04a4c26b342a0dde8294a76687ada3","2024",Income Tax - Resident Individual,0.00,0.00,0.00,0.00,0.00,0.00
"001a53fd6b0973514a9d0a441a576f645ad5467ab34832adf9446ca913166b3e","2024",Income Tax - Resident Individual,0.00,0.00,0.00,0.00,0.00,490794.00
"001a53fd6b0973514a9d0a441a576f645ad5467ab34832adf9446ca913166b3e","2023",Income Tax - Resident Individual,15001.00,0.00,0.00,0.00,0.00,412216.00
"6597e135e6f162443e7b0681d552d1a21025edd8cb70609810a933c3276540ef","2024",Income Tax - Resident Individual,0.00,0.00,0.00,0.00,0.00,130208.00
c83cf7aab7f5b3ac0311840e0cf9f85816ba00fd632976cee588da587afcb64f,"2023",Income Tax - Company,9208916.00,606500.00,0.00,18509.00,2455520.00,10870.71
"1840fa60762c69320f4962cf60f1d2d802e935df84b693b0aa655877e9c0b403","2023",Income Tax - Resident Individual,0.00,0.00,0.00,0.00,0.00,0.00
e3a8873c94e2f49e8ff9076350561fdf805330a4f7168bf08d9af789671c3b88,"2023",Income Tax - Resident Individual,0.00,0.00,0.00,0.00,0.00,0.00
"77f8646df3ee0d545ade7ac6b86ce6ac477faad853bde8587027de0f5a00d609","2024",Income Tax - Resident Individual,0.00,0.00,0.00,0.00,0.00,8791.00
"31ba26c694df86db69e55dcc11d1869b2d38822be005cf0eaaba65a7fefc1216","2024",Income Tax - Resident Individual,4018940.00,128442.00,425060.00,5794.00,92585.00,130630.00
e94c0016d47c43ff23a59c813487a56774fa3045edf8c5aed5846b2d9b39ce8b,"2024",Income Tax - Company,6387934.00,1011950.00,427823.60,18670.00,535700.00,16294.20
de74c82c8f7a0ac71e0c3b0116349491b65fdaf42b0577907160920d9eeb7725,"2024",Income Tax - Resident Individual,0.00,0.00,0.00,0.00,0.00,0.00
f3883815114fef580545ba96f59f2c4b1f36723d9f34dcdacaca3eb3eb74b731,"2023",Income Tax - Resident Individual,35420.00,29517.00,0.00,0.00,0.00,190919.00
abb90dab0fb515df854b0a20b5799f0aa8d49412d2b1d5cabdacace5875fbe6e,"2023",Income Tax - Non-Resident Individual,12766299.00,714223.00,357556.00,0.00,8052653.00,1033692.90
"66cfa7d2bb2a358654f155795780dd10329d7b6530e5cd5bc28bd2868b5d913a","2024",Income Tax - Resident Individual,0.00,0.00,0.00,0.00,0.00,258305.00
"4220637c01aecfd6ae5342ca2ac492bd30f95d49c60f0b7775622818d0cdbf46","2024",Income Tax - Resident Individual,0.00,0.00,0.00,0.00,0.00,0.00
"35e3098496404af0d517f48959f7ff631a48c4bf6c0e6177d3d298192e62ccb9","2024",Income Tax - Resident Individual,0.00,0.00,0.00,0.00,0.00,0.00
"0008bcce48dd9aaeb999a7d3e900d66bb524940c43747a04be0bae3ad5fb37b3","2023",Income Tax - Resident Individual,0.00,0.00,0.00,0.00,0.00,0.00
"0005afa446b86597e07ddbd9ea14a1e761962c0ccbe90e63eae54ec07dda123d","2024",Income Tax - Resident Individual,0.00,0.00,0.00,0.00,0.00,198919.00
"0008bcce48dd9aaeb999a7d3e900d66bb524940c43747a04be0bae3ad5fb37b3","2024",Income Tax - Resident Individual,0.00,0.00,0.00,0.00,0.00,0.00
"00102751f09ac9f2c687046f52cbe7724275f99576cac0b5258ca3cc17b677dd","2024",Income Tax - Resident Individual,0.00,0.00,0.00,0.00,0.00,0.00
"00134c563ab819eaace892938ab69ce940661ba3dd85461893aa3ad8ea18061c","2024",Income Tax - Resident Individual,0.00,0.00,0.00,0.00,0.00,0.00
"00102751f09ac9f2c687046f52cbe7724275f99576cac0b5258ca3cc17b677dd","2023",Income Tax - Resident Individual,0.00,0.00,0.00,0.00,0.00,0.00
"000778f20d435ad541ad91678b2062fbc130e15107cd2360258eccd5e1dc8368","2023",Income Tax - Resident Individual,0.00,0.00,0.00,0.00,0.00,0.00
"0019b8d76e15cfe15f4f3bdec1e6f2d55eae6acdc7177251db0f2be08fae7acd","2023",Income Tax - Resident Individual,0.00,0.00,0.00,0.00,0.00,0.00
fcbf5d69c9f19ed05878499dfb7686548fd4ea0cc4f18f30e65af081ad2d4532,"2024",Income Tax - Resident Individual,0.00,0.00,0.00,0.00,0.00,87088.00
"16e7c2ac657c2bf4475f745b0c6aa597d30c1c907139802ba0390abd45abe829","2024",Income Tax - Resident Individual,146940.00,122452.45,0.00,0.00,0.00,0.00
ce642b6baadbac65884d1f214cb339fbc9b1c8dda7cf515c3d55223f016ceb81,"2023",Income Tax - Resident Individual,0.00,0.00,0.00,0.00,0.00,10385.00
"708d03bcd6b00173503b625c3207737f9d40d6307522e4453e08b73fefd37f9d","2023",Income Tax - Resident Individual,138700.00,66760.00,0.00,0.00,0.00,0.00
f39a90428d1e5c45ed3b5696ce68554458d08dd9da7055a91840b756e9f5023e,"2023",Income Tax - Resident Individual,0.00,0.00,0.00,0.00,0.00,0.00
"1e6482f178f4fa7683e6286414a1ee0664fcec1d114158e46b5923fc0dc423f6","2024",Income Tax - Resident Individual,0.00,0.00,0.00,0.00,0.00,931297.00
"00f83f43df66a3d4ecbbb6ed8490586d1e10280abaeee5634a2870c1658ecd3a","2023",Income Tax - Resident Individual,0.00,0.00,0.00,0.00,0.00,0.00
"71110da7f72ecd31b1707196c88a83db8d2300cf0859a6424ada4b91f88e5fc1","2024",Income Tax - Resident Individual,1.00,0.00,0.00,0.00,0.00,112787.00
fa7d46b01c9155f35818ea35cfe73172aa79cb3a5bf596b5b66dc17fc4551159,"2023",Income Tax - Resident Individual,0.00,0.00,0.00,0.00,0.00,0.00
"09cb777c8848f922781ac02c2ab389f02625e60a1ca99a5d84b277aca8b6bf6c","2023",Income Tax - Resident Individual,0.00,0.00,0.00,0.00,0.00,56501.00
"0e6d095a764cc2e14d105e64af7ba22cb8c718099b67732f1fc2eb533074b275","2023",Income Tax - Resident Individual,39700.00,24083.00,0.00,0.00,0.00,157570.00
"284aeb1ce644e943bf56bb1202d46889abc18561d00d7eb831ea0aa76598107e","2024",Income Tax - Company,0.00,75000.00,0.00,4915.03,34220.00,0.00
"00062ed528ad132f59b71d9c389a90f01dd7322e0f9e81e8c8bf954cb9c98680","2023",Income Tax - Resident Individual,0.00,0.00,0.00,0.00,0.00,12011219.00
"000cb5a4e8bacd107d43b4ac71114d665ec9a706fa8b820f73a308eb9140afc6","2023",Income Tax - Resident Individual,0.00,0.00,0.00,0.00,0.00,0.00
"0017e26a75ca03c9dc0395b74565ea381ea48cfe4dd84c999785688e100d68a1","2023",Income Tax - Resident Individual,0.00,0.00,0.00,0.00,0.00,0.00
"001540490718ddc170707e4703ca67759f5bbbf6c73e6f36389ee6f2d0b916dc","2023",Income Tax - Resident Individual,0.00,0.00,0.00,0.00,0.00,0.00
"000514222b227f00bc36b23609cb26acb0bc136bf2a5c7312c7380638e2dd4d3","2024",Income Tax - Resident Individual,0.00,0.00,0.00,0.00,0.00,225743.00
"0001d8f8b031f7f47b60d5819a6dfe98ff8817922990f68aacb93439aa66430c","2024",Income Tax - Resident Individual,0.00,0.00,0.00,0.00,0.00,236462.00
"000c539bc6546ea8d80c951877d7b0910dd718e3eeaf59b59f5af1fedc308241","2024",Income Tax - Resident Individual,0.00,0.00,0.00,0.00,0.00,0.00
"001540490718ddc170707e4703ca67759f5bbbf6c73e6f36389ee6f2d0b916dc","2024",Income Tax - Resident Individual,0.00,0.00,0.00,0.00,0.00,0.00
"0010288e2eb29a361cad65c4dcc7c3b4f906009d2963264be89bdb9d90dfef26","2023",Income Tax - Resident Individual,0.00,0.00,0.00,0.00,0.00,26002.00
"5f421d7a1ef4aabcfd7637024f9c7f2be16fbb43ae1f2d59c1e907dc89f5976f","2023",Income Tax - Resident Individual,0.00,0.00,0.00,0.00,0.00,242364.00
c68b1f6f9220bbf85acd33d19161546eb10c653f963d46ace517f99ccf68b443,"2023",Income Tax - Resident Individual,40400.00,33667.34,0.00,0.00,0.00,288094.00
"781504d2d882eb54d7a735d6a29232c8f790352cf7e6ad5a14444b0a88783cc2","2023",Income Tax - Resident Individual,0.00,0.00,0.00,0.00,0.00,0.00
"70689b8e275ef22859ae866649ab2a6d7efcbc1ffecab4f7438360958b824fa4","2024",Income Tax - Resident Individual,68520.00,57101.00,0.00,0.00,0.00,455901.00
"4cde4feb4371fa4d1e49e9cb743f1a9ade3175b815ad3faf7f9064c83431299d","2023",Income Tax - Resident Individual,0.00,0.00,0.00,0.00,0.00,36200.00
"94731822498927f2c5d8d5b7aa859f64470315ea10cdcf5e2c29a33f5092c692","2023",Income Tax - Resident Individual,0.00,0.00,0.00,0.00,0.00,0.00
b63cdfb8437bb05a2941ef21f9739663630face926a625d78cd69f62efe7fe5e,"2024",Income Tax - Company,20000.00,19995.00,0.00,0.00,0.00,1.50
c78824b00de643ef3792a9c1f05e2c7c1302f02a1f9057e9a6b5e9c9a16cf598,"2023",Income Tax - Resident Individual,0.00,0.00,0.00,0.00,0.00,1075163.00
"31e8d6847d21376ff963c248986c8e8a53108d7a5021a04d8796c19fd8e2500f","2024",Income Tax - Resident Individual,0.00,0.00,0.00,0.00,0.00,65076.00
"581e2c9e25e43686c390fd1b4e23a5af6848e95db650782b6be1277ddcebd86a","2024",Income Tax - Resident Individual,0.00,0.00,0.00,0.00,0.00,182510.00
f0484889f5666954f723ca2977d9cb2d542eafd51a91254f0540cea58d453a67,"2024",Income Tax - Company,1.00,0.00,0.00,0.00,0.00,0.00
b870dd373039d19e9817a29bb9c229022d9ef63161eaaf505138f73fe2ab2eb3,"2024",Income Tax - Resident Individual,0.00,0.00,0.00,0.00,0.00,0.00
"8ce1d11a270717289ac79a14f708caf415bf58fd43efb31bba7638b25eb1e9aa","2023",Income Tax - Company,97080543.00,0.00,124207.65,184165.00,8357473.00,0.00
"287be48456cd5f295d9ab8e7753c96f5628874b54b18b3a5ea1877a3ae7158d0","2023",Income Tax - Resident Individual,0.00,0.00,0.00,0.00,0.00,297328.00
e2f8ec260e353a408bbe5c100e8bcbd605e7801a4af20a82cb4305430dacae9c,"2023",Income Tax - Resident Individual,0.00,0.00,0.00,0.00,0.00,0.00
"947abf083edf6cef9e97fcc6c7b22e2632c40fe5150fd08fedfc5038e4a0fcf1","2024",Income Tax - Resident Individual,0.00,0.00,0.00,0.00,0.00,468.00
"0008deed5c6c3b66fe80a487bfad958ffd06e107b0a4fd2b3ab7222405d95c09","2023",Income Tax - Company,4678900.00,3247985.00,0.00,0.00,0.00,0.00
"000fbcd2f429e860e9940e3c341776d6437ef870cf36cac62790a6df1b7b1e4f","2024",Income Tax - Resident Individual,0.00,0.00,0.00,0.00,0.00,283639.00
"0019c54de3e375845fc777893ac0622bf503c1a365090110e903c93f4c624179","2023",Income Tax - Resident Individual,1.10,0.00,0.00,0.00,0.00,295195.00
"00076d336b8a225a43a51a829166aa3c202f13b41d2cfd579e223c76961a2b3f","2023",Income Tax - Resident Individual,0.00,0.00,0.00,0.00,0.00,0.00
"001a150e71e903db96b9a9b05cf1713e33a96378fe70042c0342b18938539b14","2024",Income Tax - Resident Individual,0.00,0.00,0.00,0.00,0.00,0.00
"00076d336b8a225a43a51a829166aa3c202f13b41d2cfd579e223c76961a2b3f","2024",Income Tax - Resident Individual,0.00,0.00,0.00,0.00,0.00,0.00
"0019c54de3e375845fc777893ac0622bf503c1a365090110e903c93f4c624179","2024",Income Tax - Resident Individual,1.10,0.00,0.00,0.00,0.00,247433.00
"001c9130c5fd1bf00cbfad1340b1c4b11485f2ba5b92a2a12c117205e35fe27f","2023",Income Tax - Resident Individual,0.00,0.00,0.00,0.00,0.00,0.00
"0005e6ecca0e3f2fd0e4365c5fedc165fd6dc6e69194121509fd8eb94dbd5a5d","2024",Income Tax - Company,0.00,10000.00,0.00,0.00,579665.00,0.00
"000fbcd2f429e860e9940e3c341776d6437ef870cf36cac62790a6df1b7b1e4f","2023",Income Tax - Resident Individual,0.00,0.00,0.00,0.00,0.00,268775.00
"001c9130c5fd1bf00cbfad1340b1c4b11485f2ba5b92a2a12c117205e35fe27f","2024",Income Tax - Resident Individual,0.00,0.00,0.00,0.00,0.00,0.00
"001a150e71e903db96b9a9b05cf1713e33a96378fe70042c0342b18938539b14","2023",Income Tax - Resident Individual,0.00,0.00,0.00,0.00,0.00,0.00
fe4fcf0b0d9d8915642d4d4b036eb2913cef173f9c2ef0cd1aa8021a1b6fa2c1,"2024",Income Tax - Resident Individual,0.00,0.00,0.00,0.00,0.00,98362.00
"6345bbde1b3deba50f371d95aafd8d911e06378153d61d34bf030a9002e36821","2023",Income Tax - Resident Individual,0.00,0.00,0.00,0.00,0.00,0.00
"64d2b90037144fff97849515e73b7452c7af0092ee390b0f7d8ddaf28ea75bdc","2023",Income Tax - Resident Individual,0.00,0.00,0.00,0.00,0.00,0.00
b15bd2c411845869ae96aec2cd34b10ce8e988d08aefc69a6f7d46df38140d4d,"2023",Income Tax - Resident Individual,0.00,0.00,0.00,0.00,0.00,26136.00
cc1386c7084c2fc79c3761eb02cb2a1817d8cb2417a6cd43e385b33db1bc7777,"2024",Income Tax - Resident Individual,0.00,0.00,0.00,0.00,0.00,0.00
"83e7ce0ef24b7093d8ec0a86da967b40964f6566b965fdc22747bbe87ec9f29e","2023",Income Tax - Resident Individual,0.00,0.00,0.00,0.00,0.00,11859.00
"84d76c176065db16db38f1177f78e18e0782997d99779c371aaf4e6545e3721d","2024",Income Tax - Resident Individual,0.00,0.00,0.00,0.00,0.00,254006.00
fe2cf4ef15f183ff4b4dc5ae0e9f608daf40ae60f50b40acd25dec8c2b596019,"2023",Income Tax - Resident Individual,0.00,0.00,0.00,0.00,0.00,703549.00
"851f166aca8c47ff838c03f009eb54e89b55ff09fc14e049cef1f3d0ff8c483f","2024",Income Tax - Resident Individual,0.00,0.00,0.00,0.00,0.00,6286.00
"533dc54963a4e72a1608b55fe3493698ce3bc5a7552cf2fd5bdc5e2465315e21","2024",Income Tax - Resident Individual,0.00,0.00,0.00,0.00,0.00,39547.00
"4c396acc84942a9a195862ceac2114b7c5188644debd08c1a40ff87a6a4a5284","2024",Income Tax - Resident Individual,0.00,0.00,0.00,0.00,0.00,0.00
"15be19388e42e8652af3bc306fb830643313307d5f491549810e99aa911443ad","2024",Income Tax - Resident Individual,0.00,0.00,0.00,0.00,0.00,594102.00
dfde42b7cc95eb0f2c2ab6f3af7f6fdee887805afba852e38c12cd5bc732f630,"2023",Income Tax - Resident Individual,6250.00,0.00,0.00,0.00,0.00,63887.00
ea611d321b2e2d76b487fb116af42f069f9076dffa1a90afe3c065b93e9592c9,"2023",Income Tax - Resident Individual,0.00,0.00,0.00,0.00,0.00,65836.00
"62639427129b3ea69e93a2cd3c41e62d41da88ea7f07683a13b2bceb1c475320","2024",Income Tax - Resident Individual,0.00,0.00,0.00,0.00,0.00,0.00
"07a2e5ed67dbffbb1cbaf978369b0ea2f228c2ad2a933d557ded6baa09c2b96c","2023",Income Tax - Resident Individual,0.00,0.00,0.00,0.00,0.00,14524.00
b45f5d77a124bb03845d54184771cdcc9cc7eee5bae6f6217efafcfed9de8e0a,"2024",Income Tax - Company,53662389.00,7991988.00,8602511.00,1190891.00,31832639.00,240928.59
"2046d0152b5eefbf4a9dc652f802c71e8f01eb908ea0aaa3b599119135c01ec7","2023",Income Tax - Resident Individual,0.00,0.00,0.00,0.00,0.00,523381.00
ea003dcde8190f68837c036a837a35e10e7b8aa054b6eed91649d7f6a9d6c438,"2023",Income Tax - Resident Individual,0.00,0.00,0.00,0.00,0.00,2209452.00
"00100e05dfd6b8dd44094e06bad6a24f02eb87fb2e4141af8b8fce693737da78","2023",Income Tax - Resident Individual,0.00,0.00,0.00,0.00,0.00,198094.00
"0005fa866294386b45e204da5763503824872890aecb67f19884aca3b1a11628","2023",Income Tax - Resident Individual,0.00,0.00,0.00,0.00,0.00,0.00
"000f5bd41b6a823b4f4367182c8a02998a1a9ddee2e96d1e3feb86443d59678e","2023",Income Tax - Resident Individual,0.00,0.00,0.00,0.00,0.00,0.00
"0012b220cb983197091c7616dfca07ab6acaae1dee69cb034f5d7c916bc64d32","2023",Income Tax - Resident Individual,65540.00,0.00,0.00,0.00,0.00,0.00
"0008ceae479c164a61c34f5ebcaa05f9cb7ea5b10e24906d1c544e50ae1523eb","2024",Income Tax - Resident Individual,0.00,0.00,0.00,0.00,0.00,0.00
"00100e05dfd6b8dd44094e06bad6a24f02eb87fb2e4141af8b8fce693737da78","2024",Income Tax - Resident Individual,0.00,0.00,0.00,0.00,0.00,175558.00
"0008ceae479c164a61c34f5ebcaa05f9cb7ea5b10e24906d1c544e50ae1523eb","2023",Income Tax - Resident Individual,0.00,0.00,0.00,0.00,0.00,0.00
"0009c5d63d040789c75a26094ff46c779083a650ea92d02a6f64f891c475aa38","2023",Income Tax - Resident Individual,0.00,0.00,0.00,0.00,0.00,0.00
"000712057f7744a66fe480c28bf9ce0bca0fc890543fd86977de672e6fbd591a","2024",Income Tax - Resident Individual,0.00,0.00,0.00,0.00,0.00,65752.00
"99b37c01fca1162ad5af4040f2418a3ccafacf90597483571eff1e3cdf16e3d6","2023",Income Tax - Resident Individual,0.00,0.00,0.00,0.00,0.00,0.00
"845b3b14f70155613a6569383225268ed84c90328c9ff4ecc5f0ad2f98a51195","2024",Income Tax - Resident Individual,408000.00,0.00,0.00,0.00,130700.50,0.00
e6afe54ca538629e6322d7506c74cc4f2dbb866628bb347c0c628f91e5b6baa9,"2023",Income Tax - Resident Individual,0.00,0.00,0.00,0.00,0.00,156654.00
ef939d92848e7e76ae3825825e31c8182958aef89bb9621df1f01630f67e0910,"2024",Income Tax - Company,9674686.00,1716575.00,4556.00,222434.00,19907240.00,0.00
fdc02affbfac3a5302db266a99d052669fa7dcba5f1ab77c0a8ffbd67ed8f914,"2024",Income Tax - Resident Individual,3531000.00,1368105.00,0.00,61375.00,0.00,1724930.00
ea69f4b2a6b0f2677d0ed52c4773961d1b1b44b693607c346c9a194bb05e3559,"2024",Income Tax - Resident Individual,0.00,0.00,0.00,0.00,0.00,4253.00
"08a3d4c5e9177c123ab705ddb7bf590ab3cb7d3bb5828ce4dbe18ebb15f93036","2024",Income Tax - Resident Individual,276000.00,0.00,0.00,47300.00,0.00,0.00
c1127f4664630e3cf0e11b506bf8b486fe046192e3489aed9a461100ac6ea015,"2023",Income Tax - Resident Individual,0.00,0.00,0.00,0.00,0.00,0.00
"7bdde06ceb1bda2f7c0f9dcba2dba6e9a1e33d968398c5cb9fb26ccfd58052ea","2024",Income Tax - Resident Individual,13140.00,0.00,0.00,0.00,0.00,1.00
"119997c4c82734e116fa849b40d49c88d18f0f69536abf9d6b426fe0d5e22f52","2023",Income Tax - Resident Individual,0.00,0.00,0.00,0.00,0.00,0.00
a2b402b811c2bb48023f854de5ca78dbeadb00d78a4c49670140c1ee69744d12,"2024",Income Tax - Resident Individual,0.00,0.00,0.00,0.00,0.00,94789.00
"9d06a4ce68df8bc136a23926dafd0d497592252ab6d1a05e57656ef0c1a6c3ff","2023",Income Tax - Resident Individual,0.00,0.00,0.00,0.00,0.00,111985.00
a747003beabcc46a1270dbcfd8e598a4440c579e7fd6f44522e97b10cfcfe4b4,"2023",Income Tax - Company,3806077394.00,38560637.00,42480175.00,153801769.00,33553572.00,0.00
"98554aef43665fc32cd65881fc5f32ebe76e8a372c7b7af849b5b44f7c594a62","2024",Income Tax - Company,80000.00,35100.00,0.00,0.00,10000.00,1470.00
"000712057f7744a66fe480c28bf9ce0bca0fc890543fd86977de672e6fbd591a","2023",Income Tax - Resident Individual,0.00,0.00,0.00,0.00,0.00,0.00
"001016825f5289213fcce410e50021a863a66fe18a2ca407b27fae7ff9df0ec5","2023",Income Tax - Resident Individual,0.00,0.00,0.00,0.00,0.00,0.00
"00071463894e84233a7e6b88795e3231beda95f046f6794c09dd3172d6e77b3f","2023",Income Tax - Resident Individual,0.00,0.00,0.00,0.00,0.00,0.00
"00039007180a3c80b8b5ba5f7ecbbb41113035c07de678989f35c06b4493b35a","2023",Income Tax - Resident Individual,0.00,0.00,0.00,0.00,0.00,63478.00
"000b8e0966f102f6edd73cb5c8930560e3b9d7f194c3f79a42fa680bee28a617","2024",Income Tax - Resident Individual,7500.00,7783.00,0.00,0.00,0.00,436383.00
"001c4e6ab9bb4b98ac627745b8780caa61173a23267123d9e28b9a7538bfed13","2023",Income Tax - Resident Individual,0.00,0.00,0.00,0.00,0.00,0.00
"0006444dc2e661d145dc422c9d74e0100010620828d90776032c358007ce87bb","2024",Income Tax - Resident Individual,0.00,0.00,0.00,0.00,0.00,195503.00
"00059c33a7139f0ed6879f25a1832db8a9659bfe763e3a3e1ec1c1f150aa21ce","2023",Income Tax - Resident Individual,0.00,0.00,0.00,0.00,0.00,0.00
"000960bd59a6bdfeb35e2e03849539f4bf8b59228ae40cdca1e945214df091a2","2024",Income Tax - Resident Individual,0.00,0.00,0.00,0.00,0.00,145533.00
f0c11d57517e0cc510fc18a25324ef75935f48acb204acf691a4e56b9ad2e2ee,"2024",Income Tax - Resident Individual,0.00,0.00,0.00,0.00,0.00,366316.00
fafe10796066f5a6abf34322b661eff69ac31b42f972dc0c5edcc1e7d7322dd8,"2023",Income Tax - Resident Individual,0.00,0.00,0.00,0.00,0.00,16715.00
"76b89a95309e9b908e0c61d0d08dd41932e6f60e0e5a0a5b3dc61bd0c296997b","2024",Income Tax - Resident Individual,0.00,0.00,0.00,0.00,0.00,0.00
aba84f397c943aaf4527470187ff1495602575ac012da5223d8078cf25211482,"2024",Income Tax - Resident Individual,0.00,0.00,0.00,0.00,0.00,1423778.00
"9eb7f73b6bb4aad1d24e10cc1555fce2559fd5843b5d6d6d1a03536baf4c2d5e","2024",Income Tax - Resident Individual,0.00,0.00,0.00,0.00,0.00,184460.00
"6068a71159efdb7b090bcbfe6d3ba7dd7765b90991d89a505c39add8cfd8ca87","2023",Income Tax - Resident Individual,0.00,0.00,0.00,0.00,0.00,75847.00
f3576e466283d8f7b57abbc2c675de0652a2f1352f3268618e3e445c5935c312,"2024",Income Tax - Resident Individual,0.00,0.00,0.00,0.00,0.00,92509.00
"3a31901e6d0181f1752c448cf4695569889d1b74ce136077e799baf2f5949c00","2023",Income Tax - Resident Individual,0.00,0.00,0.00,0.00,0.00,1383932.00
"294204b2345da8f19d3af0d94ac43164e7a74aa8ad2d3498ed75620ed3b139b7","2023",Income Tax - Resident Individual,0.00,0.00,0.00,0.00,0.00,0.00
"0ce3bef9df7b6b25c37532308798776fe0746c13e58f91a888cfd7f05f595c75","2023",Income Tax - Resident Individual,0.00,0.00,0.00,0.00,0.00,0.00
"3ed7e93023266ab603d6a8df2fc199f478584c7eb2285c5ad854440fc67290a8","2023",Income Tax - Resident Individual,0.00,0.00,0.00,0.00,0.00,7571.00
ecca33225711b83743f7520d8034ef1809eb3780bc6d17396a9e1bcbd26effb1,"2024",Income Tax - Resident Individual,0.00,0.00,0.00,0.00,0.00,659406.00
"000960bd59a6bdfeb35e2e03849539f4bf8b59228ae40cdca1e945214df091a2","2023",Income Tax - Resident Individual,0.00,0.00,0.00,0.00,0.00,621916.00
"000b6abdd2cdb6ce65a827558dfd8ecf1955528c7f7bd2c1058355a5cdeb94c8","2023",Income Tax - Company,115900.00,61870.00,0.00,2218.00,0.00,1203.60
"00132ac60d0cbe6acd93700861c269b32e9b679facd552b17c5aa05a180977cb","2024",Income Tax - Resident Individual,0.00,0.00,0.00,0.00,0.00,75795.00
"0002400a3b1900b87429c427799229078e0b418e08a77b20fed5c250b888b475","2023",Income Tax - Resident Individual,0.00,0.00,0.00,0.00,0.00,0.00
"001116724c938e6d917f91dbe46cc6b52a783d55a417e350c026e624401d851b","2023",Income Tax - Resident Individual,0.00,0.00,0.00,0.00,0.00,0.00
"000b6abdd2cdb6ce65a827558dfd8ecf1955528c7f7bd2c1058355a5cdeb94c8","2024",Income Tax - Company,1.00,0.00,0.00,0.00,0.00,0.30
"00132ac60d0cbe6acd93700861c269b32e9b679facd552b17c5aa05a180977cb","2023",Income Tax - Resident Individual,0.00,0.00,0.00,0.00,0.00,54497.00
"000b26303cae8b18935d769ad44c905a7fce0add6a30726056460aea56488b12","2023",Income Tax - Resident Individual,0.00,0.00,0.00,0.00,0.00,0.00
"0018cc4c09f89fe6fd105101a44e8dcf8585df3a04f506b39682a93eed143bd2","2024",Income Tax - Resident Individual,0.00,0.00,0.00,0.00,0.00,0.00
e370af02224d981031ea14fdac4a2ca1a4209cc7496a0bb26970f6466089cb9d,"2023",Income Tax - Resident Individual,0.00,0.00,0.00,0.00,0.00,32429.00
d9e8b4b50cb6ffcb058666233ce5ea8bd1c5df403b86aa35cc0dd4d792c8cdb6,"2023",Income Tax - Resident Individual,0.00,0.00,0.00,0.00,0.00,0.00
"4aff24e521add6f4ab60721a17fc81d7e15f74c1eee40dd102c2955328af489c","2023",Income Tax - Resident Individual,0.00,0.00,0.00,0.00,0.00,33972.00
fc4fed7ad5a4855c66288d7575d8a1da3f7aacb8acab84e7fdec99e36a73b1d6,"2023",Income Tax - Company,12308854.00,79600.00,282000.00,0.00,1103000.00,253599.60
caba3c4f787289e7b031663a8ac7c87d7f787aa1fe49a9af4ce0ac013618521c,"2023",Income Tax - Resident Individual,0.00,0.00,0.00,0.00,0.00,197766.00
"921a771728f4f93d1d7b44e2d12c261aeb22c7bd2aed8735ab22878d81021124","2023",Income Tax - Resident Individual,0.00,0.00,0.00,0.00,0.00,259724.00
b1ad0cab2ca6fe0b4d8130d639fffa26ea04a8fdcd3c89a48b3726e1b4fcf1ed,"2023",Income Tax - Resident Individual,0.00,0.00,0.00,0.00,0.00,105999.00
"4d2a5768287a3b42fe42afe640ea50ffd19039082851f18951ae8b615a7d29bd","2023",Income Tax - Resident Individual,0.00,0.00,0.00,0.00,0.00,17688.00
fec26611c46ba00208aa55560efb895d327c157489d9d146d00da2c2de3fde26,"2023",Income Tax - Resident Individual,0.00,0.00,0.00,0.00,0.00,0.00
"7dbb791cf6e8a593376dc239d1736f015e2afcc0883827fe7df677121753d2fe","2023",Income Tax - Resident Individual,32620.00,27163.87,0.00,0.00,0.00,103841.00
ce1ea35e1624bea239de4fb7264e265a07c13ad9da0c25dab3428206457ae06b,"2024",Income Tax - Resident Individual,0.00,0.00,0.00,0.00,0.00,-2400.00
"42f16309d1eab7899c68de495190fad83daca0f5ba8b0386ca4594f8be2c85ed","2024",Income Tax - Company,2617604.00,40000.00,19760.00,26520.00,1361581.00,0.00
b52b76612c7ce97947d5af4fac5af6fe20fa4c8b4d2d97b3396549c3b430634e,"2024",Income Tax - Resident Individual,0.00,0.00,0.00,0.00,0.00,73471.00
"93a747b9256bedc9d4f2f40db692d9de44c5321b5f2f30151252357ea6db58fd","2023",Income Tax - Company,0.00,72813.28,0.00,0.00,0.00,0.00
"01d9804d01670fa901428a4fe2755f5f0cae362499a08fcb71085766342950b9","2023",Income Tax - Resident Individual,0.00,0.00,0.00,0.00,0.00,0.00
"11cb77c324e98166994e88f6289fb64bec384699ea64e6118bbcc7eec2d731a6","2024",Income Tax - Resident Individual,25424724.00,0.00,0.00,0.00,25954702.00,0.00
"1076d54502c2affca3c3c9765763a065aab556a26fbfc537243eb93eda6259b8","2023",Income Tax - Resident Individual,0.00,0.00,0.00,0.00,0.00,0.00
b9802f5ba63da507be5bda28ed6819dc4e125d6c0201ff5c69deb517d4f34cf2,"2024",Income Tax - Resident Individual,0.00,0.00,0.00,0.00,0.00,14717.00
"00120d159146c6ad0ae33375a68596de6aab49cfd8fbd4bde9947605c0a543b4","2023",Income Tax - Resident Individual,0.00,0.00,0.00,0.00,0.00,32820.00
"00119769e61c636a6a3e8137f9eafcaa8bc2a7d5ca0f930df6c59466c9d940bc","2023",Income Tax - Resident Individual,0.00,0.00,0.00,0.00,0.00,39260.00
"000a7955d3747f8db7da4cecc65376462b6269964588c58618c27bd1a1da0e23","2023",Income Tax - Resident Individual,0.00,0.00,0.00,0.00,0.00,94034.00
"00036c0eb867fb6d4d3a5cc540cd1897906daa5de24add500ecc3ccfbcc37739","2023",Income Tax - Resident Individual,0.00,0.00,0.00,0.00,0.00,0.00
"000217caea1435b5def2ea0c5998c52206693ec89b0f61609d2e065618f779a5","2023",Income Tax - Resident Individual,0.00,0.00,0.00,0.00,0.00,65942.00
"00119769e61c636a6a3e8137f9eafcaa8bc2a7d5ca0f930df6c59466c9d940bc","2024",Income Tax - Resident Individual,0.00,0.00,0.00,0.00,0.00,46295.00
"00142b71796524dbd4760bdc1b71ac86a1e9dc49892a3ff8341add8e9597d948","2023",Income Tax - Resident Individual,18760.00,0.00,0.00,0.00,0.00,1072749.00
"00142b71796524dbd4760bdc1b71ac86a1e9dc49892a3ff8341add8e9597d948","2024",Income Tax - Resident Individual,5033.00,0.00,0.00,0.00,0.00,1079838.00
"000a7955d3747f8db7da4cecc65376462b6269964588c58618c27bd1a1da0e23","2024",Income Tax - Resident Individual,0.00,0.00,0.00,0.00,0.00,46295.00
"001309d2849ccbf13577402895b1eb2da71fa35f63f3cdc6eba4b3a7a30fe4ad","2023",Income Tax - Resident Individual,0.00,0.00,0.00,0.00,0.00,0.00
"0012989e9d1d0c912ddcbb305d90f64f97bef2982dd1bb92a9c1a3869e7ab6ad","2023",Income Tax - Resident Individual,0.00,0.00,0.00,0.00,0.00,0.00
"000f256cdca503f0ea084f53bf667aa61ae974b45244058f56d52f91c6b88885","2023",Income Tax - Resident Individual,0.00,0.00,0.00,0.00,0.00,0.00
"5f336a1201a4d97139bf8881478e1700bcbc57fbd69da21c3b2100331bdbcac8","2024",Income Tax - Resident Individual,0.00,0.00,0.00,0.00,0.00,0.00
c977c5bed654897cd4d87660ae165292a9407f4959783cd579ea374461d22066,"2024",Income Tax - Company,17618540.00,60000.00,3686026.00,34029.00,2992257.00,0.00
"71831b1fb2c99f9c1e00f104eeeadb9251f4119b691366ee0d1c85f3b8415ef8","2024",Income Tax - Resident Individual,0.00,0.00,0.00,0.00,0.00,120432.00
e08a84ffe48cec3dd8f89c2dd44dbc670d5d9c42a00592b5fa3425fd17f3c1c4,"2023",Income Tax - Resident Individual,0.00,0.00,0.00,0.00,0.00,0.00
"133c81fa3692f476b13bd64d3777f2ccd285351014db339ac0ee1f30a4d85703","2024",Income Tax - Resident Individual,1272.00,0.00,0.00,0.00,0.00,310690.00
"03d722094b991108721e0ac01fde5bee22ce39dbbe7c70fafb9fa474dd820db9","2024",Income Tax - Resident Individual,0.00,0.00,0.00,0.00,0.00,5994.00
bdabaf924c2fdbd6989e7d2b944ebeb7a2860de1f8d6aea43921ce129fdc043f,"2023",Income Tax - Resident Individual,0.00,0.00,0.00,0.00,0.00,0.00
"3f4f996ec56ac6add8783cdf1fa4b5ba0716e0f1ea71ff85779c8f2ca53126c2","2024",Income Tax - Resident Individual,0.00,0.00,0.00,0.00,0.00,15826.00
"6776b61eed142f1d5cef72fc28b7d057ebb59d787d99099824f15cdf9c715b93","2024",Income Tax - Resident Individual,250000.00,200000.00,0.00,0.00,0.00,779484.00
"6bace45a1042d1e161a9ea045262a3da577470b306060a4152e52287bea041c3","2023",Income Tax - Resident Individual,0.00,0.00,0.00,0.00,0.00,0.00
cad686f243e8c0acd10130638df948cbb49d3002491ed51f4e413a9c7afd320a,"2023",Income Tax - Resident Individual,0.00,0.00,0.00,0.00,0.00,195157.00
"0013790aef9d2dd3c41ae246324375cac94c2cbdb1249351f001cdaab6f3c5ea","2023",Income Tax - Resident Individual,0.00,0.00,0.00,0.00,0.00,0.00
"001b8f4de4f32de19915a61fe78dd246ee86e5e8d963d8b72e187d0f795803b2","2024",Income Tax - Resident Individual,0.00,0.00,0.00,0.00,0.00,189274.00
"0013c7bd1f59335c34bdc1ce928e6195b8fafb1096796cce443640450ee3d9e8","2023",Income Tax - Resident Individual,0.00,0.00,0.00,0.00,0.00,0.00
"445c13f90a97e9b09a9c6ea2d47856f5116d770bae4bd7aafceaf3a819482276","2023",Income Tax - Resident Individual,0.00,0.00,0.00,0.00,0.00,0.00
"1e927eabf30cc82fee2aa31054223b70b2119259d3e4b1855f02d9c636369bb0","2024",Income Tax - Resident Individual,0.00,0.00,0.00,0.00,0.00,335697.00
"3bd478eb969b81ac34b7933d72eee469e3644112d896fab7b1def1223643bf7c","2023",Income Tax - Resident Individual,0.00,0.00,0.00,0.00,0.00,125189.00
"3b8a3cd2fefbbc3a953afebcfe7e5c2763a3f22900ddd088566dc6b965f44372","2024",Income Tax - Resident Individual,0.00,0.00,0.00,0.00,0.00,264712.00
"347535d6e03cf722d8d64b7a33b38aefe0da2a69f9ae6b3753715b2ef0ac286c","2023",Income Tax - Company,8375215.00,80420.00,688230.00,337583.00,790063.00,80663.96
baa21bbf393f59e0ba8c2f8ed6a214304fa26d61ed9e3c71d146e3d00a7865ee,"2023",Income Tax - Company,17346576.00,28140.00,6250.00,3915.00,1063722.00,29821.20
eec09a19e126e696f05f40b6d707a63f1565aa8827c091494cbae5ae72cf0438,"2023",Income Tax - Resident Individual,0.00,0.00,0.00,0.00,0.00,0.00
"4da2b804de5e757c9e92dec994eb280203ae846ef06ea6f9ffc562d57418dfaa","2024",Income Tax - Resident Individual,0.00,0.00,0.00,0.00,0.00,0.00
"44861fabfca5502dff033d4e6ce8c710e14f0c6d441b1fb65d170f35633a5f39","2023",Income Tax - Resident Individual,0.00,0.00,0.00,0.00,0.00,0.00
"04c49e023ed7683b6fa7b73f76a1af5aa9ff4ff673c99f2576f79d69e7a4eae0","2023",Income Tax - Resident Individual,0.00,0.00,0.00,0.00,0.00,0.00
"2c57bdc0b58fd7add60b2a78be904b93a6460f7421caf6adcd420702d1983e2a","2024",Income Tax - Resident Individual,39900.00,33250.67,0.00,0.00,0.00,175459.00
a1e7af762753dc0dfe0606650172c29dc5b07d5b630bb9b9516601b60fbe88ca,"2024",Income Tax - Company,519973.28,0.00,0.00,0.00,0.00,0.00
be8e73dc5ab0593dadac68e8240bb38e790139325309ac6aecaa675393c8fd12,"2023",Income Tax - Resident Individual,0.00,0.00,0.00,0.00,0.00,0.00
"82b9f3e8817a0760f73f2ad1b9b062df0e03b42bdb192ddbda15b5a354f88c76","2024",Income Tax - Resident Individual,0.00,0.00,0.00,0.00,0.00,553857.00
"001b8f4de4f32de19915a61fe78dd246ee86e5e8d963d8b72e187d0f795803b2","2023",Income Tax - Resident Individual,0.00,0.00,0.00,0.00,0.00,184660.00
"001b419d43e159535f937be18991c4cc1419cbb342468ccfe5701127dcea69a9","2024",Income Tax - Resident Individual,0.00,0.00,0.00,0.00,0.00,68703.00
"000116d1c5880b384685158e820bbefef2c36bec065b19699e5fdf3a4aaeea7d","2023",Income Tax - Resident Individual,0.00,0.00,0.00,0.00,0.00,0.00
"000cce820b1207016d69ae4c89de1a0c86eece95fb51ba55974f4adf54e7f6b6","2023",Income Tax - Resident Individual,0.00,0.00,0.00,0.00,0.00,0.00
"0013c7bd1f59335c34bdc1ce928e6195b8fafb1096796cce443640450ee3d9e8","2024",Income Tax - Resident Individual,0.00,0.00,0.00,0.00,0.00,1973.00
"000cce820b1207016d69ae4c89de1a0c86eece95fb51ba55974f4adf54e7f6b6","2024",Income Tax - Resident Individual,0.00,0.00,0.00,0.00,0.00,0.00
"001349df571aa98bff1ad46ea87bc972972445233dcf4fd0b1177932ae81499a","2023",Income Tax - Resident Individual,0.00,0.00,0.00,0.00,0.00,0.00
b5a8ef601cc48e6a136961a54c952fd910db974b42298fe6543911219a48c379,"2024",Income Tax - Resident Individual,0.00,0.00,0.00,0.00,0.00,0.00
"3f190e5833804abe4981e52ea8939183a3e341bf4eca41756e335957703c3451","2023",Income Tax - Resident Individual,340000.00,112993.00,0.00,0.00,0.00,14009.00
"47def00c320b8da669cfe1d94f2b79aca4607bc5b96cc89c98d54a8831582428","2023",Income Tax - Resident Individual,0.00,0.00,0.00,0.00,0.00,52938.00
"5d9ff34eacf663770f3eb69ca10f2cb3d8a6feff6719b4f2a5392f01fef2663e","2023",Income Tax - Resident Individual,0.00,0.00,0.00,0.00,0.00,324511.00
"44688d5a113d6b7bf9debc72a79e59fafb6c71d70b11b939450a60e78d0b643e","2023",Income Tax - Resident Individual,0.00,0.00,0.00,0.00,0.00,77505.00
d1afb94c21f2a62c882487541131a6969135f73943ca4a3ac5935e7f482fcb34,"2023",Income Tax - Resident Individual,0.00,0.00,0.00,0.00,0.00,0.00
"6f24676631d3049372d61867ae5e235c64eef85cfad97440a6883b2c1f7b4479","2024",Income Tax - Resident Individual,0.00,0.00,0.00,0.00,0.00,375326.00
dbe349a71b9f54692c54275bd7e2578a4b6f85acffec12597d50811d9e3e0c95,"2023",Income Tax - Resident Individual,0.00,0.00,0.00,0.00,0.00,129329.00
"5a3e0137f898c2131a42b60ac00d39b5e930deaec1f1c0f786f49799c378fc4e","2024",Income Tax - Resident Individual,0.00,0.00,0.00,0.00,0.00,116197.00
"5bf296340dcd02e6397e5092c1cad672395ba2d8676ffb6b31025dc43bfb5e08","2024",Income Tax - Resident Individual,0.00,0.00,0.00,0.00,0.00,489882.00
"77efea3b86b2d60775174d32b6e945b829f8d25ec4965b7bc4905bf9e5ec9c8d","2023",Income Tax - Resident Individual,0.00,0.00,0.00,0.00,0.00,0.00
"11937e3d888cfb2a6473c63b04e80d455e0c6fc14bbf534500aa97bf3a58bd53","2024",Income Tax - Resident Individual,0.00,0.00,0.00,0.00,0.00,0.00
"478bc13bd7d696722f547b9fc4107f98f11dec6dc05cd0d3b48851417fe10249","2024",Income Tax - Resident Individual,0.00,0.00,0.00,0.00,0.00,1408277.00
cd3d55b271935ae7c26e6da48a9567e6ff173cfb9c47e3be59bf06180f3cde90,"2023",Income Tax - Resident Individual,0.00,0.00,0.00,0.00,0.00,0.00
"0001d64e277cc15f53caa4180a4831083bc6ffafdc514bc80f49bdc8570e7af8","2023",Income Tax - Resident Individual,0.00,0.00,0.00,0.00,0.00,0.00
"001ba2ebd7cec9f0702b1978908e89ab1007a80278c8b4fb7f07e8c8909579d8","2024",Income Tax - Resident Individual,0.00,0.00,0.00,0.00,0.00,69721.00
"0019f2d63d354c6a3ac8a47cad8da71a5586229b50373c7da27f002f370fa29d","2023",Income Tax - Resident Individual,0.00,0.00,0.00,0.00,0.00,0.00
"0007e0edca664d018a70d03add7019529155a6756a2802f7fbf00365fa92b98c","2024",Income Tax - Resident Individual,0.00,0.00,0.00,0.00,0.00,1026.00
"9b7aa49ee0853cf9f21d34bce44b515b0491581e77d199d56ac1aba82da63cf0","2024",Income Tax - Resident Individual,0.00,0.00,0.00,0.00,0.00,80788.00
"4be0f0318852397cba512c6d1eace6cc815ae51e9f3884e0d26bc0297864831f","2024",Income Tax - Resident Individual,0.00,0.00,0.00,0.00,0.00,0.00
"6b302a383e3a44a0cd9103d6204d8881190e25e42d21967e171283885dfa18dc","2024",Income Tax - Resident Individual,0.00,0.00,0.00,0.00,0.00,183840.00
"9acb76113c6204b883f56fc71efb240a0d92349bed626cbd025719768f52a00e","2024",Income Tax - Resident Individual,0.00,0.00,0.00,0.00,0.00,482738.00
"31e5090bdd562d6fe2de4847e81166f7beeb769d2ce3e72ce90cbe9533eca7cf","2023",Income Tax - Resident Individual,0.00,0.00,0.00,0.00,0.00,0.00
f42ac2add8164048159143d5f4ba55e94dbf86c8f804e2cdaa1684752061ad0a,"2023",Income Tax - Resident Individual,0.00,0.00,0.00,0.00,0.00,114062.00
"6df9770c271205c8f4c78c9cf02c4f91dd8f08bc46a70f297684c6f71c197289","2023",Income Tax - Resident Individual,235534022.00,672778.00,101749.00,185372.00,1725231.00,275278.00
"7b99d92e4179c06fde650167fd7fba781b2aa43649df7e0781a91c43a15738cd","2023",Income Tax - Resident Individual,0.00,0.00,0.00,0.00,0.00,1609572.00
"54cfd7d37ba373250861150226edaef458b6e35bb42777581d50a186cb7e300d","2024",Income Tax - Resident Individual,0.00,0.00,0.00,0.00,0.00,138235.00
"432bb2bada3fff09b51a231c02e4e346cc6eb47071ab5c525d00fdb6f3dddc32","2023",Income Tax - Resident Individual,0.00,0.00,0.00,0.00,0.00,0.00
b84ac34f59471ba1be107773de5108fd660ca1cc7f1b2d073a53ee0a780d92d0,"2024",Income Tax - Resident Individual,0.00,0.00,0.00,0.00,0.00,3744.00
"1c8af4ac60fbaeed320addcdcfca65c249ad62dcd685d4034005303dfc1c0324","2024",Income Tax - Resident Individual,0.00,0.00,0.00,0.00,0.00,0.00
dd6b19d968f4570a473879aea09bbde7b934809cb64ea26189a626daab20de7e,"2023",Income Tax - Resident Individual,0.00,0.00,0.00,0.00,0.00,0.00
"4e5689c3353ad889648020bcefd2bda9f3357ef366dd2d7d3cf44583ed5ed458","2023",Income Tax - Resident Individual,0.00,0.00,0.00,0.00,0.00,0.00
"000619ec6ed2c820a4b880a94299ec7fa120937e6c2143d3d77df34daa6502f1","2023",Income Tax - Resident Individual,0.00,0.00,0.00,0.00,0.00,341212.00
"000c761a96734301977a0594ef55b0fd77412d32b0f4f89474f50285bdad3985","2023",Income Tax - Resident Individual,0.00,0.00,0.00,0.00,0.00,121251.00
"000619ec6ed2c820a4b880a94299ec7fa120937e6c2143d3d77df34daa6502f1","2024",Income Tax - Resident Individual,0.00,0.00,0.00,0.00,0.00,363123.00
"0018832737b95a3f16da8db6ce2e502ecf2e0494dd15414fd80f694acbd0aae9","2024",Income Tax - Resident Individual,0.00,0.00,0.00,0.00,0.00,0.00
"0019e54aed13d499d75fdc8772b206888c622ffa7ace96017d67d1fe739a4da4","2024",Income Tax - Resident Individual,0.00,0.00,0.00,0.00,0.00,78531.00
"56989fd3f6a3365e26baa9342d157675b57ffcbc3dc711366982909deee06876","2023",Income Tax - Resident Individual,0.00,0.00,0.00,0.00,0.00,0.00
"60eb9223f4e764667f92ee53d2b2a7b39e84b7129e3e9d32922f5230e5e1b8b9","2024",Income Tax - Resident Individual,0.00,0.00,0.00,0.00,0.00,941527.00
"361920a16887483619a12ebf3c5696cc45d2c1595981a95f605ca03db6b56188","2024",Income Tax - Resident Individual,0.00,0.00,0.00,0.00,0.00,0.00
d83fae598cf6f86f15b7a010ca2484765cacb644297bfea9825d5862c3806547,"2023",Income Tax - Resident Individual,0.00,0.00,0.00,0.00,0.00,243511.00
"5290ad7ab57f6aa7ab7dbe12e580db6c0ec08d28935f2d27b738a2742632d582","2023",Income Tax - Resident Individual,0.00,0.00,0.00,0.00,0.00,11235.00
"1cae28bbeca3809b74a0412dd2d947dc8b3dc19c4bfb4f1e6c3d4200f41d5d04","2023",Income Tax - Resident Individual,0.00,0.00,0.00,0.00,0.00,0.00
d3b5f8c4d7dd98234565e1fe870cfaf020fbe5a0efbeb4a457279e5198cf5e14,"2024",Income Tax - Resident Individual,0.00,0.00,0.00,0.00,0.00,49305.00
"8a3a12b57956ed00929380eb3c2359227a7fc66efe7d82f74147a13b8cb71a7b","2023",Income Tax - Resident Individual,0.00,0.00,0.00,0.00,0.00,1495661.00
"13748bb89a56283cc2dbff1141a4832fe3715bebfaa861920958785f66b9374b","2023",Income Tax - Resident Individual,0.00,0.00,0.00,0.00,0.00,0.00
"78452f8c4ad4c6032b4ebdb2f942b0b2a0245e006379f0215f3119e87f138c3c","2023",Income Tax - Resident Individual,0.00,0.00,0.00,0.00,0.00,0.00
e568c450a2dc0ba6cc280c8d854f91cf640a89b8b7eb921302d9e233e538cfee,"2023",Income Tax - Resident Individual,0.00,0.00,0.00,0.00,0.00,0.00
"07ee27a915fd5a058203a72a81d544aa4a9a0814d77bc33bf055571499338653","2024",Income Tax - Resident Individual,0.00,0.00,0.00,0.00,0.00,150453.00
"0de2a389f736f326f7b89698828ebabe5af1dd8f1ccc9bc01ebd24b964e15dab","2024",Income Tax - Resident Individual,0.00,0.00,0.00,0.00,0.00,0.00
"7a83807971cba2acfaba8c079f3c0690a2f9a6dcec73e867dfc465f3b1db39fa","2023",Income Tax - Resident Individual,0.00,0.00,0.00,0.00,0.00,3072384.00
bb6ca1f5a1f2aff4a2fd6cee7e7ab8c0c590d282c578d92ef98b55aa5ff0b434,"2023",Income Tax - Resident Individual,0.00,0.00,0.00,0.00,0.00,0.00
"29b036656a5ae78f9d02b28ea5e413c5c67bf7dcaaeefc0f539efd89298bfa1c","2024",Income Tax - Resident Individual,0.00,0.00,0.00,0.00,0.00,391692.00
"15e003c7820b685c117b9593a7c9f7528544011b5f988b18e97c7c7ae7325741","2024",Income Tax - Resident Individual,0.00,0.00,0.00,0.00,0.00,0.00
"16234c609b90f7f4005f23765fddfa0f02c049fd719b259c6e32c0619908ba80","2023",Income Tax - Resident Individual,0.00,0.00,0.00,0.00,0.00,235959.00
"0019e54aed13d499d75fdc8772b206888c622ffa7ace96017d67d1fe739a4da4","2023",Income Tax - Resident Individual,0.00,0.00,0.00,0.00,0.00,106664.00
"000e3d8708ab9722421c9803bdda711b63e7d93ca86d6d23149e7c357d4a386f","2024",Income Tax - Company,6600053.00,909217.00,0.00,22356.00,869500.00,5648.70
"001a5eeec7da61d5686ec37c1ed384b2cabe010746428c67db7d90a33894155d","2024",Income Tax - Resident Individual,0.00,0.00,0.00,0.00,0.00,0.00
f64a85266b5be5041c167f2c2ecd2bf4c5283679e06e762f89f6f23cdec32513,"2024",Income Tax - Resident Individual,0.00,0.00,0.00,0.00,0.00,68147.00
c8342ed928256030133b65288bf93db561fa9a0c2d2a21ff57047d3a1ca1e788,"2024",Income Tax - Resident Individual,0.00,0.00,0.00,0.00,0.00,127565.00
cfbd66a6687b044476398144965e62e291f07b3231ee14a92c25ed0b4aeebebe,"2023",Income Tax - Resident Individual,0.00,0.00,0.00,0.00,0.00,0.00
"249f5c8471cea97af1bdb2ddc21cc3e93f08bceb9995501f126236a970b841d2","2023",Income Tax - Company,1717520.50,202465.00,0.00,1800.00,0.00,59026.65
"43412cd94eef101cd89387f4d1c0514a83c5028f11ad14932fd48e10852d3d2c","2023",Income Tax - Resident Individual,0.00,0.00,0.00,0.00,0.00,297101.00
"833ace82f7b4713160daa01a5a66f934c24900b4f5b4dd91d45610efac9bd3ee","2023",Income Tax - Resident Individual,0.00,0.00,0.00,0.00,0.00,38405.00
"94e204f3186a747a72c5b240cd163f7c93e7857b0d2744ce0b0eb51b0b59c8ce","2024",Income Tax - Resident Individual,470000.00,218000.00,0.00,0.00,0.00,222797.00
"78ab9b70da92162d7f78cc270d519476f5971c186ba6903053ab5996784d16f7","2023",Income Tax - Resident Individual,0.00,0.00,0.00,0.00,0.00,0.00
b4a8d6083a37fd65620ec5a71f29a9f058d4255394b29e656d06047713e75190,"2023",Income Tax - Resident Individual,0.00,0.00,0.00,0.00,0.00,23486.00
"315b08cb6f2ea4fce50a208e8b401120c086e031f1522d15a83f973412889fc1","2023",Income Tax - Resident Individual,0.00,0.00,0.00,0.00,0.00,0.00
"7a0f1759368c50c4b03157905e8cd3439715571ebac5dfe04bf0e63e211eb78d","2024",Income Tax - Resident Individual,0.00,0.00,0.00,0.00,0.00,0.00
"064656f3ef271f9d679c34877d4a9d5725c020a40f64aa4f8790ea5dfce23b0a","2024",Income Tax - Resident Individual,0.00,0.00,0.00,0.00,0.00,91476.00
"9ecff9646e94f19c8dc7b96c0dc28c43b0391e76b9abc0d8d87128fda750d76f","2023",Income Tax - Resident Individual,0.00,0.00,0.00,0.00,0.00,58758.00
"01535aa046423eaaa6e8ce5b000dd8e26ad764c4bf19cacd1571b5245c93ca9c","2024",Income Tax - Resident Individual,0.00,0.00,0.00,0.00,1000.00,114925.00
"8456cbbad4d7998edde93e6305bd45ef986d8e54dcc40c902944805067aec487","2023",Income Tax - Resident Individual,0.00,0.00,0.00,0.00,0.00,0.00
"8b9fa5924d028875d8f420b21929bdf05e258984f14bcf5082b51e35b765c35c","2024",Income Tax - Resident Individual,0.00,0.00,0.00,0.00,0.00,0.00
e80c8f4af5b665a9b43b2348562dec285743e059659f517b92b493dde163c9fd,"2023",Income Tax - Resident Individual,0.00,0.00,0.00,0.00,0.00,0.00
"00073190a26d550e310e086c64a00e82b5027cc8648c4a09f5a1c097291d33fc","2024",Income Tax - Partnership,2920450.00,1164121.00,532699.00,16929.00,198119.00,0.00
"000a03c6b9739446595bcb2f6125c2c5efd9a265d6f98750c19d36149af89096","2024",Income Tax - Resident Individual,0.00,0.00,0.00,0.00,0.00,0.00
"0004f4e7605b7f67ebb35bcd87b0aa2994464160e24f865ee64a9c4f41a205a6","2024",Income Tax - Resident Individual,0.00,0.00,0.00,0.00,0.00,0.00
"000a03c6b9739446595bcb2f6125c2c5efd9a265d6f98750c19d36149af89096","2023",Income Tax - Resident Individual,0.00,0.00,0.00,0.00,0.00,0.00
"0014548e855040e395fc79012a1b55a547baf2dfd5734e816111ea07b8d3b6f1","2024",Income Tax - Resident Individual,0.00,0.00,0.00,0.00,0.00,32410.00
"427b9922b2e29e50b1f1c67059c04467a90064c9a94cd86721358f78945c774f","2023",Income Tax - Resident Individual,0.00,0.00,0.00,0.00,0.00,0.00
"52b37961376e425944c0aca1fd180467af4384af4808a3fd4622c5eee73f19ff","2024",Income Tax - Resident Individual,0.00,0.00,0.00,0.00,0.00,0.00
"846610fd71140686389e13fce4f85b1789e89da6b1f54ddc6af1c52ab9a3eacf","2023",Income Tax - Resident Individual,0.00,0.00,0.00,0.00,0.00,113361.00
"5eac3bab0b779485ae6d63811fdcb73d1bcb42739524d18f6ebff2a09e9e35a3","2023",Income Tax - Resident Individual,0.00,0.00,0.00,0.00,0.00,0.00
c0ec444c8ef02f360d6ff66d737ad99dcb780ce5c54ea300b474ca7cf7c9e38a,"2024",Income Tax - Resident Individual,0.00,0.00,0.00,0.00,0.00,31348.00
d90c60731ac0719414b5730b2aeca4d81de9ebe74842e33ac6fd79079694d673,"2023",Income Tax - Resident Individual,0.00,0.00,0.00,0.00,0.00,194900.00
"9dfe1d0c76acd16054ac86f6a34b54ceee7ddb097dd0bef50b7e169e29418527","2024",Income Tax - Resident Individual,0.00,0.00,0.00,0.00,0.00,48321.00
"728a004124608a06e1d0b1a309a553d3a05e73a02ca6ba2063b9f821d4ab8f67","2023",Income Tax - Resident Individual,0.00,0.00,0.00,0.00,0.00,177424.00
e5fb08a0be1b1fd6bf8fb7927c57ddd12337e51f763799db4a6f603971fe63a0,"2024",Income Tax - Resident Individual,48120.00,43000.00,0.00,0.00,0.00,234256.00
e830b8f3d1ac9617ca32f042030f1c8f2b40cbdecf16314eeeff5d2643bdee5d,"2023",Income Tax - Resident Individual,2636220.00,88610.00,952105.00,12317.00,870520.00,32843.00
"7faf243247ee39730fd4cbc61bcfc96cf47ecf2fa7b4c8a0f759d8e41be6d87e","2024",Income Tax - Resident Individual,0.00,0.00,0.00,0.00,0.00,0.00
ec9f3ab1aee3bb4318bca701dd43cd903412de1874a13288dd07666a63065fea,"2024",Income Tax - Company,3744278.00,0.00,0.00,0.00,334123.00,0.00
"30009feb0adc9c4738c8d1ceaee2a9f75e9c3a5999c1a1d112211c400be33f53","2024",Income Tax - Resident Individual,0.00,0.00,0.00,0.00,0.00,13987.00
ec204d2360b0cf8527934d605254581be98ce1cb45a9f0aa6d1768a10f5f8dae,"2023",Income Tax - Resident Individual,0.00,0.00,0.00,0.00,0.00,486472.00
"5dfa870f7b0956ab15b94af1eee56e4087f14e1051cb0a11e2c00ee21431cdba","2024",Income Tax - Resident Individual,0.00,0.00,0.00,0.00,0.00,88517.00
"4e8a1f34c4d6f6a33920074b8bdbdfd9b3ec706edc50cda6a9ed8464605c6f0c","2023",Income Tax - Resident Individual,0.00,0.00,0.00,0.00,0.00,185661.00
dc939646416226681c48dd780047bf473100467f22da68272b27681c77710c0c,"2023",Income Tax - Resident Individual,0.00,0.00,0.00,0.00,0.00,0.00
"1c8f48f324f340b4609fbc7bf4f3e955b11be0342a68083d92ee694ad938eb43","2023",Income Tax - Resident Individual,4687.00,0.00,0.00,0.00,0.00,469.00
b20ce139257f807e125cbe5f67564f70591b1e3ae578dd1a92c6a653af6bff90,"2024",Income Tax - Resident Individual,0.00,0.00,0.00,0.00,0.00,810358.00
"0014f6ffb3b51a5b68003cc52852ffef330e663121949c65f97cc0d1289377c5","2024",Income Tax - Resident Individual,0.00,0.00,0.00,0.00,0.00,0.00
"000dd28c06969b9ca60dfd9a28ca04da8e078eaa769c52886233084f57ae21db","2023",Income Tax - Resident Individual,0.00,0.00,0.00,0.00,0.00,390503.00
"001770c4d78e353e82850630a9e546fe601490a2f39b32cd2a9165090642d0c9","2023",Income Tax - Resident Individual,0.00,0.00,0.00,0.00,0.00,28700.00
"0014f6ffb3b51a5b68003cc52852ffef330e663121949c65f97cc0d1289377c5","2023",Income Tax - Resident Individual,0.00,0.00,0.00,0.00,0.00,0.00
"0010cac0ad7e60856e4f0ef12ef836c9e0e5452eda75cf4b6377b9d255ad9e2b","2023",Income Tax - Resident Individual,0.00,0.00,0.00,0.00,0.00,0.00
"000bcd4f7c9312d0ea5aa4601eb6fe99c3a1577cc42a9e67d387d1cfaca4918f","2023",Income Tax - Resident Individual,0.00,0.00,0.00,0.00,0.00,0.00
"000ed2c28db8f1e3841fa03fe5637817060376ddf495be11e411b612c3dab9a6","2023",Income Tax - Resident Individual,0.00,0.00,0.00,0.00,0.00,0.00
"000236172a1b426760d59450c5ece79be820f4ba1ba53e482db9df8ed83420c1","2024",Income Tax - Resident Individual,0.00,0.00,0.00,0.00,0.00,0.00
"000dd28c06969b9ca60dfd9a28ca04da8e078eaa769c52886233084f57ae21db","2024",Income Tax - Resident Individual,0.00,0.00,0.00,0.00,0.00,422149.00
"0014548e855040e395fc79012a1b55a547baf2dfd5734e816111ea07b8d3b6f1","2023",Income Tax - Resident Individual,0.00,0.00,0.00,0.00,0.00,25716.00
"2914d63acce36c8077b0d8fdf6b809b01679b20605b8a31301d2499e414d78d5","2023",Income Tax - Resident Individual,0.00,0.00,0.00,0.00,0.00,0.00
"38e183954ce9a28d1ead6c9a583449d2ba50ad8985097675b4e3a62f59d3793e","2024",Income Tax - Resident Individual,0.00,0.00,0.00,0.00,0.00,45892.00
"6a76603b34e05585d8d0ab8c06adfc0d4fbd7c73357c14bd4ade2800aa40bcca","2023",Income Tax - Resident Individual,10.00,0.00,0.00,0.00,0.00,1.00
"4be282d967d8af6db720a81462bce5b93c755186d8b1e2e13fe75bb5ed2a155e","2023",Income Tax - Resident Individual,0.00,0.00,0.00,0.00,0.00,185862.00
"3a154cf636f6938a52a2fd30f52756b34d5530db2769ca2c70e63f48576b10ce","2024",Income Tax - Resident Individual,0.00,0.00,0.00,0.00,0.00,0.00
b2620f6640c603f2d08eb2b8064f0f61004f6c6b55c2ae2a7da3cecfe3c87f4e,"2023",Income Tax - Resident Individual,0.00,0.00,0.00,0.00,0.00,136067.00
"149b899b7624e6b257c6c7c792c42dcea64ebb8e27fc9f9327e43fca510c528e","2023",Income Tax - Resident Individual,0.00,0.00,0.00,0.00,0.00,13140.00
"155293b28e4816e8df2d55cc8a8d3d41e905ad0ecd8a642b866cb75a74838c0f","2023",Income Tax - Resident Individual,0.00,0.00,0.00,0.00,0.00,63380.00
f6037925bb679ac5f686bbec1a9dcf41fa1c8a3d75c1eab1bba4bfbfc62cc875,"2023",Income Tax - Resident Individual,0.00,0.00,0.00,0.00,0.00,67122.00
"4b3f13f3063d97ce3d601bbafb53af7ebc4507fa4fd329fa2863788082ed30b0","2023",Income Tax - Resident Individual,0.00,0.00,0.00,0.00,0.00,0.00
"9684bb5a0e3e2771fe94df34403f9ac0172017ce5e9c661dcd0e032a6b9cfc30","2023",Income Tax - Company,2027830.00,0.00,0.00,0.00,1912461.00,10370.10
f75b3509d70d6f59fc62172458cdfd10c381f765783a2fe279191c5a6d465520,"2023",Income Tax - Resident Individual,0.00,0.00,0.00,0.00,0.00,123933.00
"4660e43dc2974903ff10a4eecdd972651c13dc262d9bd986c02b591d6e1dfca0","2024",Income Tax - Resident Individual,0.00,0.00,0.00,0.00,0.00,494295.00
"0001bab4598af6e2b0cfa9f32f207ee0a9d0b663bb79964cf6fd2c31bf2c0450","2023",Income Tax - Resident Individual,0.00,0.00,0.00,0.00,0.00,63378.00
"000b75394763dd9a0d8fde37acda8f800694412e3a165201f297201fe9dbc339","2023",Income Tax - Resident Individual,0.00,0.00,0.00,0.00,0.00,938210.00
"00056714edb42ae740e2d7ab10caf702d6440d66a0ef55b5ee942998b7587e1e","2023",Income Tax - Resident Individual,0.00,0.00,0.00,0.00,0.00,0.00
"0003da9c568e3c72fb24a4d6b7c10d32636fa7a05e931627808bf8b05932e4ac","2024",Income Tax - Resident Individual,0.00,0.00,0.00,0.00,0.00,103839.00
"000c512b5c7ddcaeaf4cd74b90cdebc6c71ccbaede6644535209d83e1f7fde50","2024",Income Tax - Resident Individual,0.00,0.00,0.00,0.00,0.00,346522.00
"0004964e9a201c57efa29912cffb31ac3dd08be8bdf9a79ba9fca319e6b9627c","2024",Income Tax - Resident Individual,0.00,0.00,0.00,0.00,0.00,0.00
"0001bab4598af6e2b0cfa9f32f207ee0a9d0b663bb79964cf6fd2c31bf2c0450","2024",Income Tax - Resident Individual,0.00,0.00,0.00,0.00,0.00,88627.00
"00085fa85235b85e48ff3523edfb03e0e79276344b4a964f6a97286fa91ec993","2024",Income Tax - Resident Individual,0.00,0.00,0.00,0.00,0.00,26500.00
"00085fa85235b85e48ff3523edfb03e0e79276344b4a964f6a97286fa91ec993","2023",Income Tax - Resident Individual,0.00,0.00,0.00,0.00,0.00,53971.00
"000482affe1959e4ae12e1e93293f9cd1b8edfaff4779b7b76d1a50caad20cdb","2023",Income Tax - Resident Individual,0.00,0.00,0.00,0.00,0.00,0.00
"1c39ce2bd44aac9172f364492321033053613a3fbbd0a26e79c4b453c3e29b92","2024",Income Tax - Resident Individual,0.00,0.00,0.00,0.00,0.00,0.00
"3f7979d0c1841f9503f112a914ae3130af9e60d8c32e95ab2bb8adb38ca526f6","2024",Income Tax - Resident Individual,2630481.00,501000.00,0.00,0.00,0.00,127745.00
"80a89db373bb659efe575b8b853e03c1f038643acd172f92df952de4e4c092d9","2024",Income Tax - Resident Individual,0.00,0.00,0.00,0.00,0.00,53050.00
d1858da0f5ec19ee2b0a22906765342106a04d102c8c642026de527ed0bfea4c,"2023",Income Tax - Resident Individual,35050.00,29210.00,0.00,0.00,0.00,186235.00
da25c27759a103eed6d2a5ac69df00c0009040856d65ba0f9164c2ed786bdd62,"2023",Income Tax - Resident Individual,0.00,0.00,0.00,0.00,0.00,0.00
"42ac41bd8b3f7adb5105be8a3bb08f32fb0ce558b627985b4f10f4c0b6924d18","2023",Income Tax - Resident Individual,0.00,0.00,0.00,0.00,0.00,175464.00
"9750196ab7f2570ec12a3ac42764755a24d5b414e96d347462ba7f56585852a5","2023",Income Tax - Resident Individual,0.00,0.00,0.00,0.00,0.00,0.00
e75d2b222fd567eea0b0f78c3799a8446ec23a0e482c3be109ec04302dd79a47,"2024",Income Tax - Resident Individual,103270.00,0.00,0.00,0.00,0.00,0.00
"9440af6af1fdafd27368da25ac167c8f5351e73402f615a6400c0ca8c25c4bdf","2023",Income Tax - Resident Individual,0.00,0.00,0.00,0.00,0.00,501444.00
"1c9e46bd93a45c6d672e4bb7d21f542d0e82f23d524d480b9086aec93f754a13","2023",Income Tax - Company,6184483.00,0.00,0.00,103676.00,6067631.00,3952.80
ee5c774277b9e61708d3b03d96a2211ec1be2502b07daaded292ee46f7369752,"2024",Income Tax - Resident Individual,91000.00,45500.00,0.00,0.00,0.00,4550.00
"1004d40a5d8b50e45f6d9d0371b82733f875f1d5d16313607d9ba63565b20973","2024",Income Tax - Resident Individual,0.00,0.00,0.00,0.00,0.00,11938.00
"8f104c9f45aa2bd74548b9049cba8e3ad3b6af6a687bd1621f023e0bf741f39b","2023",Income Tax - Resident Individual,0.00,0.00,0.00,0.00,0.00,105751.00
"0265c553d69b985b500dd740109ff635d107b773c7bc50af244cbc91f62cf964","2023",Income Tax - Resident Individual,0.00,0.00,0.00,0.00,0.00,0.00
"00102e832989d211079e9d3638f74897b67c2353752c43d66898edde5f97dcf7","2023",Income Tax - Resident Individual,0.00,0.00,0.00,0.00,0.00,0.00
"00115c54e7b058d00d49d6d3b78fd09efaa1209dd6e542fbbf6821a102a817b7","2024",Income Tax - Resident Individual,0.00,0.00,0.00,0.00,0.00,133876.00
"00115c54e7b058d00d49d6d3b78fd09efaa1209dd6e542fbbf6821a102a817b7","2023",Income Tax - Resident Individual,0.00,0.00,0.00,0.00,0.00,0.00
"00038b9576280be45d5dff380bc3c0adeaf9aca180b54a895988c83ed9c4b909","2024",Income Tax - Company,14101766.00,0.00,0.00,0.00,1909218.00,0.00
f09ed57238d44e6e6bf3ce50a330cbca4377d86d7abe6273a0b9fcd87adec1f9,"2024",Income Tax - Resident Individual,0.00,0.00,0.00,0.00,0.00,282132.00
"53964330c516dca0ea6efead75260395e0d31889380906d459a9b6415590eaf8","2023",Income Tax - Resident Individual,0.00,0.00,0.00,0.00,0.00,0.00
ddef880c0bd6edb1638d15d292b99a9167ff7e86f00f357086baae79b43bbbea,"2023",Income Tax - Resident Individual,0.00,0.00,0.00,0.00,0.00,873083.00
"698328a1aebd8d322ddc1137136d0506d12f515120ae7f4306b5fdb9322c7f02","2023",Income Tax - Resident Individual,0.00,0.00,0.00,0.00,0.00,0.00
a3ad7126b16a7b2be84e48ab2043b640b24b30e71fc25b81f08da347cefdcf89,"2023",Income Tax - Resident Individual,0.00,0.00,0.00,0.00,0.00,228132.00
"8cc600df6aee05d97ece58a987f1386e2e30d54a5b72a5504c2e065e4f634147","2023",Income Tax - Resident Individual,0.00,0.00,0.00,0.00,0.00,642138.00
e216c109f75c7ef793eab7abf0660ddcf8608f8e4bfbe557cf03a3e16beed125,"2024",Income Tax - Resident Individual,0.00,0.00,0.00,0.00,0.00,17330.00
"54ba7f62017e63e8e5673eed3c8ce24a7358b1fca507b980f22b30e54eef946e","2024",Income Tax - Resident Individual,0.00,0.00,0.00,0.00,0.00,0.00
f6691231f24eb5ec6e8556ad0ba457af2632e5cd32873aca9d823ec843c121b0,"2024",Income Tax - Resident Individual,0.00,0.00,0.00,0.00,0.00,0.00
"66e75ab34cb305946eccaf8a81cd2ead51da4f22eb4e282936b80dc779916fa0","2023",Income Tax - Resident Individual,0.00,0.00,0.00,0.00,0.00,631796.00
c2789ff5afaccaa4a05620bc89ba4f39e4d489acc15812b8ad46a4c37378b381,"2024",Income Tax - Resident Individual,0.00,0.00,0.00,0.00,0.00,257372.00
"8b5eed016f53a2f718851eea019cb0e0c0296124df92f533fe9741eb375861f7","2024",Income Tax - Resident Individual,0.00,0.00,0.00,0.00,0.00,0.00
"001674b29144eea3f68e5a3291d2c16069c96e340c7d63957324c658e65b2920","2023",Income Tax - Company,10701902.00,234830.00,0.00,0.00,0.00,409934.10
"000c0b35e15c76e1b54121b5c9a8b85ac5aa6a90987e523222de3a4f5804f69c","2023",Income Tax - Resident Individual,0.00,0.00,0.00,0.00,0.00,0.00
"0010fd7b50c1f8c6b28598647447c77a31f8ef0b8548c965ad01d2c9ad898ab9","2023",Income Tax - Resident Individual,0.00,0.00,0.00,0.00,0.00,0.00
"00002bf597eacc3658c2d3f20dc3b7430afcc20de1cf0b64dba6575d1d065d3f","2024",Income Tax - Resident Individual,0.00,0.00,0.00,0.00,0.00,362614.00
"001674b29144eea3f68e5a3291d2c16069c96e340c7d63957324c658e65b2920","2024",Income Tax - Company,36172667.00,2219967.00,0.00,0.00,6594405.00,1171427.40
"0015c0c665e9b62ba31cd6fdec93580dbf465a855f1e1fd847947302283e10b1","2023",Income Tax - Resident Individual,0.00,0.00,0.00,0.00,0.00,6030.00
"000105504f87e6606a5b438aada6a5404e4766a9aca4bfb1b6c310910ec693c3","2023",Income Tax - Resident Individual,0.00,0.00,0.00,0.00,0.00,1084972.00
"00130640573688835f8d9ee4e5c78c3933f97be296dde59d5a3d637c9d2cafe4","2023",Income Tax - Resident Individual,0.00,0.00,0.00,0.00,0.00,0.00
"0010fd7b50c1f8c6b28598647447c77a31f8ef0b8548c965ad01d2c9ad898ab9","2024",Income Tax - Resident Individual,0.00,0.00,0.00,0.00,0.00,0.00
"000556383b3cea160bbd7755ad6a7a5c1845a21b510650c1d001d52710197e18","2023",Income Tax - Resident Individual,0.00,0.00,0.00,0.00,0.00,34746.00
"001254c239e033c3f461ee417d9af9ad9769f3facbcbd6ec7bf6eee0f6c91045","2023",Income Tax - Resident Individual,50072845.00,1100686.00,754863.00,1218143.00,1117823.00,78914.00
"0015947a53d7beefbedbee0a1c239bbec3619fb8b82d93196b17942f3769e967","2024",Income Tax - Resident Individual,177000.00,0.00,0.00,0.00,0.00,0.00
d5be00b5da3b4d28aeae85b9f57ce595477df29a1f70ebb352929ad6f548bcd9,"2023",Income Tax - Resident Individual,0.00,0.00,0.00,0.00,0.00,394896.00
cbb013da6eaf0ea4fa4d9a3ee09ff80f0c92b0b04121b30ea37fb120723c9ecb,"2023",Income Tax - Resident Individual,0.00,0.00,0.00,0.00,0.00,21915.00
aab25b917fe4954259e878483c1df3978987f1cb760c5ccf46348b4ac2ca2538,"2024",Income Tax - Resident Individual,0.00,0.00,0.00,0.00,0.00,17823.00
"51e6362d1fef0ef9fa94962b09265ee3bf4a2ca119b35be07e887992f0317bf5","2024",Income Tax - Company,1540241.00,197448.00,721650.00,25599.00,64690.00,0.00
f1760ce080f8744bebfe1219ebbf54cc834c9b1eb659f0cdf4d08f3c167532c1,"2023",Income Tax - Resident Individual,0.00,0.00,0.00,0.00,0.00,14700.00
"2728c5f67e2db4377b6bb472022180775df3a326e9dc02bdc7f5763aca5d6d3c","2023",Income Tax - Resident Individual,0.00,0.00,0.00,0.00,0.00,70819.00
b8587294627f8964fa27f752e1633ad9086b0b986bfcf906b2e1708f1e1b5b08,"2024",Income Tax - Resident Individual,0.00,0.00,0.00,0.00,0.00,141855.00
"833c0473a9e703dfa6b03d3ec7ea118b9befbba9217d3ba3039155ba0dc86ffe","2024",Income Tax - Resident Individual,0.00,0.00,0.00,0.00,0.00,28114.00
af01918493dc7b964fe2ff123a057a92f82e7f4d469086a776e83e164b85848a,"2023",Income Tax - Resident Individual,0.00,0.00,0.00,0.00,0.00,0.00
"77224831199cd9df0ad97f222cf0069011d9819a906131e856b0f42a06fe00e7","2023",Income Tax - Resident Individual,0.00,0.00,0.00,0.00,0.00,0.00
"826c3a5ac51d3883fad466ebc685045e9ead25b31ec4bfcbe078653653942b68","2024",Income Tax - Company,973375.00,24360.00,0.00,0.00,24360.00,292012.50
f6e09fe89a904ac39e51f9c644c8badad268cf649174cd7c39d801482fa82ca6,"2023",Income Tax - Resident Individual,0.00,0.00,0.00,0.00,0.00,84238.00
"001254c239e033c3f461ee417d9af9ad9769f3facbcbd6ec7bf6eee0f6c91045","2024",Income Tax - Resident Individual,52921997.00,1057712.00,674693.00,2825731.00,1105454.00,0.00
"000f5f35f695c5373fed3b555661468aabe441e08fc2dc3b0e6772fcc4203e2b","2023",Income Tax - Resident Individual,0.00,0.00,0.00,0.00,0.00,0.00
"000ba0e6d0ec217a843396d1cde60cf40ae3d54dda67fe8543a4cbf31e5a1ef0","2023",Income Tax - Resident Individual,0.00,0.00,0.00,0.00,0.00,764161.00
"00190a7999a1cf72cc2ad4fe7ffe9d2982ba6aa483c154bcc5c5042d4c9c8547","2023",Income Tax - Resident Individual,0.00,0.00,0.00,0.00,0.00,2992646.00
"000ba0e6d0ec217a843396d1cde60cf40ae3d54dda67fe8543a4cbf31e5a1ef0","2024",Income Tax - Resident Individual,0.00,0.00,0.00,0.00,0.00,759346.00
"0015947a53d7beefbedbee0a1c239bbec3619fb8b82d93196b17942f3769e967","2023",Income Tax - Resident Individual,0.00,0.00,0.00,0.00,0.00,0.00
"001a4cd56cd8b8f7de082b0944f1ff861a19dd42410d7f3fb5ec1877fb901a86","2023",Income Tax - Resident Individual,0.00,0.00,0.00,0.00,0.00,85561.00
"3e815e521c74de19b6962f2067ddda7096f250756757c1b157c48dc3d8a46a0c","2023",Income Tax - Resident Individual,0.00,0.00,0.00,0.00,0.00,0.00
"39a0cfd1a817bfe29f4b7890978cffead9a21e30c03e6314238c0f5eed003021","2024",Income Tax - Resident Individual,214790.00,0.00,0.00,0.00,0.00,21479.00
"55b79a92a4168d12b3a7a2ebeec1e723d3be89eb08556a9698e42a5c798b04f2","2024",Income Tax - Resident Individual,0.00,0.00,0.00,0.00,0.00,535305.00
f092bb0010c3a9b96cc22444c1f3a4691537edaf59122f6564cbc52e09426ec5,"2023",Income Tax - Company,6953611.12,2098008.49,0.00,953575.44,1788913.28,633934.17
"7f3f54a3ef3c9ac4378f691b2afe05c9c1ac637d9d3ad16ed2152847f4ea5085","2023",Income Tax - Resident Individual,0.00,0.00,0.00,0.00,0.00,0.00
a1a8f4a3561ac01f054a0d86c51124578dbaff79b74d9cd76958acfa3c7a22ea,"2024",Income Tax - Resident Individual,0.00,0.00,0.00,0.00,0.00,0.00
b44ed7494f2257a96b2df06ad61edb388a8a7e1176d6cf1794322131ed1ec1c9,"2023",Income Tax - Company,14640420.00,290945.00,12209.00,0.00,11864960.00,741691.59
"039d89657e071d9a5030f9635acfe10a0c48b69ba9183db569067bac42d6dffa","2024",Income Tax - Resident Individual,0.00,0.00,0.00,0.00,0.00,119199.00
fa967e550a00e1aabaf83e274c89e589d452f7f27a5c6471cb54d75842ba6ef0,"2024",Income Tax - Resident Individual,0.00,0.00,0.00,0.00,0.00,88517.00
b8315aba4875cbeea2b5417e34beb97bdcf76ef074a4b21ce29a5caefddae42d,"2023",Income Tax - Resident Individual,0.00,0.00,0.00,0.00,0.00,0.00
c38dd904578956f82f9a69671301a359b2f7a2a4ab02e044378c305a1562895f,"2024",Income Tax - Resident Individual,0.00,0.00,0.00,0.00,0.00,53744.00
"1ff769f812d4257eb7f2cbdc32307bd2481533fd5fb5112c0fb8e7ac20de093b","2024",Income Tax - Resident Individual,0.00,0.00,0.00,0.00,0.00,290456.00
"77c0caa0086d3be6875f2feab6c80f7895f3255384490e3d7de9922dc54995f1","2024",Income Tax - Resident Individual,539150.00,0.00,0.00,0.00,550920.00,525075.00
f960d1e66d8742b550d210a6f8e45c7b6ac5df1af9feed30abb1ddefa1bcc10f,"2023",Income Tax - Resident Individual,0.00,0.00,0.00,0.00,0.00,0.00
"1a73b52f5397a9bdb8359aca76ac53dd80bd1e7d11761cdcf8e4116a9add697d","2023",Income Tax - Resident Individual,0.00,0.00,0.00,0.00,0.00,0.00
"36602a83aadade865b00150618f141c599769929ed40a1293faee2ecbe56afaa","2024",Income Tax - Company,8950300.00,891000.00,0.00,0.00,0.00,375561.01
"000369399df1e1bb01c9ed8e6ec683ee6707d0d4d6201bdaa403509292f528bf","2023",Income Tax - Resident Individual,936015.00,0.00,0.00,0.00,356500.00,82455.00
"000369399df1e1bb01c9ed8e6ec683ee6707d0d4d6201bdaa403509292f528bf","2024",Income Tax - Resident Individual,1341460.00,573000.00,0.00,0.00,125000.00,184271.00
"001a4cd56cd8b8f7de082b0944f1ff861a19dd42410d7f3fb5ec1877fb901a86","2024",Income Tax - Resident Individual,0.00,0.00,0.00,0.00,0.00,106067.00
"0018899e6707fca94ee3a31d3aa8d588454c65b687477ff81dc7509edc45e18b","2024",Income Tax - Resident Individual,0.00,0.00,0.00,0.00,0.00,854897.00
"00172a6b59042eadc91b1fa93ccd3233424810c01af4bde04418513f2d32b1d4","2023",Income Tax - Resident Individual,0.00,0.00,0.00,0.00,0.00,95396.00
"000ca3533bae8dd4de1daf03dfd216873a7d77d2a4c5957d60cfb4fb5e0a54c3","2024",Income Tax - Resident Individual,75000.00,62500.00,0.00,0.00,0.00,462482.00
"4d9cf96d5b42b8812ebb24ee8d35e54e42d75c13f4596d7dc6e62b5bad5c10e4","2023",Income Tax - Resident Individual,300345.00,0.00,0.00,0.00,0.00,-7650.00
a12e40b02ba22c79496b2d3402c22c4b0572e64c1a695ab0ba692095349a602b,"2024",Income Tax - Resident Individual,0.00,0.00,0.00,0.00,0.00,0.00
de84f7f0dc128bf50e41ae4ecb37e6e48671636405295fdf2fbc7c620d0f1a18,"2024",Income Tax - Resident Individual,0.00,0.00,0.00,0.00,0.00,141726.00
b9a4555ac6e42d8dabf3465375c3a5fd7f7b6598f3ab94f0cbc75882490a9956,"2023",Income Tax - Resident Individual,0.00,0.00,0.00,0.00,0.00,94604.00
"47aabd33df7c041bb751eab62de92ba011d2e355a553be41125608da3a1f61e5","2024",Income Tax - Resident Individual,935000.00,478870.00,150000.00,0.00,0.00,79024.00
"6a55bf798cd9a3b8d04e79898a2eae5fb00e3580dfb7a785766c05a952cb1e90","2024",Income Tax - Resident Individual,0.00,0.00,0.00,0.00,0.00,0.00
"32fcf15758a26fb96f90927883b5c2f8c435b9adc62fc5ac8986e2c56fe332cc","2023",Income Tax - Resident Individual,0.00,0.00,0.00,0.00,0.00,45289.00
"0767e0e8097d70bdf134b37e7155fe5681b17e9396d562b6206577573e401215","2023",Income Tax - Resident Individual,0.00,0.00,0.00,0.00,0.00,0.00
"49793856063af57995efcb7f8a56a7767e37baddbbf9559b6432a3cdbbf527be","2023",Income Tax - Resident Individual,0.00,0.00,0.00,0.00,0.00,7190363.00
f27c19eff4b4ec33e4ca03e08d2a62a631e6ae8933da95fddc8d42c35f54810e,"2023",Income Tax - Resident Individual,0.00,0.00,0.00,0.00,0.00,0.00
"0013f2b74cf30b5c788fc4fefbb09d333711092aece99e8cafa176621e4bc33d","2024",Income Tax - Company,0.00,0.00,0.00,1245.00,0.00,0.00
"0010d3e7996c4d9d39601d77eb171e2605e831b5a996c7f92247453a9dc12174","2023",Income Tax - Resident Individual,0.00,0.00,0.00,0.00,0.00,0.00
"0004d6cc1aee221482258884a9317e7f69312b12d19c7ea9ac4a13c5d9bbd1bd","2023",Income Tax - Resident Individual,0.00,0.00,0.00,0.00,0.00,1371377.00
"000ca3533bae8dd4de1daf03dfd216873a7d77d2a4c5957d60cfb4fb5e0a54c3","2023",Income Tax - Resident Individual,0.00,0.00,0.00,0.00,0.00,475424.00
"0004d6cc1aee221482258884a9317e7f69312b12d19c7ea9ac4a13c5d9bbd1bd","2024",Income Tax - Resident Individual,0.00,0.00,0.00,0.00,0.00,1218354.00
"000325f0b38d9ce63eed7e56dbe89c3eae2f95c03f7c43d6fddbf9e61916f538","2023",Income Tax - Resident Individual,0.00,0.00,0.00,0.00,0.00,0.00
"000325f0b38d9ce63eed7e56dbe89c3eae2f95c03f7c43d6fddbf9e61916f538","2024",Income Tax - Resident Individual,0.00,0.00,0.00,0.00,0.00,0.00
"000dc747687dcb878a9e66a3c457d8f394ff7ed5abc7f2ce500dcf0cad7d7951","2023",Income Tax - Resident Individual,0.00,0.00,0.00,0.00,0.00,0.00
"0013f2b74cf30b5c788fc4fefbb09d333711092aece99e8cafa176621e4bc33d","2023",Income Tax - Company,0.00,16600.00,0.00,0.00,0.00,0.00
"0008644c1e6e95bad9c3a1cf4b004a8310bdc2cbd1dce5705bb97d6a16251fdb","2023",Income Tax - Resident Individual,0.00,0.00,0.00,0.00,0.00,0.00
c54a94ac9d918df98f471ffcd50dc7cb29adacaded9347beddaf4817e14bbe0f,"2024",Income Tax - Resident Individual,0.00,0.00,0.00,0.00,0.00,0.00
a49233df995f9b398628e8e9419a9aaca69059e96a7b4230e7d3422b475b5ff8,"2024",Income Tax - Resident Individual,0.00,0.00,0.00,0.00,0.00,2308.00
"0f1e18542c8f787d3a2a9e8e2756bb569446c637ca6cbbaf09f3bcf2ab58e096","2023",Income Tax - Resident Individual,0.00,0.00,0.00,0.00,0.00,0.00
"366162ad321690e45491a80e961aa4d11bcb61b142fbca0a8fdab12abdf820f6","2023",Income Tax - Resident Individual,0.00,0.00,0.00,0.00,0.00,0.00
"38fb581f2767a6bcfc5fb01e9160935e4a861135142ec22af8cec396e0aa0408","2023",Income Tax - Resident Individual,0.00,0.00,0.00,0.00,0.00,0.00
e4da84b3be4deb3711c2ff1f46ab20d15cd14798272502519e8bc9db0970e8ca,"2024",Income Tax - Resident Individual,0.00,0.00,0.00,0.00,0.00,27799.00
"8993cfe03dea870ac8d24c061f5ac2e76251f0f135be8c29c61211b0fb926b2d","2024",Income Tax - Resident Individual,0.00,0.00,0.00,0.00,0.00,0.00
"8559bd19c3e340d516f35233972586eab28b8ab6a803d4dfbcc06153268e02b3","2023",Income Tax - Resident Individual,0.00,0.00,0.00,0.00,0.00,0.00
"8d836efcdecb4bf02bbe8762e00db148e1199a9c7c10d2e43d734d81bc16960b","2023",Income Tax - Resident Individual,0.00,0.00,0.00,0.00,0.00,-3600.00
db183b4aded4bd737c13895cda2d007b751c4a9ee46a07cc2b6b3b17aa8b20ad,"2023",Income Tax - Resident Individual,0.00,0.00,0.00,0.00,0.00,0.00
dc6fc071814e92f8c746c7d2c05dcfdf83c3c759ecf0fb7bcba3d12e969d3737,"2024",Income Tax - Partnership,1068000.00,155490.00,23685.00,0.00,635215.00,0.00
"54b4288005aba2a4c89f6a14609da004c1afdedcac751d01eb110c581b55cf75","2024",Income Tax - Resident Individual,0.00,0.00,0.00,0.00,0.00,525137.00
"219f097d1eb316dc25ca6c1a8d65b9610ef6e556f2832a4b70921a8bd490d95d","2023",Income Tax - Resident Individual,0.00,0.00,0.00,0.00,0.00,129435.00
b5e37e61b1aed1b08edc56fcb80c0d22d075d47250fb7c5e3efe37c3e1faf00c,"2023",Income Tax - Resident Individual,0.00,0.00,0.00,0.00,0.00,0.00
"000af990f566805eb39d9116d190b2f7dd45647c66f5022bb4831656b9ba0f6d","2023",Income Tax - Resident Individual,0.00,0.00,0.00,0.00,0.00,540455.00
"000af990f566805eb39d9116d190b2f7dd45647c66f5022bb4831656b9ba0f6d","2024",Income Tax - Resident Individual,0.00,0.00,0.00,0.00,0.00,553871.00
"00065fb7befbfb3c519083b348e9b7e8fc7e4e23a190cb82ca7b2290ec3df868","2023",Income Tax - Resident Individual,0.00,0.00,0.00,0.00,0.00,423664.00
"0011e5c9ddd4b9cc1e0c72b8915549c18242988eb60fe1153513e1a46475932a","2023",Income Tax - Resident Individual,0.00,0.00,0.00,0.00,0.00,0.00
"001b479948d9a690564bf85a4e9b2f70272b612ede79e8064ce838e703d607b6","2023",Income Tax - Resident Individual,0.00,0.00,0.00,0.00,0.00,0.00
"000d024b1487653b4224725a483ed208a11b6864daee19e45e37a62580d28eff","2023",Income Tax - Resident Individual,0.00,0.00,0.00,0.00,0.00,0.00
"0014daa43399270d2fdd1a8efb2d22edc110c04d0c25b1073746c74225e27b35","2023",Income Tax - Resident Individual,0.00,0.00,0.00,0.00,0.00,0.00
"001707c846055d41acd661c891fbefdf3a1f50e5deca656df6c15ae4a9270f3a","2023",Income Tax - Resident Individual,0.00,0.00,0.00,0.00,0.00,0.00
"0001c3bce6853d669741c1e3cb8e19c3bb5446c244fa979eac3d796c9918a931","2023",Income Tax - Resident Individual,0.00,0.00,0.00,0.00,0.00,66055.00
"001b479948d9a690564bf85a4e9b2f70272b612ede79e8064ce838e703d607b6","2024",Income Tax - Resident Individual,0.00,0.00,0.00,0.00,0.00,0.00
"0006382c07732d7657c9757a19032c842a5cd01839889a420cb6ffbcd863bcac","2024",Income Tax - Company,7116798.00,71920.00,27829.00,0.00,882298.00,1385477.12
"000e1040f9c2efe2494cef56bc909da59ee4e69932fc84f6b76489718a9ce81c","2023",Income Tax - Resident Individual,5498439.00,963970.00,177018.00,25310.00,699542.00,2570.00
"0003184de98394a62dc1266df4b1aab027b8e1cbab726da44d18fb39f815f0f8","2023",Income Tax - Resident Individual,0.00,0.00,0.00,0.00,0.00,428666.00
"0019ca271f31f83b78e576837e1bc28ac0082f592d2079290ded38d1d0a2cd99","2024",Income Tax - Resident Individual,0.00,0.00,0.00,0.00,0.00,0.00
"1bb048caa49a99101abd5e6bb9b8f5225c3943627f94350f8430cd2d21348a4d","2023",Income Tax - Resident Individual,0.00,0.00,0.00,0.00,0.00,213616.00
"883880df5d16dbc6ace057900bed8b91894911e40cd09f2eee70171663eddcd6","2023",Income Tax - Resident Individual,0.00,0.00,0.00,0.00,0.00,232248.00
"33e0553b077f90a6269009b274fdd16bb2f80d3fc571a6478d136070c3bd3d27","2023",Income Tax - Resident Individual,0.00,0.00,0.00,0.00,0.00,0.00
"62773c8d9d0af93176cace2cbe8b102738c71048f8f96d77db2dca2523b30cbc","2024",Income Tax - Resident Individual,0.00,0.00,0.00,0.00,0.00,364796.00
ca83b6d4330f3ce1660660a873c51e8b80d8e23e28a032304f250e9178a05a01,"2023",Income Tax - Partnership,62028469.00,3788931.00,655453.00,18236.00,1172910.00,0.00
"30f99718b4ab70a2787596f39dc38f6e6cd609e804f6ed785201d88c7ed0f2f9","2023",Income Tax - Resident Individual,0.00,0.00,0.00,0.00,0.00,0.00
"84382efc0d2c76324d3806fbf18d6b366236dbc1301ab9305002acbb422fa9d5","2024",Income Tax - Resident Individual,0.00,0.00,0.00,0.00,0.00,320887.00
"439d5b91f6b4817cbe3316e0be11b39e1d0c257c535f0fe8a276cdc664d0b38d","2024",Income Tax - Company,1548000.00,208711.00,50331.00,7293.00,0.00,0.00
"3dc603f5bb2fad893062dcc5ab4d0ac0b7b2052474ca6f485818106205dca1a6","2024",Income Tax - Resident Individual,0.00,0.00,0.00,0.00,0.00,0.00
eeb7bf79a6ffeb24eaa8e1475953c8a4d140a4ee1ddbdad446008cff8c9e8720,"2024",Income Tax - Resident Individual,0.00,0.00,0.00,0.00,0.00,0.00
"37a865ac204f29f23630d7a7130fb21f6d22db47248be77dd6befd13e96bedf5","2023",Income Tax - Resident Individual,0.00,0.00,0.00,0.00,0.00,389756.00
fa69e1cbe33ba9d95dfc785008f1ac0309a64b3fcf6a8f860b351232e79e729c,"2024",Income Tax - Resident Individual,0.00,0.00,0.00,0.00,0.00,0.00
"0d4a948482fda83556c9de28bb02a22db94952f5b272d64d29ed06fac03cab4f","2023",Income Tax - Resident Individual,0.00,0.00,0.00,0.00,0.00,1000.00
"000b9cfe4f873ce513c49830b688c37d34429c4c787aaf53dabeba97e78e47dc","2023",Income Tax - Resident Individual,0.00,0.00,0.00,0.00,0.00,601088.00
"0006382c07732d7657c9757a19032c842a5cd01839889a420cb6ffbcd863bcac","2023",Income Tax - Company,9325242.00,71920.00,29302.00,11878.00,984066.00,1020824.88
"0019ca271f31f83b78e576837e1bc28ac0082f592d2079290ded38d1d0a2cd99","2023",Income Tax - Resident Individual,0.00,0.00,0.00,0.00,0.00,0.00
"000b9cfe4f873ce513c49830b688c37d34429c4c787aaf53dabeba97e78e47dc","2024",Income Tax - Resident Individual,0.00,0.00,0.00,0.00,0.00,564884.00
"0013f578c613cfffab5e45ac8cbdb5040d22b2128e908e0344b55083cfdec988","2023",Income Tax - Resident Individual,0.00,0.00,0.00,0.00,0.00,0.00
"001a0803b223b31b4ccdf7c88ded1ed4aaa67bd5cd03704cd4c64d84456b00f1","2024",Income Tax - Resident Individual,3210000.00,0.00,64480.00,0.00,2182595.00,197478.00
"0013f578c613cfffab5e45ac8cbdb5040d22b2128e908e0344b55083cfdec988","2024",Income Tax - Resident Individual,0.00,0.00,0.00,0.00,0.00,0.00
"000a85a4a2f60439286062863c9d0de48d63696c9e6cd85fd078735874699f28","2024",Income Tax - Resident Individual,0.00,0.00,0.00,0.00,0.00,0.00
"001a0803b223b31b4ccdf7c88ded1ed4aaa67bd5cd03704cd4c64d84456b00f1","2023",Income Tax - Resident Individual,3670000.00,0.00,84255.00,0.00,2911818.00,197453.00
"001c6fd2c5eb0ae9de6272124be93a4f968db359bde3747a46b2c82a3ad22245","2023",Income Tax - Resident Individual,0.00,0.00,0.00,0.00,0.00,0.00
"000e1040f9c2efe2494cef56bc909da59ee4e69932fc84f6b76489718a9ce81c","2024",Income Tax - Resident Individual,5728887.00,1501305.00,139616.00,45567.00,449306.00,13967.00
"000dbce22c24718ffea56fc865bebec8c5deef026b20dd8a8dde0a1de70288bb","2024",Income Tax - Resident Individual,0.00,0.00,0.00,0.00,0.00,0.00
"0003184de98394a62dc1266df4b1aab027b8e1cbab726da44d18fb39f815f0f8","2024",Income Tax - Resident Individual,0.00,0.00,0.00,0.00,0.00,400045.00
"0005a8381f121a11a2d78e04c033364d1aa34567b5da309af2c73f7a9ec5d957","2024",Income Tax - Resident Individual,0.00,0.00,0.00,0.00,0.00,0.00
"0018f77e20141e8344d0c248e444def204e912b73d56b917e60232bd7d24faec","2023",Income Tax - Resident Individual,0.00,0.00,0.00,0.00,0.00,0.00
cc4d5de99fa52602ac31f59843bfca57d57bece1d9a236d442d2cb495f552294,"2023",Income Tax - Resident Individual,0.00,0.00,0.00,0.00,0.00,167367.00
"691d69628f337965512bbceb884c19b1951a776749ccf224586afeb3d88caece","2023",Income Tax - Resident Individual,0.00,0.00,0.00,0.00,0.00,0.00
"6aef5517b508494e9599e127f134a81bc12a30eef4dafe150b984f774ca8174b","2024",Income Tax - Resident Individual,0.00,0.00,0.00,0.00,0.00,108724.00
"23c8deb8c71b4a0025beb72bf2dd224766c5bbf0b69a5252b9ce6e5225e56f12","2023",Income Tax - Resident Individual,0.00,0.00,0.00,0.00,0.00,125214.00
"96ea9ae8eeac3628304d598692f73a21ca603594d587f3f0c3334dc9e24cb6bd","2023",Income Tax - Resident Individual,0.00,0.00,0.00,0.00,0.00,0.00
daf8ba050d4f4383cef286a7de620e8ad1290bc468e77ead006c4453c046a0c0,"2023",Income Tax - Resident Individual,4953020.00,230950.00,480555.00,0.00,482840.00,214047.00
b49e16d15cd102ff9ca29dd4dd70da24cbda682b1d132407a16080b04f9a0793,"2024",Income Tax - Resident Individual,0.00,0.00,0.00,0.00,0.00,45175.00
"7b6647c0466f8ac6d393dd61755c2f2c91c3c5734903e13493292fdb5c823c16","2023",Income Tax - Resident Individual,0.00,0.00,0.00,0.00,0.00,369206.00
"8e713c3686092e5cb3b22e981f0b95acbc2cfbb06e8dfb06161489f61ecdfadf","2024",Income Tax - Resident Individual,0.00,0.00,0.00,0.00,0.00,23929.00
abc1fa60f5ce355b4150d02e77c3757c19f1a7a257114a882780370a787a4363,"2023",Income Tax - Resident Individual,0.00,0.00,0.00,0.00,0.00,69683.00
"8acaad90ba19788c57ebe26e3155bd924e653049bb7b6e5d61bfc02c228615ff","2024",Income Tax - Resident Individual,0.00,0.00,0.00,0.00,0.00,23637.00
c5155fffbacce58ff9a97578330d06dd0efd6d4d941c546449cd3c19557089a4,"2024",Income Tax - Resident Individual,0.00,0.00,0.00,0.00,0.00,190703.00
"18673ba2c775e7e1486296ce3cb8f01fa2303d6970e0d6713b1a0a1ef5fb4540","2023",Income Tax - Resident Individual,0.00,6312727.00,210000.00,0.00,0.00,787118.00
"05d5564078bfd0a10a813d07d9fb910de2f5e89cf3ade66d71060a69a7c3b172","2024",Income Tax - Resident Individual,0.00,0.00,0.00,0.00,0.00,0.00
e55f1d8a51662dc109e9fd78e061410838e5f6fb40fa2d850dd2b82678330b62,"2023",Income Tax - Resident Individual,0.00,0.00,0.00,0.00,0.00,85272.00
b4fe866e0ebb6bead91bb10762c464cc72c98cfaf142fe205e9aa60982d20274,"2024",Income Tax - Resident Individual,55125.00,0.00,0.00,0.00,0.00,384096.00
"3f75a80c7172d4bbc9a0e251988efd23642ed9206819f8e813f10ca7e33d6b4b","2024",Income Tax - Resident Individual,0.00,0.00,0.00,0.00,0.00,92106.00
"769b2311b79bcabecef8d40dae9c90b93f55030f42658f039f3a9f1fa4ab66a0","2024",Income Tax - Resident Individual,2019200.00,10000.00,16602.57,0.00,1543258.00,43402.00
"7a3c3fa3c069ea49e30522fc442fcdc64cc13208fbf66cdf05c73244ec8376a8","2024",Income Tax - Resident Individual,0.00,0.00,0.00,0.00,0.00,45760.00
"412481fb4b693771de9fc02d01a030a0ecba0f76ed5f5b1d4b1f130343ef6eac","2023",Income Tax - Resident Individual,0.00,0.00,0.00,0.00,0.00,0.00
"493ec40950df1ee642de66d420df639854c220b4f00e09f4feabf63971979a1b","2024",Income Tax - Resident Individual,0.00,0.00,0.00,0.00,0.00,57719.00
"26dd53843f09a3f7bed103015a6f32b60e680dd4676ac3cba24909d99443d7f3","2024",Income Tax - Resident Individual,0.00,0.00,0.00,0.00,0.00,0.00
"9f10c9d9b695fbd0d47beb4ead6cc46006efef1ac9be8cabb3d42b46deaf3d88","2023",Income Tax - Resident Individual,0.00,0.00,0.00,0.00,0.00,75577.00
"2a65a1de6c3c81b75390281d20d6db38b6f960e24c923fc9735f9c4a0b4fd015","2023",Income Tax - Resident Individual,0.00,0.00,0.00,0.00,0.00,0.00
"000ac8b5ea1677c3808dd311fc55a89de6410189b70087017909b395c1d2248e","2023",Income Tax - Resident Individual,0.00,0.00,0.00,0.00,0.00,0.00
"0002d8e587f869d6e3deb9e5fdb52b281aaebe356795e3d9676bd5024c7e658f","2023",Income Tax - Resident Individual,0.00,0.00,0.00,0.00,0.00,197043.00
"0003b8de91e21b66b2ac12f4c3f7e122f233263259ccf83897a66b417f97dac7","2023",Income Tax - Resident Individual,303000.00,252505.05,0.00,0.00,0.00,5050.00
"0007ba779dc66e5cdfe3a1821a20fda50cd7ea7771c796a79f2fba49f64baf0b","2023",Income Tax - Resident Individual,0.00,0.00,0.00,0.00,0.00,507586.00
"0007ba779dc66e5cdfe3a1821a20fda50cd7ea7771c796a79f2fba49f64baf0b","2024",Income Tax - Resident Individual,0.00,0.00,0.00,0.00,0.00,562466.00
"0002d8e587f869d6e3deb9e5fdb52b281aaebe356795e3d9676bd5024c7e658f","2024",Income Tax - Resident Individual,0.00,0.00,0.00,0.00,0.00,162338.00
"8950eaeece7d6e43f837a3cb6ad7ace69a3e5844a742ae05c0924f7836ffafcc","2023",Income Tax - Resident Individual,10000.00,10000.00,0.00,0.00,0.00,0.00
"5c2ced0a0eca815086be81592593dd9e876703a167cf0a72c881de478e82a979","2024",Income Tax - Company,580000.00,30765.00,6982.00,0.00,434475.00,32281.13
"69b3a4cd714ae5f4bac95e186f2d28d36bcf242cf68b3ec1b384e9af6c08f970","2024",Income Tax - Resident Individual,0.00,0.00,0.00,0.00,0.00,73471.00
"7b3074c68444f436dd4bb1ddbe662886021b94bbd60e2b69593fcd3ae1db38e7","2024",Income Tax - Resident Individual,2040000.00,0.00,0.00,26217.00,32215.00,503071.00
"65f90cbf3f7447ded009a26d1c5b94b85021fa519273dedc89a48fd25d6a4933","2023",Income Tax - Resident Individual,0.00,0.00,0.00,0.00,0.00,82458.00
"4510916d1e2e02ad62a5a107fccefff2ad0a56c059408eede5c24a32c605d282","2024",Income Tax - Resident Individual,0.00,0.00,0.00,0.00,0.00,0.00
"90d8a8a8006f5c756bb96346dd5015076c08e12c4e7bee408dd4f603a575671b","2023",Income Tax - Resident Individual,0.00,0.00,0.00,0.00,0.00,338513.00
"385df95d91b598f26923f2e08811b775fadc08f57f1e99ed54efb7ca2da202a8","2023",Income Tax - Company,2580809.00,79674.00,0.00,10254.00,131234.00,99738.00
"49969c5e4faa29cb7f2a0cad710e29aa2a46c30c68cc8eeecca1ff4ef0e4a21d","2023",Income Tax - Resident Individual,3046000.00,2244250.00,0.00,0.00,0.00,149125.00
"2268d926b08022b495aca21d53525bf810d6cc12149c7deb17bc710c19baefe3","2023",Income Tax - Resident Individual,0.00,0.00,0.00,0.00,0.00,0.00
f56c5c71a84a4ab6d54c6383fd2aa743151c701288185a47b97283fdd6008ae9,"2024",Income Tax - Resident Individual,0.00,0.00,0.00,0.00,0.00,7233.00
"35baa6884a536a027dbe9d4120e78e9de617eaee15dedc13786f4b86ab4b41da","2023",Income Tax - Resident Individual,3650000.00,386000.00,0.00,3501.25,62931.00,0.00
"9a74577ae6d7005a07f38dd8e5efd12cd1c81c13458709c333a5fd3f40fa6a4a","2023",Income Tax - Resident Individual,0.00,0.00,0.00,0.00,0.00,0.00
"4912415054cbc603f099fd112f737df5c3b118844f0ae80aed08cd28e353aede","2024",Income Tax - Resident Individual,0.00,0.00,0.00,0.00,0.00,578046.00
"4f19a8d9d296a3c80ff89589a4350416c1d3c323f16ad13b37f5fcd9cb9740a6","2024",Income Tax - Resident Individual,0.00,0.00,0.00,0.00,0.00,0.00
adb56416533d38b5b3174f27c265585e64513e76b5fbb83e632ac58199bd4dc5,"2024",Income Tax - Resident Individual,0.00,0.00,0.00,0.00,0.00,0.00
"7819f4c18ac3646ede6b3c887d692f8ff763a917ac83d5d423939daaeca7e2f2","2024",Income Tax - Resident Individual,0.00,0.00,0.00,0.00,0.00,102991.00
"0008b8f6b444157445d8efd978057ec092bc65d0d2b2e698660d4fdff4869d79","2023",Income Tax - Resident Individual,505995.00,0.00,0.00,0.00,0.00,0.00
"000b1e9e7f4777322e7449d161e60401ed166674a3a4a94647c2f29a112672a0","2024",Income Tax - Resident Individual,0.00,0.00,0.00,0.00,0.00,5299.00
"000b1e9e7f4777322e7449d161e60401ed166674a3a4a94647c2f29a112672a0","2023",Income Tax - Resident Individual,0.00,0.00,0.00,0.00,0.00,0.00
"001c7b81c7502280156e7c1e37540a76cd7b0515fbf1b792165acd54db3c59fb","2024",Income Tax - Resident Individual,0.00,0.00,0.00,0.00,0.00,0.00
"0176c439a1f2bf8c7fca7ae5c4e699a26f0ec1cb1c196e2b26e9f086974dd41d","2023",Income Tax - Resident Individual,0.00,0.00,0.00,0.00,0.00,0.00
"7e19778080e3f98bd2f55561db90981c83885227202ed390420098dedb21e93f","2024",Income Tax - Resident Individual,0.00,0.00,0.00,0.00,0.00,71409.00
"448698c32a53086e8612e3cda53850e768d3b55490b32d5fae6036e9c47a24d2","2024",Income Tax - Resident Individual,0.00,0.00,0.00,0.00,0.00,138347.00
f43f59d26c9fec50baaf36bdf6cecbbdbab4c7cd18de1e8061ca5b49947f6695,"2023",Income Tax - Resident Individual,0.00,0.00,0.00,0.00,0.00,0.00
"98618e381ba1c96b93197802a7a8da026384d320730ca685990459afd8dd2fe6","2023",Income Tax - Resident Individual,0.00,0.00,0.00,0.00,0.00,0.00
a05f1fb741d3d8b635175aa76a2c59df9e386260dd85bc297c86faf7002c14d0,"2023",Income Tax - Resident Individual,0.00,0.00,0.00,0.00,0.00,246847.00
"44d83a9929d1a4218e06ebb84e1d8f547e67dfcc96d052fd5e06e6932938b087","2024",Income Tax - Resident Individual,0.00,0.00,0.00,0.00,0.00,0.00
"245779893ad20f148d1f6359c328209e10084062c5cd01438d61d981d5fd1876","2023",Income Tax - Company,22931452.00,89240.00,713288.00,547540.00,6321021.00,30385.46
b7d72bfb02a90d8735dfc7e117796e81155199e319317b8753bd84a21c865609,"2024",Income Tax - Resident Individual,0.00,0.00,0.00,0.00,0.00,0.00
"00036988743e6a0776266b59e82177946a87c71f537f3c5835baa6c78c28f5c3","2024",Income Tax - Resident Individual,0.00,0.00,0.00,0.00,0.00,13770.00
"00036988743e6a0776266b59e82177946a87c71f537f3c5835baa6c78c28f5c3","2023",Income Tax - Resident Individual,0.00,0.00,0.00,0.00,0.00,0.00
c7215614ca8b3315b473f0b0568073c5fadb5e28a6f5081e3191dcfd89a36742,"2024",Income Tax - Resident Individual,0.00,0.00,0.00,0.00,0.00,52608.00
"0eb847593c6a25651fc5538f30b4ff2bf8a5c9e96720aa0e54f5b264fedda38c","2024",Income Tax - Company,1.00,0.00,0.00,0.00,0.00,0.30
"48c21dd1bb732b2fbe7eb2a65c026e347b33bc8941a502aba237d122301b11a8","2024",Income Tax - Resident Individual,0.00,0.00,0.00,0.00,0.00,5497.00
"160f1881fdec1e2376a6eeae5b35e17da805693fa3fedbe1b8462d0330519848","2023",Income Tax - Resident Individual,0.00,0.00,0.00,0.00,0.00,0.00
"4002faad0375e4b59c81f08ee5db287aa0540d3e0822b8159749c42f3bf5dbc4","2024",Income Tax - Resident Individual,0.00,0.00,0.00,0.00,0.00,284103.00
c8b1c36d7ec85f4a9697a4e08b59cd159607227c42b5b0df6a87d318ac16eeaa,"2023",Income Tax - Resident Individual,0.00,0.00,0.00,0.00,0.00,0.00
e856999a1168b9b0326082d814cca57aa211c8a19da1675d0e88263ebf18b7f5,"2023",Income Tax - Company,221300620.00,21626927.00,344329.00,99257811.00,26921281.00,286611.60
f2b020639691fea9bca732c2c9509ee081dcfef77ba5c964a2d49a1b49f4271f,"2023",Income Tax - Company,159907000.00,43115000.00,17326000.00,1506000.00,1874000.00,0.00
a6b92fb1406d456801f824e6eaa2d1c16c9a6985a6f7f547f62abecfc57984fd,"2024",Income Tax - Resident Individual,57964.00,0.00,0.00,0.00,0.00,436445.00
c8ea5bb098aef2f4d8b97e1c4383afdfde3e717dcf843302d136e70b4a2e57f6,"2023",Income Tax - Partnership,11981948.00,1654600.00,630500.00,120590.00,728600.00,0.00
"69c93b93a9bc6c3901ffca2299cba3dc338d9705058476d41d69ab889c348198","2023",Income Tax - Resident Individual,1.00,0.00,0.00,0.00,0.00,0.00
cf9ebf0c2e11dbc75c609131863c0f36d3bb515d917191e2b9113696fce28611,"2024",Income Tax - Resident Individual,0.00,0.00,0.00,0.00,0.00,19141.00
"08d98ddf5b07de1f2a6bccb45fb72a5b6245a43291ebd3ede7376fc770a194af","2023",Income Tax - Resident Individual,0.00,0.00,0.00,0.00,0.00,0.00
"0003350e1c885d8e227e14054653bd1a92475a357d3ea19661f6ca94a9b8692e","2024",Income Tax - Resident Individual,10899.00,0.00,0.00,0.00,0.00,1191026.00
"00051ee59b3c02cbb8118c9e6c46a660b031888a5a9b982fced2d61f2943c1c3","2024",Income Tax - Company,4135917.00,0.00,314326.00,0.00,3610627.00,63289.08
"0017f0aff2aa5e8e897d2a7f5b01baf8aecba139f35e1629e7409e85b62efb1a","2024",Income Tax - Resident Individual,0.00,0.00,0.00,0.00,0.00,1599419.00
"00051ee59b3c02cbb8118c9e6c46a660b031888a5a9b982fced2d61f2943c1c3","2023",Income Tax - Company,13560858.00,349252.00,0.00,0.00,12867080.00,103358.10
"00094ca48ec46082be355535da841886911ca508eef311c80d0f045fe510da8e","2023",Income Tax - Resident Individual,0.00,0.00,0.00,0.00,0.00,232745.00
"00024f6890a8f45fc52bb0a7df5452063a66fd4b6d90fba651c3b9415814f8d3","2023",Income Tax - Resident Individual,0.00,0.00,0.00,0.00,0.00,139520.00
"00018bd4ca1a97844dcfed08b422cbed469e45d5ac8e7c687b8773acac0c3756","2023",Income Tax - Resident Individual,0.00,0.00,0.00,0.00,0.00,0.00
"000d39982c84d8da0336697b6bb4b9c9b3fcbffdd93b688e0b33dfcd3b325778","2024",Income Tax - Resident Individual,0.00,0.00,0.00,0.00,0.00,229442.00
"000cce564864fd3fc477c3313b852b46b1340b58182b80e8dfbfe5867c1258cc","2023",Income Tax - Resident Individual,0.00,0.00,0.00,0.00,0.00,21276.00
"00018bd4ca1a97844dcfed08b422cbed469e45d5ac8e7c687b8773acac0c3756","2024",Income Tax - Resident Individual,0.00,0.00,0.00,0.00,0.00,0.00
"0016dff12bd8caafe59e4fbb77a69536f9276e8044064491c2cd43dbeacc6f14","2023",Income Tax - Resident Individual,1.00,0.00,0.00,0.00,0.00,506476.00
"0017c407c517fda5b866d78ce8386aa08584c9d6a18f5762b5a105ede7c34eca","2023",Income Tax - Resident Individual,0.00,0.00,0.00,0.00,0.00,127179.00
"00094ca48ec46082be355535da841886911ca508eef311c80d0f045fe510da8e","2024",Income Tax - Resident Individual,0.00,0.00,0.00,0.00,0.00,163210.00
"000d39982c84d8da0336697b6bb4b9c9b3fcbffdd93b688e0b33dfcd3b325778","2023",Income Tax - Resident Individual,0.00,0.00,0.00,0.00,0.00,189942.00
"0017c407c517fda5b866d78ce8386aa08584c9d6a18f5762b5a105ede7c34eca","2024",Income Tax - Resident Individual,0.00,0.00,0.00,0.00,0.00,135091.00
"0003350e1c885d8e227e14054653bd1a92475a357d3ea19661f6ca94a9b8692e","2023",Income Tax - Resident Individual,0.00,0.00,0.00,0.00,0.00,1241353.00
"00024f6890a8f45fc52bb0a7df5452063a66fd4b6d90fba651c3b9415814f8d3","2024",Income Tax - Resident Individual,0.00,0.00,0.00,0.00,0.00,185230.00
"0017f0aff2aa5e8e897d2a7f5b01baf8aecba139f35e1629e7409e85b62efb1a","2023",Income Tax - Resident Individual,0.00,0.00,0.00,0.00,0.00,1426652.00
"0016dff12bd8caafe59e4fbb77a69536f9276e8044064491c2cd43dbeacc6f14","2024",Income Tax - Resident Individual,0.00,0.00,0.00,0.00,0.00,283550.00
"1716e0f8287e51df4ba34a02551182560b9fbd054b509a9ea08ba1c6b851c139","2024",Income Tax - Resident Individual,0.00,0.00,0.00,0.00,0.00,170802.00
"5ab14d65de554ecfa2440d348e7bfc0999d1a8e09b1124cdd37ccea2cfeb0980","2023",Income Tax - Resident Individual,0.00,0.00,0.00,0.00,0.00,0.00
cd0bdfc7eb0fe00c942146a5f959b1d4e69303de347ba0c097f4359020e8a0a5,"2023",Income Tax - Resident Individual,0.00,0.00,0.00,0.00,0.00,0.00
"16e60a52ac2cb0713c1b2699bf14fb8634c0388bae955e2bd3291acffbb0b295","2023",Income Tax - Company,484620.40,0.00,240000.00,0.00,0.00,0.00
"4fb2069102af57230fce1e76a8d643849afe098fb1680e964b45463d05cab0c1","2024",Income Tax - Company,39047.00,10000.00,0.00,21967.00,293748.00,11714.10
"1f6136205a693359662509ff457171e630189c82d0661e6740d8ce7045e3ba62","2024",Income Tax - Resident Individual,45720.00,38107.62,0.00,0.00,0.00,377407.00
"2a55072318b6de79325b1da410a01d9e4a8acaada3ad674115282b4c43de96bf","2024",Income Tax - Resident Individual,0.00,0.00,0.00,0.00,0.00,0.00
c0bab5f384aaee7f2b3233050179193be2736947242e805608091e8e3ee5fc49,"2023",Income Tax - Resident Individual,0.00,0.00,0.00,0.00,0.00,56091.00
"0df1fb6ef7023a23dbfec0f566fcc753a7691b3e3329912586b741a21f1da13f","2024",Income Tax - Resident Individual,2614234.48,348349.82,136033.00,20463.41,194432.27,0.00
de35344489bdbcacd5cb30ec046546b6babc67dd1cf2adaf75a03209e737ae4f,"2023",Income Tax - Resident Individual,0.00,0.00,0.00,0.00,0.00,0.00
"4a8686d7ccc987713d2908a419871c21cf4025f1edc8472e9c894d380509205e","2024",Income Tax - Resident Individual,0.00,0.00,0.00,0.00,0.00,182800.00
"24e9f615d43160b7281f47a69b5062264a83125741ac2391cf61aef948ca93f9","2023",Income Tax - Resident Individual,0.00,0.00,0.00,0.00,0.00,0.00
"9c513c4506d7d431eedad7e99ed3bc51fdd248ffd8295b22ff16103914377507","2023",Income Tax - Company,17701916.00,140000.00,359177.00,72174.00,14515659.00,0.00
"7eb562a70ae157bd7b15eace10b58aafc2a6b243429a68c62fbae08e96f466f5","2024",Income Tax - Resident Individual,37800.00,0.00,0.00,0.00,0.00,105741.00
"00035c19a178ff5f5984eff3e8a4ecce351920bf8f5b663a38fe9e83ea116e65","2023",Income Tax - Resident Individual,126840.00,86550.00,0.00,0.00,0.00,4029.00
"0012900bb6a014798f199529e7e34f2b1b35a5836f0f7d2de8578963f367393a","2024",Income Tax - Resident Individual,0.00,0.00,0.00,0.00,0.00,1280.00
"0004e75715bacfad022d02317c07fc6e0aa8621b8505ce55adf3b10f377b45d2","2024",Income Tax - Company,9000.00,40000.00,2917.00,0.00,0.00,0.00
"00057d19fd888439bcc0e67a5e76b1a8c3ef3a981e05cd8adaed2a5fac80f244","2024",Income Tax - Resident Individual,0.00,0.00,0.00,0.00,0.00,89210.00
"000a823712d759c999219b5b081cda3326b91f7f1448dacce673ecd68293bc27","2024",Income Tax - Resident Individual,0.00,0.00,0.00,0.00,0.00,0.00
"0004e75715bacfad022d02317c07fc6e0aa8621b8505ce55adf3b10f377b45d2","2023",Income Tax - Company,693600.00,448094.00,555775.00,6680.00,94200.00,0.00
"0013b501e98f7c105e176403d86a050aeca3cc6c411ed128eb691e9b7caa767c","2023",Income Tax - Resident Individual,0.00,0.00,0.00,0.00,0.00,123194.00
"9fc333e6cba9d3c0e0c5f0dd144be0d2929d33c6aae1c042b0a3e21fd1bd37d2","2023",Income Tax - Company,21958.00,0.00,0.00,0.00,0.00,6587.40
"25266cc43734fcb4db0a9e5c87f945fb0a92388dce7448bd75e37c041543e1f1","2024",Income Tax - Resident Individual,0.00,0.00,0.00,0.00,0.00,0.00
b80444583e11063022596dce19c1e9c93121953d9977ddd133dd0d7259164361,"2023",Income Tax - Company,22510253.00,20000.00,0.00,3700.00,6679184.00,41634.90
"1a69512654fd2ac802cc1730173e387ac7ae5562c6393726e2f2a3a8861b9ebf","2023",Income Tax - Resident Individual,1143260.00,420240.00,0.00,0.00,0.00,114318.00
"464f95c4b451ffbf9ae363932e104ecd07a13e91b392f0d9313916f3fb9e0605","2024",Income Tax - Resident Individual,0.00,0.00,0.00,0.00,0.00,14413.00
"7e7200f336cea1be22bc5394a5926d18610faeb77e14e20cb86ab857a8e63859","2024",Income Tax - Resident Individual,0.00,0.00,0.00,0.00,0.00,0.00
"7ee0145324261f47548a93708a75b0314ad1c46db5e5b00c7d5a94bd70fb93d1","2024",Income Tax - Company,7108592.00,40000.00,57024.00,25799.00,6156661.00,0.00
b90033723c7504b20fda575dc1f55c57cef596ca33d19d57d9b340fe97838527,"2023",Income Tax - Resident Individual,2276189.00,162475.00,10000.00,9444.00,132500.00,3034.00
"393f59ca0813ea60454c9f44def6984367a87ea09abf9c698b294c8852473794","2023",Income Tax - Resident Individual,0.00,0.00,0.00,0.00,0.00,29083.00
"52fd22234dda123e2ae217a72a0182e39a868672f67e8b784916ad69719a168c","2023",Income Tax - Resident Individual,0.00,0.00,0.00,0.00,0.00,109297.00
"0002f5de1d738231d93c60e0d7124c03532457399ab6b48e1a666a8bc1271c0d","2023",Income Tax - Company,9366808.00,197507.00,1800365.00,23351.00,9687017.00,0.00
"0019712519ddf8407742879d975c62314de99039bee66404473a65d553c9eccf","2024",Income Tax - Resident Individual,0.00,0.00,0.00,0.00,0.00,240328.00
"0016f7e7524cee28d560944a42d1c17f9d3478c8aea4f54723675ee6c0cd9549","2023",Income Tax - Resident Individual,0.00,0.00,0.00,0.00,0.00,0.00
"00109fbe48dd60058e38d7b9a51c5ac73a67b1f39aca6d166c8e41daef861d09","2023",Income Tax - Resident Individual,0.00,0.00,0.00,0.00,0.00,223154.00
"001aa5b7bae2e8d446316d88638c2d09990343c86dd3fac77e688cf18235ef45","2023",Income Tax - Resident Individual,0.00,0.00,0.00,0.00,0.00,0.00
"0010641400c883f6cfdec63141cf351afe83cd238ebad62b6fa074a32189db7e","2023",Income Tax - Resident Individual,0.00,0.00,0.00,0.00,0.00,0.00
"00109fbe48dd60058e38d7b9a51c5ac73a67b1f39aca6d166c8e41daef861d09","2024",Income Tax - Resident Individual,0.00,0.00,0.00,0.00,0.00,238060.00
"0002f5de1d738231d93c60e0d7124c03532457399ab6b48e1a666a8bc1271c0d","2024",Income Tax - Company,6224115.00,252397.00,2477581.00,94815.00,2636237.00,0.00
"0009f36f1bc21f9627b6912d48f9b41a3d59ea96916f888139ddf326a3edb8fa","2023",Income Tax - Resident Individual,0.00,0.00,0.00,0.00,0.00,0.00
e2f5c6b1296f2ab39549c2ba5cfa07f6522aa5114ec31f226dee9e1779a083ea,"2024",Income Tax - Resident Individual,0.00,0.00,0.00,0.00,0.00,0.00
"65297138a536aef993078310de0ef5ad57e0181de22d8263e3c490a36ae7c5b7","2023",Income Tax - Resident Individual,0.00,0.00,0.00,0.00,0.00,0.00
"4d4d0039aeb2767ac78419ab6b1f40d6082298e8e7511cd3aadee9da45a14c6e","2024",Income Tax - Resident Individual,0.00,0.00,0.00,0.00,0.00,292903.00
"246c574b99912624ff82356b183999bf1f6ed78c95a873a010e54d11eaaeeae0","2024",Income Tax - Company,4164970.00,0.00,0.00,0.00,4082833.19,7163.35
"6103306f67e161167f28ee9b40ca34f0531510e16bafe26277adf2d410903a2d","2024",Income Tax - Company,73709771.00,110000.00,3887193.00,5006473.00,40840954.00,0.00
"538ea5cc28cb2bbc9cd5340eeb4e052d62510302255e109b89924bd38c603505","2023",Income Tax - Resident Individual,0.00,0.00,0.00,0.00,0.00,124383.00
"42f583055e44d3d7b582f064d91a4e83a25b7d2ea18dbbffee15d2c77e5a3eb1","2024",Income Tax - Resident Individual,0.00,0.00,0.00,0.00,0.00,103090.00
c9327dfe92a6f300dbfa39fafbf98422d87d338099a72b5769db26acb0426fda,"2023",Income Tax - Resident Individual,0.00,0.00,0.00,0.00,0.00,75128.00
"5b77a179b1e4c8e1be303f784a7b53a038e1b5ab3d6c0618f9ffbd9682335ced","2024",Income Tax - Resident Individual,0.00,0.00,0.00,0.00,0.00,0.00
b4d75248523a3e0f813c19730bf5c509104a9d284063af27de7eeee2ad678e57,"2024",Income Tax - Resident Individual,0.00,0.00,0.00,0.00,0.00,0.00
"6deaf3d82b34daf220b263ff79b1805d9c9f7ac4626ef884e02dfcafd88ff2e6","2023",Income Tax - Resident Individual,0.00,0.00,0.00,0.00,0.00,0.00
f033225a7a2d48d10be16f5423e49f2a24f738b261d488c90d7c23b58cc64514,"2023",Income Tax - Resident Individual,0.00,0.00,0.00,0.00,0.00,0.00
"5def38b0ced51dd1ce16fafa481d5c32c2f6f86a2cd39f9d7ad31447a32f7d8c","2024",Income Tax - Resident Individual,1.00,0.00,0.00,0.00,0.00,8969.00
"1d607aecf760475bef9c5d67dbce30b816273373a42247bc48a458b3778db807","2024",Income Tax - Resident Individual,0.00,0.00,0.00,0.00,0.00,687630.00
"57543b819a9e7ba76251a08ed975cf8128d4f4dcd50a6de8479bff4299f1faa3","2023",Income Tax - Resident Individual,0.00,0.00,0.00,0.00,0.00,255490.00
ce6b18993e2c99112d868a67782aa7355dca0216302dc6562a05e1bf421db135,"2024",Income Tax - Resident Individual,0.00,0.00,0.00,0.00,0.00,5558.00
"7b34d105b4419e6b6b5f38eef29be355a1b2accaed9687f783e37e1ff90fdd72","2024",Income Tax - Resident Individual,0.00,0.00,0.00,0.00,0.00,0.00
e1cb2a8b1a2d68061ad952c6a793c61ab85678e7c7382c97d42fd7bd753f6166,"2023",Income Tax - Resident Individual,12860.00,0.00,0.00,0.00,0.00,417818.00
eb48192791637eac2a06fee57823a19c85a5865073947faf004e43acc5948c48,"2023",Income Tax - Resident Individual,0.00,0.00,0.00,0.00,0.00,712989.00
"52480c3ad15e4b080455045a66df8d1d6f77fff1424016191d894166d8fadb5d","2023",Income Tax - Resident Individual,0.00,0.00,0.00,0.00,0.00,508201.00
edde9a340aea1a9d273608da221e4537b268f0198a9b30a01f7216959cf06a7b,"2023",Income Tax - Resident Individual,11000.00,0.00,0.00,0.00,0.00,0.00
"507eefeb598ded0a0e64a91881753490469224696dfd4d59b3205bc3cb5dee10","2024",Income Tax - Resident Individual,0.00,0.00,0.00,0.00,0.00,0.00
bc39f67936ff5de5d76b6c21a713b126b1141d86eb7b2a07fafff87287f5c694,"2023",Income Tax - Resident Individual,0.00,0.00,0.00,0.00,0.00,261714.00
"0056bce05c40385cf196c15b928de020a9dbb6538eabcb899575f285d548466f","2024",Income Tax - Resident Individual,0.00,0.00,0.00,0.00,0.00,171077.00
"3b62c52572b5b2e9ef981b4bf2bcc770e1621d12e799b4c7579797e2a0e3ab4a","2024",Income Tax - Resident Individual,0.00,0.00,0.00,0.00,0.00,0.00
"0017e84c33d9c5a28148f3689f6228dca5b62d16935c9dd8f3a9d3b7e041bba6","2023",Income Tax - Resident Individual,0.00,0.00,0.00,0.00,0.00,0.00
"0014071bebbb69e2a58460ffe65e40ecc7f4cc355fc57f4974bfb2ac02146283","2023",Income Tax - Resident Individual,0.00,0.00,0.00,0.00,0.00,125793.00
"000667c16d9d05a2ad16537b25856ece62898fca582435510eaed5eb10c6643f","2023",Income Tax - Resident Individual,0.00,0.00,0.00,0.00,0.00,0.00
"0014071bebbb69e2a58460ffe65e40ecc7f4cc355fc57f4974bfb2ac02146283","2024",Income Tax - Resident Individual,0.00,0.00,0.00,0.00,0.00,144928.00
"0017e84c33d9c5a28148f3689f6228dca5b62d16935c9dd8f3a9d3b7e041bba6","2024",Income Tax - Resident Individual,0.00,0.00,0.00,0.00,0.00,0.00
def670b4a2b7fdd7c53b2f4771ea9bde6ac1277a855ee9c92723367b9d2bfaea,"2023",Income Tax - Resident Individual,0.00,0.00,0.00,0.00,0.00,0.00
e702b5a8e27fd2bf9cf1ed24c623e4c6cc5f51f987fb8fa26046147b27130c42,"2024",Income Tax - Resident Individual,0.00,0.00,0.00,0.00,0.00,74767.00
"6536c7af6868ac43eea53e45e7dbbcba954c6f30449821211bd3712471dbbd55","2023",Income Tax - Resident Individual,0.00,0.00,0.00,0.00,0.00,530887.00
dc9404d49cdb0d815c93e704ee1c7a06f9e666797c5f653086d7114c750ec7c5,"2023",Income Tax - Resident Individual,0.00,0.00,0.00,0.00,0.00,0.00
"5399079b468fe02e992687885f11cf5516292744a2f38a34eb081caba81eb009","2024",Income Tax - Resident Individual,0.00,0.00,0.00,0.00,0.00,0.00
f9b00e8d249eeac7d942112afc350dfc6704870fc39c2fcb41a1f07e7b64e3cd,"2023",Income Tax - Resident Individual,0.00,0.00,0.00,0.00,0.00,20201.00
aabcfcb9e4ee6f00cbc54ab1a83944ff3aa46ca577066cd3671932a698b733db,"2023",Income Tax - Resident Individual,0.00,0.00,0.00,0.00,0.00,157862.00
"5304ec3962390ac0fe3f5b7fa154d7faf5315503a6216b69e3e215f1ee933afb","2023",Income Tax - Resident Individual,0.00,0.00,0.00,0.00,0.00,0.00
"362df34300e70a18cc1db8b8c1e4899489fc61209d4ac248c6e858f0ae06e106","2023",Income Tax - Resident Individual,0.00,0.00,0.00,0.00,0.00,0.00
d055b408bda652b45243eeb92f9b527584d9500b0cf44c426323956bdc06e13a,"2023",Income Tax - Resident Individual,0.00,0.00,0.00,0.00,0.00,0.00
"1275ec6e422e32cecf85b3f7856ee4722a9a27a0c0e47feedad144240fa8021e","2024",Income Tax - Resident Individual,29863.00,0.00,0.00,0.00,0.00,0.00
"5f035a96a166f0adfedbfc695cbc6061472d31e6b748cc38d5698b3c32f5a6aa","2023",Income Tax - Resident Individual,0.00,0.00,0.00,0.00,0.00,0.00
b84ce0dc70686b23840f4b9588d98546aa582a1b2a3b983102134b32bda85ba9,"2023",Income Tax - Resident Individual,0.00,0.00,0.00,0.00,0.00,279949.00
d1cee062163b0e514914240a204d9089bdc23672b8161dc493fa8ccc2df5290d,"2023",Income Tax - Company,48845020.00,0.00,0.00,0.00,2370103.00,23841.90
"5552b6144a4594aceef31c97f70fad97241466cefaed441b107bc49d13de00eb","2023",Income Tax - Resident Individual,0.00,0.00,0.00,0.00,0.00,252408.00
"06ac0be9039aca65cce6b91afcc20a9b4df13b049cdf832b317f43947c4cbe95","2023",Income Tax - Resident Individual,0.00,0.00,0.00,0.00,0.00,162211.00
"8fa20f6b862c1b2bfb4c5227eeab016887458b455f004a18703afd6f2f4b1f2f","2024",Income Tax - Resident Individual,0.00,0.00,0.00,0.00,0.00,134924.00
"808715b9f7c51607c02a28fdb92880f68186ed872a0bda28d0e4b24a713c691d","2023",Income Tax - Resident Individual,0.00,0.00,0.00,0.00,0.00,170243.00
"5db7eca78c5034a05c77c4fc33301849dc412edd4eeacfb6d943de23efc5b648","2024",Income Tax - Resident Individual,0.00,0.00,0.00,0.00,0.00,0.00
eb22cf7b49b156b29de1697181ec49afc7b5925bed2a04543f12867917d2e3ec,"2023",Income Tax - Resident Individual,0.00,0.00,0.00,0.00,0.00,0.00
"00189b5b10210fa669447be40c101338732dc7688095425d283b8e0154344f0c","2023",Income Tax - Resident Individual,0.00,0.00,0.00,0.00,0.00,0.00
"000f67cb23f995f4c037b80588e2f9b3ee7d2f28f501e629b0e81211e7af4858","2024",Income Tax - Resident Individual,0.00,0.00,0.00,0.00,0.00,0.00
"00177cfc40f979a35449d5ce3259df8bc83ab24a71cfda59f47311267bf15b21","2024",Income Tax - Resident Individual,65000.00,0.00,0.00,0.00,0.00,0.00
"0010a2a7a15d941e9fd6b7abd6ab16a4af064f30de70a84a416be8197e0714e0","2023",Income Tax - Resident Individual,0.00,0.00,0.00,0.00,0.00,0.00
"000df4885b996877a413a16640df998fb145f2d5623e9bc0ff66ca279cb0dcb9","2024",Income Tax - Resident Individual,0.00,0.00,0.00,0.00,0.00,18455.00
cd16421e15b7d0b97c51ce08c26ac7726d6547d635191bb13a1132c0e18ddb97,"2023",Income Tax - Resident Individual,0.00,0.00,0.00,0.00,0.00,63416.00
"9808eaffda34b997fb1cc01883b54246a70f4c485dbeaa5c861cf51575922b94","2023",Income Tax - Resident Individual,0.00,0.00,0.00,0.00,0.00,18601.00
"9feeb3282064db46315d60d41f647a216f4f2b596fcf4f591945555a0f9cb95c","2024",Income Tax - Resident Individual,0.00,0.00,0.00,0.00,0.00,0.00
e04d10e6fa7e3170fd140d2a91870094c9e792125f987bb58af029532a8f5526,"2024",Income Tax - Resident Individual,0.00,0.00,0.00,0.00,0.00,212598.00
"5caad108150a5079031b9c1a442a6355c97a5f36eb739014cae0e57192559ff7","2023",Income Tax - Resident Individual,0.00,0.00,0.00,0.00,0.00,0.00
eeba332205f919a7b14779d2d06f738172f655b2daa5812862e53624f59a97c0,"2024",Income Tax - Resident Individual,0.00,0.00,0.00,0.00,0.00,88517.00
"30397a9f0fe9373c8abae9f70777a3b9d13eeffbcda327ce7060c283cf7f3e6e","2024",Income Tax - Resident Individual,5666298.00,13450.00,0.00,0.00,201583.00,1767.00
a75d19af38c63dc803a1e27a49371e3bde4fb19ec44c8667d4538455d7615a77,"2023",Income Tax - Company,8863609.00,0.00,42860.00,4156.00,769446.00,0.00
"94922d14c3cd5758d87cce1d18cff9bb60fcb04fbb20b78801e2cf66b7234aa0","2023",Income Tax - Resident Individual,0.00,0.00,0.00,0.00,0.00,0.00
"2672abd5e8a23d2dbbe10cea670116737eac94aab8e073ab0ec2ef46bfe33c6b","2023",Income Tax - Resident Individual,0.00,0.00,0.00,0.00,0.00,341212.00
"432c975964f1a9378684ff9d642171e270a5bb8ce9a41dae6d7397d6fe5458a0","2023",Income Tax - Resident Individual,0.00,0.00,0.00,0.00,0.00,3553.00
"67eab3030e20c1967b4c80e42fbdbe89176e01da9a44fa8780fe398bf5de02a1","2024",Income Tax - Resident Individual,0.00,0.00,0.00,0.00,0.00,0.00
dee1fab1b3b373d1fa45060d6e10c4402231c6686b0eb6d962649c2fff337f22,"2024",Income Tax - Resident Individual,0.00,0.00,0.00,0.00,0.00,243427.00
"497b22f14220a5269068c3ca15c3c1d9c92c21c2ff81e434cb24b65de8f83845","2024",Income Tax - Company,2087081.00,391213.00,52125.00,10950.00,1509997.00,36838.80
c92c0f01606644b3719f922e943650578f8392dd978abfa13b8ec260c2578c25,"2024",Income Tax - Resident Individual,0.00,0.00,0.00,0.00,0.00,0.00
"4c4fd0ea1f872484f8a3e121a3eaf7953bf0a26f09f01d0c0cd87d4802fc55a2","2023",Income Tax - Resident Individual,776727.84,0.00,0.00,0.00,854464.50,0.00
bed86aa553064c89d05c107d76a511bdef19a5d4a9630133a12aa08a6a5acb8b,"2024",Income Tax - Resident Individual,0.00,0.00,0.00,0.00,0.00,0.00
"70371709cb4c7d7d2c4067e198f45f77655efce823d0e078d78b97583770a39e","2023",Income Tax - Resident Individual,0.00,0.00,0.00,0.00,0.00,183455.00
"228e666fd65216e37946012ea939739cd79f15b55fee83a3e33ec643f82eb9d1","2024",Income Tax - Resident Individual,0.00,0.00,0.00,0.00,0.00,0.00
"94d68d3e6b1ea760c29a810365cd0e916b700ec58d6f51ce757d32a415b12d3b","2023",Income Tax - Resident Individual,0.00,0.00,0.00,0.00,0.00,0.00
"000879571cf59678d2b3c74d9b810af3d1db96916d5d8a32fbaf8079d728a8bf","2024",Income Tax - Resident Individual,0.00,0.00,0.00,0.00,0.00,198775.00
"000879571cf59678d2b3c74d9b810af3d1db96916d5d8a32fbaf8079d728a8bf","2023",Income Tax - Resident Individual,0.00,0.00,0.00,0.00,0.00,179703.00
"001ac2df99fbe38853643d1af863f7d243b1c6db8a8824830ca7fd742095de1a","2023",Income Tax - Resident Individual,0.00,0.00,0.00,0.00,0.00,59536.00
"001517132f35f3ae31dac0b805abad8aca699b0a5db8cba21acf1b15dd2f0898","2023",Income Tax - Resident Individual,0.00,0.00,0.00,0.00,0.00,160276.00
"0013561173b14845e34c4cb8d41bec4698c133ce03b68da2a5bb62e867eeeb2b","2023",Income Tax - Resident Individual,0.00,0.00,0.00,0.00,0.00,0.00
"001517132f35f3ae31dac0b805abad8aca699b0a5db8cba21acf1b15dd2f0898","2024",Income Tax - Resident Individual,0.00,0.00,0.00,0.00,0.00,124720.00
"000c62409edfc214f17a76cf9edcfd41390357a70a9337711b25d80f7b8722ab","2024",Income Tax - Resident Individual,0.00,0.00,0.00,0.00,0.00,0.00
"000a24ff2886f3ecedc049ac3e0ffab136b278a8dfc72b43b049dd83cfe4ee42","2023",Income Tax - Company,0.00,0.00,0.00,0.00,1037545.00,0.00
d02aa107583d0753b06b2432cd000e9ed996ac86fd2042749b65a74becf63748,"2023",Income Tax - Resident Individual,0.00,0.00,0.00,0.00,0.00,0.00
"703479014ef27c51514b86777d08f80fb5a7d3463d597626d039f879a42cc604","2024",Income Tax - Resident Individual,0.00,0.00,0.00,0.00,0.00,0.00
e0dab76aae6dfdadcc1563a4e2273c5e5e5d48877fe90d76ba41cf56114073dd,"2023",Income Tax - Resident Individual,0.00,0.00,0.00,0.00,0.00,1062905.00
c0fd3834d25106e5b7460d6674e5a5c4a99670f8a7a4f883d39b57395217961e,"2024",Income Tax - Company,13645087.45,826565.00,0.00,176579.00,0.00,197899.43
"850574af3693084da42ccc29290154762b1950c4cf8b40c9310431dd242827db","2023",Income Tax - Resident Individual,5000.00,0.00,0.00,0.00,0.00,83025.00
"92538a303771ca411516ba8b9a8e1642074cd75a5e63eb9873ff96a407ad3caa","2024",Income Tax - Resident Individual,0.00,0.00,0.00,0.00,0.00,94789.00
"4eedd6f538493989eaad010bd82a011f421691bc1b0b2c7a16429e48d780087f","2024",Income Tax - Resident Individual,0.00,0.00,0.00,0.00,0.00,300973.00
f2e075416a58187b5a150a368c1c21f9e968ae218e0521c8ab46a286846d24f2,"2023",Income Tax - Resident Individual,0.00,0.00,0.00,0.00,0.00,88106.00
"76cb6f1a7558d3a7698158dd807b1eb11a8980b351ccf70085cb6e75a8a5c77b","2023",Income Tax - Resident Individual,0.00,0.00,0.00,0.00,0.00,122692.00
"73cd3f9f241d55ed3cad6d0d0ba4be0be56eeac4ab68349e63e5dcacf8ad7bdb","2023",Income Tax - Resident Individual,437320.00,62100.00,0.00,0.00,0.00,21805.00
"7b307af7446701b4e85c88d20b71213b55cc3f18e71050892e7d4043b0eb39df","2023",Income Tax - Resident Individual,0.00,0.00,0.00,0.00,0.00,0.00
"2de221fbab93e2a5224e72df7c31ceb3e933db4c7d7d4c3e9d232417c3710c54","2023",Income Tax - Company,1499872.00,15000.00,23821.00,13544.00,799934.00,0.00
"7a4a7f605ddba02d426c04a319cc838c163e7f25d8286afe034a4235c5a11900","2023",Income Tax - Resident Individual,0.00,0.00,0.00,0.00,0.00,0.00
"345ba5eea879aa9aa917b3bb1d40ee3f2f8272c358246b87e693cb79db4a684d","2024",Income Tax - Resident Individual,0.00,0.00,0.00,0.00,0.00,214383.00
"8103717a0a066a06597924e97e0365b43cc5c34bc91869a620aeb0862b1b93a8","2023",Income Tax - Resident Individual,0.00,0.00,0.00,0.00,0.00,239455.00
ca70aa27bff1c3c3abd439bcb7901f0c708a3e9a982d42c8f677a7a0a3951909,"2023",Income Tax - Resident Individual,0.00,0.00,0.00,0.00,0.00,1049194.00
"93ff4eb856fd20f0c924067baed36f1c6ab7ba0dd0d3fc0bd47a9d29665bb400","2023",Income Tax - Company,2472014.00,15000.00,18674.00,8336.75,763521.00,9174.98
"000f576d4d0ddf1df7064d7771ed7704d3909c8160dac1b92f63c14709cf1658","2023",Income Tax - Resident Individual,0.00,0.00,0.00,0.00,0.00,0.00
"000927206798c0fa84a71c9ed5bcee352e623819e875494193230fcd2ddf6bdc","2024",Income Tax - Company,2764500.00,1060489.00,6874816.00,30194.00,3005578.00,0.00
"000927206798c0fa84a71c9ed5bcee352e623819e875494193230fcd2ddf6bdc","2023",Income Tax - Company,2531589.00,976685.00,6836245.00,28629.00,2408322.00,0.00
"0017fcee75a30786fc22caa0ff1b968c788589cd6edb176f85d049dc7cc8b32d","2023",Income Tax - Resident Individual,0.00,0.00,0.00,0.00,0.00,178874.00
"0010adab50eb0685ccb07b900d5b1a0a59749809eb45ea9e47fe09545423b1a1","2023",Income Tax - Resident Individual,0.00,0.00,0.00,0.00,0.00,0.00
"000a24ff2886f3ecedc049ac3e0ffab136b278a8dfc72b43b049dd83cfe4ee42","2024",Income Tax - Company,0.00,0.00,0.00,0.00,921292.00,0.00
"000ffc072ab49d1ed0c08daf3305a10cd104ac8464e8134f275be38bc8baa226","2023",Income Tax - Company,0.00,0.00,1384688.00,0.00,616895.00,0.00
"1c3c9c427cd76c547a4d0deebcb98b0481e0459f50470cf02c55039f0b6d1212","2023",Income Tax - Resident Individual,0.00,0.00,0.00,0.00,0.00,1512989.00
"1aaf807af65e1114903bb824dd60c9d4d1bb31106617103d32e310b6dfa9d1fc","2023",Income Tax - Resident Individual,52524.00,30000.00,0.00,2767.00,11000.00,164054.00
d47ee08349874cc68701ded248a7162f8a9be1da332c899c6f95486b93766243,"2023",Income Tax - Resident Individual,0.00,0.00,0.00,0.00,0.00,13120.00
"481f19ce88599be8b6f2e23d5a59021248084d31aff3fac797056c75e17a93ac","2023",Income Tax - Company,1613702.00,0.00,0.00,0.00,760757.00,538.50
"3aa8c47cc249dc2fb4e862e8d2feb343d492a85d3c431254cd091ac5f6cb30ec","2024",Income Tax - Non-Resident Individual,0.00,0.00,0.00,0.00,0.00,0.00
"4be48043fd0418e8c508ef89a0ec9c8cdac1847aed7fe32e214c3fd4082a48fc","2023",Income Tax - Resident Individual,0.00,0.00,0.00,0.00,0.00,216021.00
f7d77a2f76485163d36ef307459c23683601e0e70b136111cab921e1bc119a85,"2023",Income Tax - Resident Individual,0.00,0.00,0.00,0.00,0.00,82458.00
a7cf9b61406a5a8e78ca26cf10a91818bada9e922db7b42fceaac86d30a13637,"2023",Income Tax - Resident Individual,698340.00,696545.00,0.00,12345.00,63000.00,32246.00
"002bac9d4015f7c561e4f03b1d480657ac9e88fcc482e5afb7460689f865a818","2024",Income Tax - Resident Individual,0.00,0.00,0.00,0.00,0.00,51136.00
"2c2bbe0107df10fcae9a158a3b3d269403bd4ebe8690d8c091cdb6dc697684ed","2024",Income Tax - Resident Individual,0.00,0.00,0.00,0.00,0.00,831900.00
"000ffc072ab49d1ed0c08daf3305a10cd104ac8464e8134f275be38bc8baa226","2024",Income Tax - Company,9026125.00,0.00,63516.00,0.00,344463.00,425208.30
"000f820347019be929b55f7212ad9f7473715031a6cebfd38be7cb74671ed134","2023",Income Tax - Company,0.00,60000.00,0.00,15370.00,0.00,0.00
"000196049b4d7bc1d0678aebc5928460c75b837a4e1d5223edcaf91648131163","2023",Income Tax - Resident Individual,0.00,0.00,0.00,0.00,0.00,0.00
"000f820347019be929b55f7212ad9f7473715031a6cebfd38be7cb74671ed134","2024",Income Tax - Company,0.00,60000.00,0.00,8640.00,0.00,0.00
"0000095581f691126945e45a4c4785712445fcd5c7f691d67c5b35cc8bb0b8fe","2023",Income Tax - Resident Individual,0.00,0.00,0.00,0.00,0.00,0.00
"00019b156980a2c430bb62fcd62002f25e46cdd18ffd5c44d9b910bb38075e88","2024",Income Tax - Resident Individual,0.00,0.00,0.00,0.00,0.00,0.00
"001aeda8301d5cdd6fdbee4834500477280814be11ebceca173d6259ae7d63de","2024",Income Tax - Resident Individual,0.00,0.00,0.00,0.00,0.00,304895.00
b5ae9015e26921fd8e89e76bc25db708e9c7dcab049edac07f9bb4cc7893b981,"2024",Income Tax - Resident Individual,39722.00,33102.33,0.00,0.00,0.00,150934.00
"0a7c66e1b716d1bba055e3821e8d14c84b869bc1f39676174d5976c48d14af02","2024",Income Tax - Resident Individual,0.00,0.00,0.00,0.00,0.00,21319.00
"2b61805713c171e0aba59ba35d464474690c2a3105b6ea0414ea3fbf912de344","2024",Income Tax - Resident Individual,0.00,0.00,0.00,0.00,0.00,0.00
a04b0593ecbc1fa8772a539f06ba401ed0d827c9b4a41457fbb8ff6f2830ef16,"2023",Income Tax - Resident Individual,0.00,0.00,0.00,0.00,0.00,85580.00
b56bc326b15897e500d826a2fb76030413f766d850cf4151806d3836b69339f5,"2023",Income Tax - Resident Individual,0.00,0.00,0.00,0.00,0.00,0.00
"76454f866ab51c8a73de06043c5773e4f1aa723e9da30fdb1b8491f6778cf186","2023",Income Tax - Resident Individual,0.00,0.00,0.00,0.00,0.00,0.00
c9a214d98131a541fdbfbbbc4dbb056524a90c75a28947675d709fb180919f16,"2023",Income Tax - Resident Individual,0.00,0.00,0.00,0.00,0.00,0.00
"1c19eddddd85b121345d2e585e3f88d3683b42274b3f4390461d066f6169a2a5","2023",Income Tax - Resident Individual,0.00,0.00,0.00,0.00,0.00,0.00
"01ffdc6d0e6b31a04fae929c707261830bcc95dcd9a2c8b08fba2d270576e712","2023",Income Tax - Resident Individual,0.00,0.00,0.00,0.00,0.00,0.00
dd9ab949349f6c4c3800c365dc7a833838fdb313156f3c5369048c82ab71993e,"2023",Income Tax - Resident Individual,119700.00,0.00,0.00,0.00,0.00,908970.00
"4702f079728cb1d15b4eddf36151c7f9d373102cf55ec933e5110a63fc371614","2023",Income Tax - Resident Individual,0.00,0.00,0.00,0.00,0.00,0.00
"4ea2b2bce6910e762bbe801f71b526eb9bae8fbfbd38666c97dcef9f242a50af","2024",Income Tax - Resident Individual,2923809.00,1308070.00,156000.00,0.00,0.00,5495021.00
"001c18ce2c412d69e909dca591c3afc057375a91224dded4b8cad314890ffae2","2024",Income Tax - Resident Individual,0.00,0.00,0.00,0.00,0.00,0.00
"0003fe36a9d93cd9c0ce9ee23e6ce1e6508c1b3428fa1a022e928432b4c762f8","2023",Income Tax - Company,1295715.00,39363.00,201506.00,72671.00,775236.00,0.00
"00014c52f13cd34212faeb87d3363de03758410a2579b067433042c93321dcaa","2024",Income Tax - Resident Individual,1842031.00,237250.00,52300.00,0.00,78000.00,0.00
"00014c52f13cd34212faeb87d3363de03758410a2579b067433042c93321dcaa","2023",Income Tax - Resident Individual,3196800.00,656670.00,305500.00,0.00,66600.00,79501.00
"001c18ce2c412d69e909dca591c3afc057375a91224dded4b8cad314890ffae2","2023",Income Tax - Resident Individual,0.00,0.00,0.00,0.00,0.00,0.00
"1d427aea2ab2f2a3525583d29bc5a89839e6cdfe021c3b4f1c7a76ed79382562","2023",Income Tax - Resident Individual,0.00,0.00,0.00,0.00,0.00,0.00
"71127fb7b374fc5be69b6b6727ba91f9bf190d162fe4f003147b644d064878a5","2023",Income Tax - Resident Individual,250000.00,105000.00,0.00,0.00,0.00,4500.00
b495d0c8a45a463232795f1ea2390599ab0082e3ff5abfee44096abe4fc6f290,"2023",Income Tax - Resident Individual,0.00,0.00,0.00,0.00,0.00,30346.00
"40cf058e6033ffc7653ea0c3b6990f8fb5319e45d8e4ad8eec59a2976316c663","2024",Income Tax - Resident Individual,0.00,0.00,0.00,0.00,0.00,69114.00
"2a6413da70d33b0408cd08458ac00e425e10951e29cd3e3fa87c28cc1afe2d45","2023",Income Tax - Resident Individual,2678383.03,17606.00,0.00,5634.36,470051.22,5585.00
"146d6071a848443cdf6a4454ab57a017aa4fcb9b32dc0ee87b801aaf56c4b135","2023",Income Tax - Company,1724820.00,0.00,0.00,0.00,51048.00,0.00
a63101c11b9da6f7d899261c5a4d431cee2e01144884a332520dd6b00cf2b879,"2024",Income Tax - Resident Individual,0.00,0.00,0.00,0.00,0.00,509974.00
"44b07a68729cbefb040f415051b22da0ee24e376dd2dd5b0fb262155a8b62eed","2024",Income Tax - Resident Individual,0.00,0.00,0.00,0.00,0.00,0.00
"586a353789c8c107b949a97533f76f59b518f56efae93fe161eb0218fa78756c","2024",Income Tax - Resident Individual,0.00,0.00,0.00,0.00,0.00,0.00
"3c2bff0eca9eba3f31e6eb113c1a46a45633f681e7670d1d48cf1334cfc99474","2023",Income Tax - Resident Individual,0.00,0.00,0.00,0.00,0.00,0.00
afbec17c2d993b5391c5410327110446dd7885697cfd4f3f1d9a925835e79bb1,"2024",Income Tax - Resident Individual,331900.00,39400.00,0.00,0.00,0.00,1125.00
"70acc1466638e775ed3b51ac6f6cdaf51a6a4d715799394a9e53a555d07ada12","2023",Income Tax - Resident Individual,0.00,0.00,0.00,0.00,0.00,0.00
"000c6e0e5a36ff57051493360931cac3a2240cab1e9ce792d67c4cc4231963af","2023",Income Tax - Resident Individual,0.00,0.00,0.00,0.00,0.00,0.00
"0017a2d5c814f72afadf825cfc9bb6f421ab8929af4c92c70b1031c3b1ff6008","2023",Income Tax - Resident Individual,0.00,0.00,0.00,0.00,0.00,0.00
"0003c9cfd9d8566475475f90b31bb0c987ec808d2910d7fcc05b3d8ddffa489e","2024",Income Tax - Resident Individual,0.00,0.00,0.00,0.00,0.00,0.00
"00066b5dc4610d054291478ee64633f8a93d313517061ddd39b9a8d2d6d9de5e","2024",Income Tax - Resident Individual,0.00,0.00,0.00,0.00,0.00,0.00
"9b09c3164b9a30a3c1ce526f700fa0069f914fa32604c7dc43d62b1cfc928acb","2023",Income Tax - Resident Individual,0.00,0.00,0.00,0.00,0.00,0.00
e3d5d651529f9746d14c5bb1dfc66c832db319d46add39b97ede0514ad1e68ee,"2024",Income Tax - Company,0.00,70000.00,0.00,748.00,0.00,0.00
"1b6aba95e8be929bf570e41fa0b9f090d01d3188606c412315a240f376075fcc","2024",Income Tax - Resident Individual,4260000.00,0.00,0.00,0.00,0.00,2502000.00
"5fba53c3c522c16b6c26f937e89ba01dbec85c32348b2151ab2c78e780163433","2024",Income Tax - Resident Individual,0.00,0.00,0.00,0.00,0.00,178174.00
"69b2117fe48b83e674ffd5ba54b6ac41753f8127b9a58e67784a1d4d346821c3","2024",Income Tax - Resident Individual,4953440.00,457077.00,240000.00,0.00,10000.00,504465.00
cccbd508dee08aed2961cfb1eeba44139a7d2f0cd6592ade3c8cf4924dd6c17d,"2023",Income Tax - Resident Individual,0.00,0.00,0.00,0.00,0.00,438520.00
ed5a0cd9c80e32ee9a2a497090baac40962360aba19c8dbd3af6dd28bc771091,"2023",Income Tax - Resident Individual,0.00,0.00,0.00,0.00,0.00,408538.00
bf340e6a1d8ae03e56f2b51aa477458ba4c1cd9d13207a1278f0c650ad8d5308,"2024",Income Tax - Resident Individual,0.00,0.00,0.00,0.00,0.00,0.00
"94b197fa33e668a9b406b774523e16b514af451182a3e6ddf4a1ac179442b30a","2024",Income Tax - Resident Individual,0.00,0.00,0.00,0.00,0.00,628628.00
bdfbb793f2f236cee9bde9c812db132acbf5fe1aecf229c3f2e34631ca62e150,"2023",Income Tax - Resident Individual,0.00,0.00,0.00,0.00,0.00,0.00
"5960c326d6fa2b1384e689f26ed168c16881cde50a85d17494fbc9869645bea0","2023",Income Tax - Resident Individual,78933.00,0.00,0.00,0.00,0.00,107580.00
"86a98678bae6d02924282ce82ff36157765670268dd65362e8fad7f742e79b20","2024",Income Tax - Resident Individual,0.00,0.00,0.00,0.00,0.00,0.00
a872712f723a4f1b4eff15fd37a62729c88820f490a43d21bf69993505f78a74,"2024",Income Tax - Resident Individual,33345.00,27788.00,0.00,0.00,0.00,179841.00
d34f34a5c0609cd4e0f3e385eb3836cd4a9ff12b94db2433305c7446aa735261,"2024",Income Tax - Resident Individual,0.00,0.00,0.00,0.00,0.00,17400.00
"238aa26024c79b2463b3d716a59c57faa79554461f4cb88f6bbcbe4bc8655573","2023",Income Tax - Resident Individual,0.00,0.00,0.00,0.00,0.00,0.00
"336b618a5f711af883c1f1f874cfdfbd0453b6e91e957490780bfe0f06dcede0","2023",Income Tax - Resident Individual,0.00,0.00,0.00,0.00,0.00,262808.00
aa6d1f7ef2748c4b7db5979df05c4b58436ee291bc72031a4f7afb03deef32e9,"2024",Income Tax - Resident Individual,0.00,0.00,0.00,0.00,0.00,86232.00
eed3d8ba34ab87f8e5360d3057e60c4d33f988089eef7520e6d19f1cd3cfa0e1,"2024",Income Tax - Resident Individual,0.00,0.00,0.00,0.00,0.00,203465.00
"00162e894035294ebe3de88748d34c2a6b55a8e7c7cc21777cd9301408a5d7dd","2023",Income Tax - Resident Individual,0.00,0.00,0.00,0.00,0.00,0.00
"001999857be7d3fd57934c325dae9d99403bddbdf45ed4b29eb79ee359224cb5","2024",Income Tax - Resident Individual,0.00,0.00,0.00,0.00,0.00,0.00
"001999857be7d3fd57934c325dae9d99403bddbdf45ed4b29eb79ee359224cb5","2023",Income Tax - Resident Individual,0.00,0.00,0.00,0.00,0.00,0.00
"000f1da5561cab3cfe754d29a54e51b628a02a8ebed328b8532cb1caf7e73f53","2024",Income Tax - Resident Individual,0.00,0.00,0.00,0.00,0.00,2072070.00
"000f1da5561cab3cfe754d29a54e51b628a02a8ebed328b8532cb1caf7e73f53","2023",Income Tax - Resident Individual,0.00,0.00,0.00,0.00,0.00,2076754.00
"00066b5dc4610d054291478ee64633f8a93d313517061ddd39b9a8d2d6d9de5e","2023",Income Tax - Resident Individual,0.00,0.00,0.00,0.00,0.00,0.00
"2f14020007e9cf4c378cf3471d8999c6c8d10282527f6a929cea313e338e7b46","2023",Income Tax - Resident Individual,0.00,0.00,0.00,0.00,0.00,0.00
"422c2e27a4948cff286038f7d6a1e6cc63d8d056f9faf4e90d60150c9efa2a4e","2023",Income Tax - Resident Individual,0.00,0.00,0.00,0.00,0.00,82458.00
"3d756e72cac8d687a9e5e89cd98cdd3ed8d75f61a47f8fbdcf412bfa4e3e0bdd","2023",Income Tax - Resident Individual,0.00,0.00,0.00,0.00,0.00,0.00
"257d8fd2b74eaf892c1c507e9a4de772bd3077c1d86f7652bbf68d2406155e3b","2023",Income Tax - Resident Individual,0.00,0.00,0.00,0.00,0.00,236888.00
d680e4a7d441d92e5d8c20662eb800f9ab613fc199cd5382d92fa2c1bc16ce4d,"2024",Income Tax - Resident Individual,0.00,0.00,0.00,0.00,0.00,415623.00
ec3d9ed304d19f68697322ef40c99198acf31c54f28ad141fac2731c1baa1456,"2023",Income Tax - Resident Individual,0.00,0.00,0.00,0.00,0.00,0.00
"7d0d5dbd467d1cc7b4f1cd362a3907219bef20e1ac504eea37c295018758f441","2023",Income Tax - Resident Individual,0.00,0.00,0.00,0.00,0.00,0.00
b3179e04fad86a56b6c7ff65376cec8579e55959deb3f4438a6ad1874e33fa4c,"2023",Income Tax - Resident Individual,0.00,0.00,0.00,0.00,0.00,0.00
b553193e22b5d087beb6797f95b22a1a31165941be41adcf7fc8b4822163b281,"2023",Income Tax - Resident Individual,14219.00,0.00,0.00,0.00,0.00,0.00
d57c4f02aef3d4a7010d1c19badd8c7280e2868cef838c528761ca3186dcfe7e,"2023",Income Tax - Company,810.00,0.00,0.00,0.00,0.00,243.00
e5c8fa1ee4e71b3a23773e2fb36580207cedb5f6e0fc6cd191adc36941dc21eb,"2023",Income Tax - Resident Individual,0.00,0.00,0.00,0.00,0.00,0.00
"000944a4d14f3e9d1014612bc7d86f30fa432dbbaf09114ee4bc57553fc13053","2023",Income Tax - Resident Individual,0.00,0.00,0.00,0.00,0.00,0.00
"0003d5b4a9369a5ce66f170500ac3853561cb1bc8e75b30f9a58ad3458aa7989","2023",Income Tax - Resident Individual,0.00,0.00,0.00,0.00,0.00,0.00
"000ce5372b55e68bb8e244e5cf4814e83b7d380afaf0b20c9bed3961e79b49d7","2024",Income Tax - Resident Individual,0.00,0.00,0.00,0.00,0.00,103314.00
"001369d51f59609ff379bfb19e4ade4da8e0cddc686ad3466c11a1f9a43411f9","2023",Income Tax - Resident Individual,0.00,0.00,0.00,0.00,0.00,20888.00
"000850765e48f49fd56ba45760bf93aa771454fb9922ba1273be542b8b95b64d","2023",Income Tax - Resident Individual,0.00,0.00,0.00,0.00,0.00,0.00
"11802a7c0aca52a643fa6d852577299ab6f806b33d6a7dcdd545624695e8f216","2023",Income Tax - Company,1335300.00,76204.00,8826.00,14780.00,0.00,50176.80
"937d77c4912cfb537aa1c9a89e62ce6680b73f09790192db98b7f92ca11d35a9","2023",Income Tax - Resident Individual,0.00,0.00,0.00,0.00,0.00,0.00
eab0e569cee24f30d366f048d7e4b7f6eafe967fedcf101aa71535c47a3e8c2d,"2024",Income Tax - Resident Individual,0.00,0.00,0.00,0.00,0.00,0.00
cf506ae8e89ae58893c9f8a290e96100299ebbdb8d26bde9e85a5a8070d5065d,"2023",Income Tax - Resident Individual,0.00,0.00,0.00,0.00,0.00,178874.00
"3956e4afa052979f6a923b3deddfbb50f7a25994570ed2ac4e638f9d8ed69db5","2024",Income Tax - Resident Individual,0.00,0.00,0.00,0.00,0.00,398236.00
a0d77881b8aca979286ba1b4fb7f32f3b2fdd9e727c6b3eac51759165b810071,"2023",Income Tax - Resident Individual,308325.00,128325.00,180000.00,0.00,0.00,0.00
"11385f8f4804e7f3204af6c2bdf21e70848dcc75c14d0750828c695dfb894529","2024",Income Tax - Resident Individual,0.00,0.00,0.00,0.00,0.00,97241.00
"7b9e0781c4ce1ec4a4eeadc51b4df9db0cb1a24ef69c211530b7036639ad0809","2024",Income Tax - Resident Individual,0.00,0.00,0.00,0.00,0.00,0.00
"3d16bbca8788b94cd0824199b0e1f4bffe8ccc1e1a466a89d625d37e51584304","2024",Income Tax - Resident Individual,0.00,0.00,0.00,0.00,0.00,12600.00
"7ee4e0568e710adca2c19a16ce96e6ea9ab7663650028cfe73b7c1204a41e251","2023",Income Tax - Resident Individual,0.00,0.00,0.00,0.00,0.00,0.00
"562f33aa69732278e7c05ec3b93cfbfd6350bb15ab7089f40884884f2d95563c","2024",Income Tax - Resident Individual,0.00,0.00,0.00,0.00,0.00,152868.00
"32d1f2948a6ddc168f17e459de3f6e962b1eab4ec22ac7c4f8294f79345fab74","2024",Income Tax - Resident Individual,425241.00,0.00,0.00,0.00,0.00,9287.00
c70f2b53618ff9883fe1309ef30b4c59463ff8333d57855656969ef16569817d,"2023",Income Tax - Resident Individual,0.00,0.00,0.00,0.00,0.00,0.00
c39cf1841040e77bf2aee4a2e54acd3b216737846641dd8e24a4a2795abc7ca9,"2023",Income Tax - Resident Individual,0.00,0.00,0.00,0.00,0.00,87476.00
"69405338cdc7ef8e046d30497985062557862d34a3bc1c5f3409d6c5e8ab022a","2023",Income Tax - Resident Individual,0.00,0.00,0.00,0.00,0.00,0.00
"52dbb4057bb829ded9c0f18c687ae6df09a300452705bafa708ed73d857aae69","2024",Income Tax - Resident Individual,0.00,0.00,0.00,0.00,0.00,0.00
"13efca401cb2d774123523e81ad96b670daeaf4e8a36a7f3a55354c703933dff","2023",Income Tax - Resident Individual,0.00,0.00,0.00,0.00,0.00,34136.00
"000897656b39d56df780d1b7e77dbc5ab110a31e6da31be46fac2cba17c69cae","2023",Income Tax - Resident Individual,0.00,0.00,0.00,0.00,0.00,0.00
"0001277b1c73349b6251f3cb72e349447ee940f1f3ec8c89f034de3e2e001faf","2023",Income Tax - Resident Individual,0.00,0.00,0.00,0.00,0.00,61389.00
"0013b4b1b4da433de2ee616e0ba138698625596162ea747938819215a0684883","2023",Income Tax - Resident Individual,0.00,0.00,0.00,0.00,0.00,0.00
"0013b4b1b4da433de2ee616e0ba138698625596162ea747938819215a0684883","2024",Income Tax - Resident Individual,0.00,0.00,0.00,0.00,0.00,0.00
"000cda1dc4e2d94c66c73487778dd9dbf3a67b7e1f5bdb5d8c06dde6d805bb33","2024",Income Tax - Resident Individual,51880.00,0.00,0.00,0.00,44150.00,202740.00
"000ce5372b55e68bb8e244e5cf4814e83b7d380afaf0b20c9bed3961e79b49d7","2023",Income Tax - Resident Individual,0.00,0.00,0.00,0.00,0.00,85773.00
"0001277b1c73349b6251f3cb72e349447ee940f1f3ec8c89f034de3e2e001faf","2024",Income Tax - Resident Individual,0.00,0.00,0.00,0.00,0.00,72937.00
"000cda1dc4e2d94c66c73487778dd9dbf3a67b7e1f5bdb5d8c06dde6d805bb33","2023",Income Tax - Resident Individual,51496.00,0.00,0.00,0.00,42850.00,181468.00
"0002d6f2f4ae97f8252812d67dffba25bcdb71bd970521cc2ee2fed623d43378","2023",Income Tax - Resident Individual,0.00,0.00,0.00,0.00,0.00,0.00
"000ce3d936516e19e3a2dd7fd09af264f7b2148ae8db03d6d5970ed7d3584423","2023",Income Tax - Resident Individual,0.00,0.00,0.00,0.00,0.00,0.00
"00097c37a608f2a71a2bf477dcd0e2e443de2a53e0c04dfe819d86f20a7f11dd","2023",Income Tax - Resident Individual,0.00,0.00,0.00,0.00,0.00,140715.00
"00045ba5f74db9f7fea3eb0dd38af850b9e9aae33e9cf704de73b40dbe13100b","2023",Income Tax - Resident Individual,0.00,0.00,0.00,0.00,0.00,72003.00
d36f8412d2b9eb6e3802b9b98082a5f82042f5bc86968b350b4613a43422634b,"2024",Income Tax - Resident Individual,0.00,0.00,0.00,0.00,0.00,40532.00
"5ff4371c6de42b5c3757cdb57e4a0f273d5d4d236440e2545a2424afc33529cd","2023",Income Tax - Resident Individual,0.00,0.00,0.00,0.00,0.00,31718.00
"0cd8fc374e3a07daacafec0cf6a5f26066710ec64b8a1dcbb9271577a83d85d3","2023",Income Tax - Resident Individual,0.00,0.00,0.00,0.00,0.00,62086.00
aac2aa07df9a45dca877c88e7b80fb8fadafc2c534354c498392ca5dbd01f23e,"2023",Income Tax - Resident Individual,0.00,0.00,0.00,0.00,0.00,105859.00
"7391780eb2223680d0b364aa57a96574a1df9b32faefc1114dbfacb04f4f259a","2024",Income Tax - Resident Individual,0.00,0.00,0.00,0.00,0.00,0.00
b4a34f161520fe39ebf98bf69e1b5d6eb31a72fb0adf9dbfa6e3e9719c22638a,"2024",Income Tax - Resident Individual,0.00,0.00,0.00,0.00,0.00,145338.00
edb656068e97f6f86dc6800581909b693fa75f6d61e671b85f7cd3290772a684,"2023",Income Tax - Resident Individual,0.00,0.00,0.00,0.00,0.00,0.00
"95962b4499bb1a2926e7051d91d0cbda3ab98a61ac3694298e300b9bbce9f1e7","2024",Income Tax - Resident Individual,450000.00,101400.00,126000.00,30000.00,0.00,0.00
"57fdc3ae373fb241fb22ba6ffc00b710bab283490fd90b58e9010e8eb65933a5","2023",Income Tax - Resident Individual,0.00,0.00,0.00,0.00,0.00,0.00
"64251fcbbd970e3e58c86c7bc5673e34df3b485a626635e5f3a13fa401eec32e","2023",Income Tax - Resident Individual,0.00,0.00,0.00,0.00,0.00,95643.00
"027b4cfa72fb250a50e225e277ce11945f9470087200d1b72ac46051a3440ef1","2023",Income Tax - Resident Individual,0.00,0.00,0.00,0.00,0.00,198575.00
e9fb3cc0246778f94e4e8171d2235f9b87466fe6992c9b18c912a977c45b0e45,"2023",Income Tax - Resident Individual,0.00,0.00,0.00,0.00,0.00,67719.00
"8a95d1bff9cc0370f3944e8be4a0260834c0688cebb348daf5fe362b342e14ee","2023",Income Tax - Resident Individual,0.00,0.00,0.00,0.00,0.00,98349.00
"00067312de3ee6c152bcc23fea0f04f6bc9cb4d2eeebaf4b46b9866296d3c198","2023",Income Tax - Resident Individual,0.00,0.00,0.00,0.00,0.00,0.00
"000ce3d936516e19e3a2dd7fd09af264f7b2148ae8db03d6d5970ed7d3584423","2024",Income Tax - Resident Individual,0.00,0.00,0.00,0.00,0.00,0.00
"00045ba5f74db9f7fea3eb0dd38af850b9e9aae33e9cf704de73b40dbe13100b","2024",Income Tax - Resident Individual,0.00,0.00,0.00,0.00,0.00,157227.00
"00097c37a608f2a71a2bf477dcd0e2e443de2a53e0c04dfe819d86f20a7f11dd","2024",Income Tax - Resident Individual,0.00,0.00,0.00,0.00,0.00,150332.00
"000d47ad3a0b873d23a0b89e2c6f89ad31f2a96787502bbc7782ab201620ef79","2024",Income Tax - Resident Individual,0.00,0.00,0.00,0.00,0.00,0.00
"00103dfe01f221ac445ca5d3c34b97d192e421dc7b0abd7f7b8dfe27178e1319","2023",Income Tax - Resident Individual,0.00,0.00,0.00,0.00,0.00,0.00
e5da9e709c075869436fdb254a84dc44b7ccd0a80a2213871d2f7eee871a56df,"2023",Income Tax - Resident Individual,496235.00,383110.00,127500.00,0.00,20600.00,0.00
dfa2c5fd49b8fdf2863303260847131b76c48069611e33e6031acaef884db1d4,"2023",Income Tax - Resident Individual,34600.00,0.00,0.00,0.00,0.00,194733.00
"74a703fbb9cbc5c2cf52898e1abd0f652df9875f10f66578eb85d7eb57d93b36","2023",Income Tax - Resident Individual,0.00,0.00,0.00,0.00,0.00,6453592.00
"9934f9658705834a583802922b4194bb7f9504d405e48db9dd4e26048cbc1852","2024",Income Tax - Resident Individual,0.00,0.00,0.00,0.00,0.00,0.00
"807d62f028780965a5aa2b42edac1b5dadbfa8a00bf34095e4e4a9ead1abd596","2024",Income Tax - Resident Individual,0.00,0.00,0.00,0.00,0.00,58171.00
"56471c7d93c0419c6a4567a590186cf1551b6bd6fc80712162e25049c53a1d13","2023",Income Tax - Resident Individual,132000.00,0.00,0.00,0.00,9574.66,886206.00
f4874ec0416f06fdaa83bc4035ba55273a2e852f08d74133018b851cafd37236,"2024",Income Tax - Resident Individual,0.00,0.00,0.00,0.00,0.00,0.00
ff7286caf7c639768c51f7cb4379b2332a626687d0eb914b579b5b404e475978,"2023",Income Tax - Resident Individual,0.00,0.00,0.00,0.00,0.00,90542.00
b3845b4aa7bf11af6673c2b347b2c5abc1d23bbdd3e732ba86e2b544f2e24314,"2023",Income Tax - Resident Individual,0.00,0.00,0.00,0.00,0.00,0.00
c65ac4aa80de6db29b5b49da283e25e4fd1c2673a4e4d08c53429cd573b084ad,"2023",Income Tax - Company,9415355.00,311218.00,220977.00,74059.00,164129.00,266088.93
"57e8fbc6c48c2aa8ce74572567bfa895f4408421c899f2d09e7c727f0db26e38","2024",Income Tax - Resident Individual,0.00,0.00,0.00,0.00,0.00,0.00
"3bfaff14ae4c0b7b1f78de7275ec2334d6414ae4c2549c3ddb21340071cb5a95","2023",Income Tax - Resident Individual,0.00,0.00,0.00,0.00,0.00,336763.00
"7f34734977e78d2f8f27c0698c5a0a1e4da4af2adec7605e8dead6b0f5032088","2023",Income Tax - Resident Individual,0.00,0.00,0.00,0.00,0.00,0.00
eb7c9ad9af2022cb6676604b460b2a288b95198ae2019f9f8130079977448551,"2023",Income Tax - Resident Individual,0.00,0.00,0.00,0.00,0.00,239655.00
"8d9bca8385118ab20e690502298823d479d7f2730c750732cec257193698c19d","2023",Income Tax - Resident Individual,0.00,0.00,0.00,0.00,0.00,0.00
"238171066c77d4d1ae124f09de81238fa7b5827c4a95edb3ebe23d08229992b1","2024",Income Tax - Company,407664.00,0.00,0.00,0.00,0.00,122299.20
c876f92c29492df2160cb10041a5841a7fd2ebc99ae7faa0ab5d1d056ee8a2d5,"2024",Income Tax - Resident Individual,30088.00,0.00,0.00,0.00,0.00,0.00
"94c643c2691001613bca384ec2193e9c4452beeb0078b6328703047a0ce5a65f","2023",Income Tax - Resident Individual,20581196.00,363931.00,40376.00,609312.00,313527.00,103486.00
"3909a424519a0a5283b6c225006dc98cd742cb6357af6b489a46f479d45c2bed","2024",Income Tax - Resident Individual,0.00,0.00,0.00,0.00,0.00,5209.00
cde814b340f1eb92753f33a13d84a8f2c2721e36b33380249783c46dea1e30a7,"2024",Income Tax - Resident Individual,0.00,0.00,0.00,0.00,0.00,0.00
"001a6da3f5b1b403f00f7355a9b4905bbb463243927550d3eb0e81f10b2d48ed","2023",Income Tax - Company,14591271.00,453190.00,255963.00,25348.00,913085.00,0.00
"001b1305c1baac60a6fe0e2a13315f1cf57b805d38ce4357e2253b357f00ed7c","2024",Income Tax - Resident Individual,563750.00,447800.00,0.00,0.00,0.00,191119.00
"000d47ad3a0b873d23a0b89e2c6f89ad31f2a96787502bbc7782ab201620ef79","2023",Income Tax - Resident Individual,0.00,0.00,0.00,0.00,0.00,0.00
"000ff8f32613721af1b0ef1abbf66feb876ee623a97f5a69a2c441e9c48a377d","2023",Income Tax - Resident Individual,0.00,0.00,0.00,0.00,0.00,0.00
"00103dfe01f221ac445ca5d3c34b97d192e421dc7b0abd7f7b8dfe27178e1319","2024",Income Tax - Resident Individual,0.00,0.00,0.00,0.00,0.00,0.00
"0002e205a95328450eb40e9e8efdef12d56f52b9c66134886209d7512b6ecb20","2023",Income Tax - Resident Individual,0.00,0.00,0.00,0.00,0.00,0.00
"001c44611a9e5bc3c8a23cb9a87684ed73e14298a321be775d884d502b099233","2023",Income Tax - Resident Individual,0.00,0.00,0.00,0.00,0.00,0.00
"00094c7660ef8604da51f6c817dec646d502d4b8bfc934b14f1a7ce98f8cabc5","2023",Income Tax - Resident Individual,39689.00,2500.00,0.00,37200.00,0.00,195262.00
"0009c9eaedc38be6f8f1840b83de45f1d9da4e5a4d41c61cfe490e9aba5c9678","2023",Income Tax - Resident Individual,0.00,0.00,0.00,0.00,0.00,1181704.00
"000de6334fdcf2049ba4b9e22b6ccb3bff1b1ec81c2dc62fb99e5121ac03392c","2024",Income Tax - Company,11345955.00,13286.00,3285923.00,80678.00,1217152.00,210677.40
"15a89b19932793e6149f13a7e39038499e3230b597c44b23a75fdc97601ca935","2023",Income Tax - Resident Individual,0.00,0.00,0.00,0.00,0.00,0.00
cc4339ad576f814a484e021d7c8a553ec01e70b36a9cb31bd211ccb17e6ad3c3,"2024",Income Tax - Resident Individual,0.00,0.00,0.00,0.00,0.00,22208.00
"040cf4a88aead99d5b5411e2159bb90b1d5c2aa0e0f01005be841505e25b4ae0","2024",Income Tax - Resident Individual,0.00,0.00,0.00,0.00,0.00,0.00
a4996fdc2f649bda609bddd558a71aa10aff29b932263b2a9e1389a4888e7999,"2023",Income Tax - Company,9693434.00,0.00,1115200.00,0.00,60000.00,4605.90
e517d07a1cd0c880a00dc0b2ea087477665e1f4907d82af3048a7049742aa663,"2024",Income Tax - Resident Individual,0.00,0.00,0.00,0.00,0.00,0.00
"5f1186cc5881e9fba55a412858548b8da5d5b2aa563578b447c572d34c57524a","2023",Income Tax - Resident Individual,0.00,0.00,0.00,0.00,0.00,3502214.00
c9e625ff0180905b58a2e8c97cb8b5793acdd31d0de15148de75b9e27b393a0c,"2023",Income Tax - Resident Individual,0.00,0.00,0.00,0.00,0.00,0.00
c721c771fa19b6e4689c5301f18f948d0e9d21be90e9049146ef17d646aa5180,"2024",Income Tax - Resident Individual,0.00,0.00,0.00,0.00,0.00,283578.00
"5ba695efe2b24100b3ee2e62f0b36f03ac23494cca5b4d638798e8f67aebde6c","2024",Income Tax - Resident Individual,0.00,0.00,0.00,0.00,0.00,14415.00
"9c595f4e20834af139bf0b32a4abda78e597638a4fd8600b50339fc05fbd2520","2023",Income Tax - Resident Individual,0.00,0.00,0.00,0.00,0.00,0.00
eea95336d5cb02e39e48d018363cc43801bf2919c6e3d50c0e68e3aad748a755,"2024",Income Tax - Resident Individual,0.00,0.00,0.00,0.00,0.00,216953.00
"001552279b7108b9ac42df97fa4820193d09630f2a33a5e0d3103f960aec59ab","2023",Income Tax - Company,20000.00,8500.00,6000.00,0.00,0.00,1650.00
"00171527cde26ea75a704a9a4f6b20172ec0c84ab7b5c4fa5356dcd7cbc56a38","2024",Income Tax - Resident Individual,0.00,0.00,0.00,0.00,0.00,205557.00
"00171527cde26ea75a704a9a4f6b20172ec0c84ab7b5c4fa5356dcd7cbc56a38","2023",Income Tax - Resident Individual,0.00,0.00,0.00,0.00,0.00,183218.00
"000db55abfabfd5408db3ba8f6741158e9afb64b942edda88f502125ccb4e1ce","2023",Income Tax - Resident Individual,0.00,0.00,0.00,0.00,0.00,58389.00
"000de6334fdcf2049ba4b9e22b6ccb3bff1b1ec81c2dc62fb99e5121ac03392c","2023",Income Tax - Company,8840173.00,5140.00,3146137.00,5397.00,1006213.00,224000.49
"001552279b7108b9ac42df97fa4820193d09630f2a33a5e0d3103f960aec59ab","2024",Income Tax - Company,5500.00,0.00,0.00,0.00,0.00,1650.00
"000db55abfabfd5408db3ba8f6741158e9afb64b942edda88f502125ccb4e1ce","2024",Income Tax - Resident Individual,0.00,0.00,0.00,0.00,0.00,72937.00
"00105c7d0c7a84ad05387253a5e4629654b8a99b79a21f3913b337ebac10ca96","2024",Income Tax - Resident Individual,0.00,0.00,0.00,0.00,0.00,3830.00
"571a430d5c662f072366f61cba0121a0a2bc0be93d9c32059f40851a4ad88410","2024",Income Tax - Resident Individual,0.00,0.00,0.00,0.00,0.00,53396.00
"822a2a3780b54388e50c043176e70d654ee241ba515ca69b73842f5cf80b7eb2","2024",Income Tax - Resident Individual,0.00,0.00,0.00,0.00,0.00,0.00
"08fd658daee66dd02bc1b7f50d0905840c4fee13bda630ff05d7ae59311c704c","2023",Income Tax - Resident Individual,0.00,0.00,0.00,0.00,0.00,397366.00
"115ce33d63b6ea38a76708ab4212d63e2fda7a1b33bed8adc97b8e2ff7607ce1","2024",Income Tax - Resident Individual,0.00,0.00,0.00,0.00,0.00,1133205.00
aecd31c38ccb26626588a305f9c25802861d8f58fd7d664b9193be61cda09a78,"2023",Income Tax - Resident Individual,0.00,0.00,0.00,0.00,0.00,492888.00
"5a21ebbf213259f56dd3d500d25e86c89953ee1ba62da247fcff2c916a58845a","2024",Income Tax - Resident Individual,0.00,0.00,0.00,0.00,0.00,55761.00
"7ec42f89214c77d7ef98f79d4403fd71730ff46fd67fb566dd857b99c075c9ba","2023",Income Tax - Resident Individual,0.00,0.00,0.00,0.00,0.00,23161.00
defa42f2edae25d32c55c072c1902dae3f9c002568420f7057aa1c2915f0b15e,"2024",Income Tax - Partnership,1313.00,0.00,48207.00,0.00,0.00,0.00
caf42bd8eff24c259375f067cbdf9dab9fb9f60210caea9a4a59d3160c71557d,"2023",Income Tax - Resident Individual,0.00,0.00,0.00,0.00,0.00,0.00
d0b1617ebc2132682f11135e71e6c40ce6d30d51112f30219450d762b8614e7d,"2023",Income Tax - Resident Individual,0.00,0.00,0.00,0.00,0.00,0.00
"82e7e67b61089d9ba12624a21e0d9ee968c387a8d4ac79e1b1c290eed4a9b176","2024",Income Tax - Resident Individual,0.00,0.00,0.00,0.00,0.00,0.00
"23693f805716415d67816bb5f91b6a760d3552f198d0bce6f36cd07192432b59","2023",Income Tax - Resident Individual,0.00,0.00,0.00,0.00,0.00,11940.00
"00102d70812c380339e527d2bb35d5b2cd69435f6d45575ec45befcbe3bfd5c0","2024",Income Tax - Resident Individual,0.00,0.00,0.00,0.00,0.00,0.00
"0008b0de80455614b3e4ccc325392ee98620550920184217a96e1bd680b65698","2024",Income Tax - Resident Individual,0.00,0.00,0.00,0.00,0.00,95885.00
"00102d70812c380339e527d2bb35d5b2cd69435f6d45575ec45befcbe3bfd5c0","2023",Income Tax - Resident Individual,0.00,0.00,0.00,0.00,0.00,0.00
"000ec7d8273c1e1d635f49356d3831a5c6cf75522b583e9efeb3e603dbf43ee6","2024",Income Tax - Resident Individual,0.00,0.00,0.00,0.00,0.00,157290.00
"001136761f1b71b72fdc1d7fbd7ff061a19c83990ca3ff7acc6517d0a86350f2","2023",Income Tax - Resident Individual,0.00,0.00,0.00,0.00,0.00,0.00
"000a881e6b55048e0fe5941c4ed7b5a9ab393f666acc8625b3089cfc6ae11f7c","2024",Income Tax - Company,12488586.00,408802.00,0.00,2495612.00,6289806.00,0.00
"000e24b04e626e6ef6e45d22a8b162b0de2fd7b04348c2223a136d5054364783","2024",Income Tax - Resident Individual,0.00,0.00,0.00,0.00,0.00,489428.00
"000e24b04e626e6ef6e45d22a8b162b0de2fd7b04348c2223a136d5054364783","2023",Income Tax - Resident Individual,0.00,0.00,0.00,0.00,0.00,363874.00
"000a881e6b55048e0fe5941c4ed7b5a9ab393f666acc8625b3089cfc6ae11f7c","2023",Income Tax - Company,7037768.00,610196.00,0.00,1130801.00,5043020.00,0.00
"0001b8abfdb3fdd7adc50255a301662de8431c370cae2b0a18b00c3f9a8be9f4","2024",Income Tax - Resident Individual,0.00,0.00,0.00,0.00,0.00,0.00
"000fe54b43d3fa420d18d9cc1b0c5cf39d5e7e34cb56399dfb6fdaceabf56786","2024",Income Tax - Resident Individual,0.00,0.00,0.00,0.00,0.00,28008.00
"2d777d8449d7474d23989271b37108434fc64692731c2d83c5a42b3f927c810c","2023",Income Tax - Resident Individual,0.00,0.00,0.00,0.00,0.00,0.00
"44e0c5a77e93ac967903528ce02c284430c81187821d33dc73293d4b17390bd2","2023",Income Tax - Resident Individual,0.00,0.00,0.00,0.00,0.00,0.00
"275d6fb25425f2d903d51be618a69c927939629a7f52c81a810aade54e20b471","2023",Income Tax - Company,2717.45,0.00,0.00,360.00,60400.00,0.00
ab84614add0d5f85786f99862275ffe31dcb8401b7aa2e47c314143bff379fae,"2024",Income Tax - Resident Individual,0.00,0.00,0.00,0.00,0.00,132350.00
"711b7dde48a59eef2a51b0509b22a8a23e647d8a92d5ac2480dff8f2c8f957a1","2024",Income Tax - Resident Individual,0.00,0.00,0.00,0.00,0.00,0.00
"26616d5276c90b8a19037a2103281800607f7ddf3e956c8d6b64f51eb1741d39","2023",Income Tax - Resident Individual,0.00,0.00,0.00,0.00,0.00,2955.00
"3b177d8167ab92126bebc3c1998f35d9ccf22aaaa3b279eab99c5153d7ad24c4","2023",Income Tax - Resident Individual,0.00,0.00,0.00,0.00,0.00,32099.00
"3d19fd01df01c7ea99f22f122785c51fec8b72b9b06ceedfa14df34ac5b33a05","2024",Income Tax - Resident Individual,0.00,0.00,0.00,0.00,0.00,0.00
f4f4a8cc697951d3279c67830ce49d23a7b438c7ab69207f99599239b0866c72,"2023",Income Tax - Resident Individual,0.00,0.00,0.00,0.00,0.00,140140.00
a16a97f39bfe48a619cc97817395aa13b5aa227df5cd1491a40e952d98367be8,"2024",Income Tax - Resident Individual,0.00,0.00,0.00,0.00,0.00,386748.00
"6e1a7c26dc774015a8de57dc0988baf9e5a7689efcdd2ac9d4be3f5d0de5036b","2024",Income Tax - Resident Individual,0.00,0.00,0.00,0.00,0.00,77773.00
d966287fc75c5bed3340a271ff1fe897673dde5d090ed82dfbcf819ff921e3cf,"2023",Income Tax - Resident Individual,0.00,0.00,0.00,0.00,0.00,111090.00
"99c7eeefb73785b32001d2949720df804ad0b547199d577040d2a1545c606271","2023",Income Tax - Resident Individual,0.00,0.00,0.00,0.00,0.00,0.00
"00039546b5be394cfbcdf02470c758d96e9942b6fbb66ba1c951c2c8767681af","2024",Income Tax - Resident Individual,488700.00,0.00,0.00,0.00,0.00,48877.00
"00039546b5be394cfbcdf02470c758d96e9942b6fbb66ba1c951c2c8767681af","2023",Income Tax - Resident Individual,327930.00,254500.00,0.00,0.00,0.00,0.00
"001bf6847943867254e905c6662eebf43fad95a3c4736545da2460829965d996","2023",Income Tax - Resident Individual,0.00,0.00,0.00,0.00,0.00,33444.00
"001bf6847943867254e905c6662eebf43fad95a3c4736545da2460829965d996","2024",Income Tax - Resident Individual,0.00,0.00,0.00,0.00,0.00,41357.00
"7d71c2bb42b9089c3d27099f7b303b7dd2f03f1adb59debb9b90259b7c77614a","2023",Income Tax - Resident Individual,0.00,0.00,0.00,0.00,0.00,0.00
"40c4d3328ce1ba32a73e8d51a5122b5e15458d7c70733ca50382a4812ffe52ec","2023",Income Tax - Resident Individual,0.00,0.00,0.00,0.00,0.00,0.00
bb906c07cb19cc5382f1c272d35240b7768f9de1088dda856d926a97c052c62d,"2023",Income Tax - Resident Individual,0.00,0.00,0.00,0.00,0.00,0.00
"55fa42ed7b5e6d9247cf03d5a364212bebb76e301594b9622f159315a2bb45af","2024",Income Tax - Resident Individual,0.00,0.00,0.00,0.00,0.00,0.00
"187f223f2ed89e686318eec1fbd8e922bbb1e443c4af17adfeaa3dd6109efff3","2023",Income Tax - Resident Individual,0.00,0.00,0.00,0.00,0.00,0.00
"5d5859d3953f8649ac2e7b8628311c87b72c9e3171c7b3ca01eaa36594d4fc4d","2023",Income Tax - Resident Individual,0.00,0.00,0.00,0.00,0.00,341212.00
"8c0926207ea946645bd470c77b63f0106d8562e9916b866c47e0421aaca0dc24","2023",Income Tax - Resident Individual,0.00,0.00,0.00,0.00,0.00,0.00
"2b82e397965c96fe2665107a6e0626ed7692119773dd6827a8cfa5a348ab4d08","2023",Income Tax - Resident Individual,0.00,0.00,0.00,0.00,0.00,691616.00
"2678eaf9f194fa0b2dd2842ebb698262bf4e24546bb861e42205d876193863d4","2024",Income Tax - Resident Individual,0.00,0.00,0.00,0.00,0.00,10286.00
e3cdd2189af2f146d48740ea57af95c722e88984322c4da2c29bc8429ec9eb36,"2023",Income Tax - Resident Individual,0.00,0.00,0.00,0.00,0.00,125506.00
"0013be7600ed3bf99faa2e6410de692d12ab0b78bf1396c96a65adb38c67b51c","2023",Income Tax - Resident Individual,0.00,0.00,0.00,0.00,0.00,0.00
"0013be7600ed3bf99faa2e6410de692d12ab0b78bf1396c96a65adb38c67b51c","2024",Income Tax - Resident Individual,0.00,0.00,0.00,0.00,0.00,0.00
"0000993e8ef2bf5d936f636556cb188f9991a87e892a97c31522bd468f69bda6","2024",Income Tax - Resident Individual,0.00,0.00,0.00,0.00,0.00,50352.00
"000f17e01ad2d6b11f30efc1674c848407a043b8cc227bbffdba1d9f33c39857","2024",Income Tax - Resident Individual,0.00,0.00,0.00,0.00,0.00,0.00
bfcbbfc6201c79e35d4ead98da3151d038c200d2aa96d783d54850a4c66dcf49,"2023",Income Tax - Resident Individual,0.00,0.00,0.00,0.00,0.00,0.00
"953051cfab4ffeb2d571907c7b6ede7ef09ad9be75cace03855e55d62b9e2cac","2024",Income Tax - Resident Individual,360200.00,196000.00,18750.00,3562.00,0.00,17998.00
eedae69ab5d1f639304e6aa0ee71b2e562e4582a1e72f828ec285fb1ab31ee7c,"2023",Income Tax - Resident Individual,0.00,0.00,0.00,0.00,0.00,0.00
"0e64a730715a56575f540950438d4268903c1c54ce81bd8368b32cf5e0479876","2024",Income Tax - Resident Individual,0.00,0.00,0.00,0.00,0.00,115419.00
"829331c7aa1d2fdbd8d9fb5dd5b089651dee84f196bde1e0576fe26ccf1be7b7","2023",Income Tax - Resident Individual,0.00,0.00,0.00,0.00,0.00,0.00
"1bd590540fbd3953c3c76bcb218c32e0ba9b12c199a257a35ca63d109fe0e42f","2023",Income Tax - Resident Individual,0.00,0.00,0.00,0.00,0.00,0.00
cdc3e8c1267544b65d2c3cd17093908e9f0cd9d986e60acbe42294e0e5cfca92,"2023",Income Tax - Resident Individual,0.00,0.00,0.00,0.00,0.00,0.00
a50a96605392cc2017f0f61c3e8c4fa5d5870d04f690c4ff4b4f383f26ce573b,"2023",Income Tax - Resident Individual,72000.00,0.00,0.00,0.00,72000.00,0.00
"1297e44be5adf9fac7c24173a57a9129984802bb412e9e7e3456a89ea3cdbcda","2023",Income Tax - Resident Individual,0.00,0.00,0.00,0.00,0.00,0.00
e3a93111bf1178d2f5c0deed26b7ca893743e92684f193bd9b6211dfb6b8479c,"2023",Income Tax - Resident Individual,0.00,0.00,0.00,0.00,0.00,0.00
bf05199f342d4a9c1deed518250b0030da43468608a28d8032930dac99a804a1,"2023",Income Tax - Resident Individual,0.00,0.00,0.00,0.00,0.00,93248.00
"000f17e01ad2d6b11f30efc1674c848407a043b8cc227bbffdba1d9f33c39857","2023",Income Tax - Resident Individual,0.00,0.00,0.00,0.00,0.00,16826.00
"0009f47ebf08793d5d459586338fbe78a261ef01202696d3b1d7b3b9e49fe5eb","2024",Income Tax - Resident Individual,0.00,0.00,0.00,0.00,0.00,0.00
"00068104e1a8d2b0cbcec93d9ee155001435a54160f1d4611ab1b799649c0b8c","2023",Income Tax - Resident Individual,22500.00,21000.00,0.00,0.00,0.00,941883.00
"647b853bc544058826d2b74542bdbf0c3772d4a65c8848962fd3db9ef2a7273e","2023",Income Tax - Company,1.00,0.00,0.00,0.00,0.00,0.60
d3e81be2e5352e2862cf0aa9e843e6f66a3832f869c2cc3fdf5f95b1415088ac,"2023",Income Tax - Resident Individual,0.00,0.00,0.00,0.00,0.00,613816.00
"51a870a03244c09b11aeb0c93fac2ff35bd6fa87ac1dddb267a4ca40220312a0","2024",Income Tax - Resident Individual,0.00,0.00,0.00,0.00,0.00,68215.00
"98f9ae7c37114410b952007a69eccd2c630b943f0391792bcc1c820a720dde53","2023",Income Tax - Resident Individual,0.00,0.00,0.00,0.00,0.00,0.00
a80687ac4df684e3581feddc2a53a44abe38495487b378f84004041ecb4c6b53,"2024",Income Tax - Resident Individual,0.00,0.00,0.00,0.00,0.00,178174.00
de3f9f46cacf946219755c305d4b7bb34c6e1d0433f763e6879f8e50294a64b4,"2023",Income Tax - Resident Individual,0.00,0.00,0.00,0.00,0.00,375042.00
"5d005cafd78389249e6fd8a9f4d197542f315803cfbd9193842e443da8f2bea9","2024",Income Tax - Resident Individual,7592.00,0.00,0.00,0.00,0.00,3726.00
"6f0c4ddf33aa159c330fb7e734dce79de1c675ef28378409e8feb55bf8cf6999","2023",Income Tax - Resident Individual,0.00,0.00,0.00,0.00,0.00,0.00
f1fd6a7a2e5faf8fc83a33889aed8a0a7b38bf69fa37f566cbfce8e52ba2a000,"2023",Income Tax - Resident Individual,0.00,0.00,0.00,0.00,0.00,79523.00
"2e7cdcf1a0ee3c86ab1371fec98ca85b11a8598386dd11445b7c0a3765d89245","2024",Income Tax - Resident Individual,0.00,0.00,0.00,0.00,0.00,928793.00
"6c60cda10b320860980a0a29786c50c64d98687f5ec02a43c5a19f39191cc90b","2023",Income Tax - Company,32053559.00,0.00,0.00,0.00,25742335.16,2709752.65
"5aff3d18a307a3040c651f91e61eebd61821d2f77236613a5030833edbe5c63e","2023",Income Tax - Resident Individual,0.00,0.00,0.00,0.00,0.00,0.00
"15982a7cb2a7053ae1356b3253303352131bb4450b7a5d3599118e162eecce93","2023",Income Tax - Resident Individual,0.00,0.00,0.00,0.00,0.00,0.00
"98be034bf0f4f6b7708b7492fce6899102deb75036e23cff10b77740d0ad6155","2024",Income Tax - Resident Individual,11404.00,0.00,0.00,0.00,0.00,1141.00
"68fe4b3daf304dc8e70f58cb2b96ad0cbddcfcf7331642352817abcc9cc1167f","2024",Income Tax - Resident Individual,0.00,0.00,0.00,0.00,0.00,24848.00
"00068104e1a8d2b0cbcec93d9ee155001435a54160f1d4611ab1b799649c0b8c","2024",Income Tax - Resident Individual,205200.00,77920.00,0.00,0.00,0.00,1061444.00
"000c1e4b04747c08c492ca388ce677751b9b874a27b97f3e46f4dc97bf9ba7e0","2023",Income Tax - Resident Individual,898560.00,64900.00,0.00,2870.00,455830.00,12562.00
"0009f47ebf08793d5d459586338fbe78a261ef01202696d3b1d7b3b9e49fe5eb","2023",Income Tax - Resident Individual,0.00,0.00,0.00,0.00,0.00,0.00
"000abdcab42bfa4a542f55be1a405779767a5f884e85d40a6cfa2e5d247a8536","2024",Income Tax - Resident Individual,0.00,0.00,0.00,0.00,0.00,21210.00
"00163e9f5d1da8a4fb33dbef4b337162270925a823c9d8c46761f75b6e58d371","2023",Income Tax - Resident Individual,0.00,0.00,0.00,0.00,0.00,779169.00
"000c1e4b04747c08c492ca388ce677751b9b874a27b97f3e46f4dc97bf9ba7e0","2024",Income Tax - Resident Individual,262640.00,218871.04,0.00,0.00,0.00,0.00
"0011012a0a53400735902eb4b2d63a5eaed0b63757876273f659dc06c43d807d","2023",Income Tax - Resident Individual,0.00,0.00,0.00,0.00,0.00,98011.00
"001882ef49b8fa9a09b019aa1accb319d51947bc2cae3b3f9feea57552c0e48e","2023",Income Tax - Resident Individual,0.00,0.00,0.00,0.00,0.00,0.00
"0011012a0a53400735902eb4b2d63a5eaed0b63757876273f659dc06c43d807d","2024",Income Tax - Resident Individual,0.00,0.00,0.00,0.00,0.00,106259.00
"4f611eef330eb1155230396e7f6c410221fefb7a1f6903ab59a52a2585ced0f9","2024",Income Tax - Resident Individual,0.00,0.00,0.00,0.00,0.00,0.00
"7daf6b2f813a77c575e318f4f6c2e9c3816c59d376b04d079e15de3aaae3acb3","2023",Income Tax - Resident Individual,0.00,0.00,0.00,0.00,0.00,180329.00
"3547cb395606ff37d29f13c4cbaaee421708f5bac6c2ffdc57fc9edc8156fdc7","2024",Income Tax - Resident Individual,0.00,0.00,0.00,0.00,0.00,89453.00
"55df262932bcdd8f69671765e00da311f72882785cb63f411b92c81e0a49d87c","2023",Income Tax - Resident Individual,0.00,0.00,0.00,0.00,0.00,0.00
a23997d04962cc667dd1f921df811908a776c2b24b0860a2deb852bb5d76f51d,"2023",Income Tax - Resident Individual,0.00,0.00,0.00,0.00,0.00,238927.00
"38f6f6182acd7109b371f3c0957540392b40d12b4686f7f18b9a5c00fe3df647","2023",Income Tax - Resident Individual,0.00,0.00,0.00,0.00,0.00,0.00
ebabd7cd5f78ce76e158b621b3fc7d368f21e7ef8dbcd341c2a4b7e8ca03ded1,"2024",Income Tax - Resident Individual,0.00,0.00,0.00,0.00,0.00,0.00
"29104643e6817c7927e75de77ec0d917608ea1f2a273ffd65a1c620da74186f6","2024",Income Tax - Resident Individual,0.00,0.00,0.00,0.00,0.00,0.00
"54c47762f81651136ff128bb9c944f615a49ef8692976a1bedfdfa869138b3f5","2024",Income Tax - Resident Individual,0.00,0.00,0.00,0.00,0.00,11335.00
af871b455180679a3342923b50a417d7eea1c39ab91cfd15b4069ff5bbd99135,"2023",Income Tax - Partnership,4995132.00,0.00,0.00,0.00,2107946.00,0.00
"6fde4a02c38c3f43d92823d16a0975849c6d34b47e11fd583759ec2e7d124689","2024",Income Tax - Resident Individual,0.00,0.00,0.00,0.00,0.00,34515.00
"0001e1cc987d44ea216a760c9a60b1fb11fcc7faf12e958c53752aefa508ea22","2023",Income Tax - Resident Individual,0.00,0.00,0.00,0.00,0.00,0.00
"0011f069eae4895421e9406fc3d4a2ba388ef8b05ea1c161bc8f48e6569588d5","2024",Income Tax - Resident Individual,49980.00,41650.00,0.00,0.00,0.00,108117.00
"0011f069eae4895421e9406fc3d4a2ba388ef8b05ea1c161bc8f48e6569588d5","2023",Income Tax - Resident Individual,0.00,0.00,0.00,0.00,0.00,341032.00
"000e2b340c6bb57081f65991dd1362e683db9b80924d0db3f9ba9117b51043a4","2024",Income Tax - Resident Individual,0.00,0.00,0.00,0.00,0.00,3497.00
"00093dd436a1ffab8f0cce0c4f99b7ae60ef31d46119b816dd03e5df2383f639","2023",Income Tax - Resident Individual,0.00,0.00,0.00,0.00,0.00,5513.00
"000e2b340c6bb57081f65991dd1362e683db9b80924d0db3f9ba9117b51043a4","2023",Income Tax - Resident Individual,0.00,0.00,0.00,0.00,0.00,0.00
"0008f885d8e83faed9d60d9e7751b46e74d67067a955e61f3a6d147e984dd58f","2023",Income Tax - Resident Individual,0.00,0.00,0.00,0.00,0.00,98012.00
bea9589e4935ff0b876b59810e08bc5f02cd35d7b081fb4a6c92af30d5039328,"2024",Income Tax - Company,23948133.00,45000.00,0.00,456452.00,3635333.00,6216.90
d4af2f24e4315e77e28bf090fd866e1d95637d1a2b558562c8e96ad5e12c386c,"2024",Income Tax - Resident Individual,0.00,0.00,0.00,0.00,0.00,3989.00
"09e0143f2285f976cef5414a4339e6a194d521e4df34b468f4ac9dd5f40de348","2024",Income Tax - Resident Individual,0.00,0.00,0.00,0.00,0.00,0.00
"8b0b4aed16c661012a2cb58347c494e8a0f789f182907b70ab24bcae7b33595a","2023",Income Tax - Company,10202271.00,1033795.00,0.00,70645.00,0.00,280804.20
"0dc3b18a20c7f2961c8d59b0f082ce2e2f8a238a4f4bbd432c3337a7a47ee99e","2023",Income Tax - Resident Individual,0.00,0.00,0.00,0.00,0.00,262502670.00
f344d900ccae13f937258878f00d80d5207fcef69e985cae9111064bda777232,"2024",Income Tax - Resident Individual,0.00,0.00,0.00,0.00,0.00,0.00
"945aa1ee763c1252b23c78e2961eaff62861f3f538fbba1f8ae93a0d057cd82c","2023",Income Tax - Resident Individual,0.00,0.00,0.00,0.00,0.00,1002632.00
"92cb030408b59e247b3b666f24ff9bd2ecd632732734154841992a172e068e2e","2024",Income Tax - Resident Individual,0.00,0.00,0.00,0.00,0.00,0.00
b4bfb8111d11996fe8ec4529aad4fc0eb2017ba319ea166e7212dda8ea15fd8a,"2024",Income Tax - Resident Individual,0.00,0.00,0.00,0.00,0.00,99392.00
"50f540caf0b80c56c4db9e3ad25680f5fb312bec4322374e36d01bf73f67b30b","2023",Income Tax - Resident Individual,0.00,0.00,0.00,0.00,0.00,0.00
ac93d89d82a31c542574cf0da81dfa151281cb89a3dc001c6f7cde3998e939b5,"2023",Income Tax - Resident Individual,1187897.88,0.00,0.00,0.00,476312.18,9420.00
"2f3d521c6f95876a84f1c33cb92dfabc6a89cbd3687a032167c7f10bf7796dc6","2024",Income Tax - Resident Individual,0.00,0.00,0.00,0.00,0.00,0.00
"675e27d24f61db34019b500ad547ac628f951117d1a3f7c05fc4637aff28c260","2023",Income Tax - Resident Individual,0.00,0.00,0.00,0.00,0.00,0.00
"1e06cae14b0b7eecf8d2943f9099cf5a3124f4274ca2bb64ae8db76ff1f9180a","2023",Income Tax - Resident Individual,0.00,0.00,0.00,0.00,0.00,47092.00
"00054a52ebd4b57445cb9d0abaeb9e1de1995489af8b82a5974190dd3d1f445b","2023",Income Tax - Resident Individual,0.00,0.00,0.00,0.00,0.00,0.00
"00054a52ebd4b57445cb9d0abaeb9e1de1995489af8b82a5974190dd3d1f445b","2024",Income Tax - Resident Individual,0.00,0.00,0.00,0.00,0.00,0.00
"0005e78293aedd9c2d608844dc560ab470d460f3684a5f8d7785e25dbe3edab4","2024",Income Tax - Resident Individual,0.00,0.00,0.00,0.00,0.00,276250.00
"0010632780b91d90039973b4c6f6b75b95b458a9a93801fbba939c4bbc826724","2023",Income Tax - Resident Individual,110000.00,70000.00,0.00,0.00,25000.00,391862.00
"0008f885d8e83faed9d60d9e7751b46e74d67067a955e61f3a6d147e984dd58f","2024",Income Tax - Resident Individual,0.00,0.00,0.00,0.00,0.00,62516.00
"0005fc0842222420a0adc0b0a772664c9cfc7b4e67c8fdadebc7c03930ab4913","2023",Income Tax - Resident Individual,0.00,0.00,0.00,0.00,0.00,0.00
"001ab5c3e1d94fc16aa69e0d69c0df08855925fa6b6fd7d7ce6656b172df7ad7","2023",Income Tax - Resident Individual,0.00,0.00,0.00,0.00,0.00,0.00
"000bb8c8a21c6be0641ffefcf9804f612b5c0364144a9700fe4889a2fd60ee95","2023",Income Tax - Resident Individual,0.00,0.00,0.00,0.00,0.00,0.00
"0018a341a23b3ed72db07a14169692d52b9fb3e7fd39c0f707233da40dc40f31","2023",Income Tax - Resident Individual,0.00,0.00,0.00,0.00,0.00,0.00
"0011816e236476dbe0bfa3b0684b98d1dd88d3a7e9a3a57d24a04b003244b703","2023",Income Tax - Resident Individual,4847.00,0.00,0.00,0.00,0.00,210163.00
"0019d20a2a7d56ff2beb52201f940804a74308cfc4037ce1be43f03aeef1d8e6","2023",Income Tax - Resident Individual,0.00,0.00,0.00,0.00,0.00,0.00
e114546a287dde6d8ba1e8f3f04e846e68a60a7af9b81965b2a6cb4785bd3726,"2023",Income Tax - Resident Individual,0.00,0.00,0.00,0.00,0.00,0.00
ccc3faaa1406aa2b52e58df462a61389ced665c379b101a0a95dcc77ad704b8e,"2024",Income Tax - Resident Individual,0.00,0.00,0.00,0.00,0.00,17141.00
"545d87ae5cb0a56ee5d9249cedcf1b31f0ee63cbc0ee24fb1ab19a18c992a6ca","2024",Income Tax - Resident Individual,41100.00,34250.69,0.00,0.00,0.00,179847.00
"44b82b1cf1a565604c3ca01ff095731926e1196af032a0febd226516f87e017a","2023",Income Tax - Resident Individual,1843580.00,408600.00,0.00,41780.00,958100.00,652139.00
"32337f36b77d1bc207b065768d1bdbe88019281ab4a641c5a51442fb83dc03c3","2024",Income Tax - Resident Individual,0.00,0.00,0.00,0.00,0.00,2791.00
d057ed52737fbde6d8739ce0134828b05c0a3c7d95b8245aad888a3ab31f50d8,"2023",Income Tax - Resident Individual,0.00,0.00,0.00,0.00,0.00,0.00
"9ab620bbd33dd54360d65c32f5a62fd95f609c8ad3262ff7562eee05737ee07c","2023",Income Tax - Resident Individual,0.00,0.00,0.00,0.00,0.00,32878.00
"3f804af8abb69f6bfc4348172f5786de06133d0133b8d1c890aee78560db09d8","2023",Income Tax - Resident Individual,0.00,0.00,0.00,0.00,0.00,248212.00
"865bfcb7eeb7a6d435a98c50b541ccf6fb75e771708d6f9ca9860ccade8f0e80","2023",Income Tax - Company,20347298.66,0.00,0.00,0.00,26783940.82,0.00
e9610809d3886cf6b5910bcaa756303d80f11ac6c432b7a9001920361ccadfe1,"2024",Income Tax - Resident Individual,0.00,0.00,0.00,0.00,0.00,370721.00
"659c6b4a98c8e427f13e20e016f1abeb59665b1b7d6386c5e0942a7bbe8be504","2023",Income Tax - Resident Individual,0.00,0.00,0.00,0.00,0.00,22550.00
ee83493a004b61aee321bafce39eff8e9dd70715859ef650e0f2c3a0f2d3b870,"2023",Income Tax - Resident Individual,0.00,0.00,0.00,0.00,0.00,142286.00
abc26a77526eb9d04a28d349f4286a113b167a1a87ea63e73997f71d882712da,"2024",Income Tax - Company,22844857.00,726729.00,2980320.00,1040328.00,15875011.00,1979936.10
"4b63f2bdd8a8174b3230199cae93a685c45eae6a98b5fb607440a700da340265","2024",Income Tax - Resident Individual,2973360.00,219078.00,9278.00,5544.00,1503476.00,282179.00
d09859d849bddb76408b32ec5af01ab56e00db4970a894f860111b6100c54afa,"2024",Income Tax - Resident Individual,0.00,0.00,0.00,0.00,0.00,351196.00
"748247fe6f76032eb36d29c6f3d33dd741de97f41d80ffeaf5612d6644eee5fd","2023",Income Tax - Resident Individual,0.00,0.00,0.00,0.00,0.00,187775.00
"943a086752a82b949b636fb47752255be5f202589d0389cba9b7272b18944795","2023",Income Tax - Resident Individual,0.00,0.00,0.00,0.00,0.00,9000.00
ce305d1b0468a88055506344fdebb8cb2c6a83684d054bd782a8888cd8bfbc08,"2023",Income Tax - Resident Individual,0.00,0.00,0.00,0.00,0.00,0.00
c7703b8d6b14c4ca742673b136c07d0e0dd2a83d35f168b01a8914b32f6352c9,"2024",Income Tax - Resident Individual,0.00,0.00,0.00,0.00,0.00,0.00
"6180b713cbc08463c411b81e89dabb3c56906505d1143f2ec28213bebcf6d710","2023",Income Tax - Resident Individual,0.00,0.00,0.00,0.00,0.00,788317.00
"0018a341a23b3ed72db07a14169692d52b9fb3e7fd39c0f707233da40dc40f31","2024",Income Tax - Resident Individual,0.00,0.00,0.00,0.00,0.00,0.00
"0019d20a2a7d56ff2beb52201f940804a74308cfc4037ce1be43f03aeef1d8e6","2024",Income Tax - Resident Individual,0.00,0.00,0.00,0.00,0.00,0.00
"0011816e236476dbe0bfa3b0684b98d1dd88d3a7e9a3a57d24a04b003244b703","2024",Income Tax - Resident Individual,56940.00,0.00,0.00,0.00,2000.00,254393.00
"0011750d19cae4940552cbc3dcf14de6394e9f9ebf438f9db4e213d519a4a817","2024",Income Tax - Resident Individual,0.00,0.00,0.00,0.00,0.00,711274.00
"0016d6e6df4034f71b60014c6402cbfa86f2162f5a22db425730df985725331e","2024",Income Tax - Resident Individual,0.00,0.00,0.00,0.00,0.00,0.00
"00053fa5f2641faa478083fba36c6c60850914f6a018e7e192d586ae6c6fa5de","2024",Income Tax - Resident Individual,0.00,0.00,0.00,0.00,0.00,238268.00
"0016d6e6df4034f71b60014c6402cbfa86f2162f5a22db425730df985725331e","2023",Income Tax - Resident Individual,0.00,0.00,0.00,0.00,0.00,0.00
"00068d9d457dceb83ee870caec552841714d4c3e498a5a506ea8f32c603b3b9e","2023",Income Tax - Resident Individual,31400.00,11910.00,0.00,500.00,0.00,148004.00
"05fb8144e41e7e7b6e222271ed68422c50b47826244980d91ab8c842087c9bd4","2023",Income Tax - Resident Individual,0.00,0.00,0.00,0.00,0.00,0.00
b8340cbca733926ae2ffb60ac73ee1f3906444793aeb6a3069f71a16e7cf3f83,"2023",Income Tax - Resident Individual,0.00,0.00,0.00,0.00,0.00,184358.00
"4aa069c6416744886c6f111c80881ca9ae16ac1c116af11b8d58e40d969ab1b7","2024",Income Tax - Resident Individual,1000.00,300.00,0.00,100.00,0.00,0.00
"4eed51c5271d8ff461ec749b2757fc600d5226be06c3fca562719fb119445b4d","2024",Income Tax - Resident Individual,0.00,0.00,0.00,0.00,0.00,7172.00
"194a3ba3c474e383ca6c0e049969e425d09c865f3ddf13dd83882ca0aab07b3b","2024",Income Tax - Resident Individual,0.00,0.00,0.00,0.00,0.00,0.00
ef96dd637b88c30eb8227676422b29880de3b9178a79a3cfaf8f2d46639dfadd,"2023",Income Tax - Resident Individual,0.00,0.00,0.00,0.00,0.00,169203.00
b1748fe30813b5f360f3fbbbca55574f9c9248f64b52c760cd010312ba93a2e3,"2024",Income Tax - Resident Individual,0.00,0.00,0.00,0.00,0.00,0.00
a0aa12e221d707c5fb6297de6dc0baf5cccf6801dea79b1a86921223b724ed47,"2024",Income Tax - Resident Individual,0.00,0.00,0.00,0.00,0.00,264753.00
d07fb42930d3c4c099fe0d565de8655a09cd1f675c7c1500d89b15887111abb9,"2023",Income Tax - Resident Individual,0.00,0.00,0.00,0.00,0.00,202107.00
"9c37deeb1350ee39ef7bf836df6d31cbab93db7081facc769e0b80fabbf01573","2023",Income Tax - Resident Individual,0.00,0.00,0.00,0.00,0.00,0.00
"39ebc247233270685b414f5bc6cff8faaac5de5ecbe00f8b0d562013c138900c","2024",Income Tax - Resident Individual,0.00,0.00,0.00,0.00,0.00,40524.00
"33eecd1fb5c135b0c11d8636b89bb4ea6586b4aa5d21c789a721377942cee95c","2024",Income Tax - Resident Individual,0.00,0.00,0.00,0.00,0.00,43600.00
"7391b8a6dfcddabe45f555dc0b35a1c1f986063268dd7db45c2d5949f8271b81","2023",Income Tax - Resident Individual,0.00,0.00,0.00,0.00,0.00,0.00
"6210f7f13413e0052424c4ac41ec3201b93fd1c159d346df6341f91b7169610d","2024",Income Tax - Resident Individual,0.00,0.00,0.00,0.00,0.00,92049.00
"479c80959247666c3db44ad5e414d2be48b7394ea29b5a3c692696ce9475bfa6","2024",Income Tax - Company,53949976.00,1238397.00,1120344.00,700045.00,3796162.00,2098290.33
"622ce2c8a25c1496d1a716febd1a1921762e6d1fcba70dc5d467146a4eb28030","2024",Income Tax - Resident Individual,0.00,0.00,0.00,0.00,0.00,0.00
"000aa28c3e7b923a40be6fffb32d6bad4d4178913d5b13f7dd4c18588c4c5811","2024",Income Tax - Resident Individual,0.00,0.00,0.00,0.00,0.00,250998.00
"00191a1c376bb2ef0f02493a40e9dc0c43f24f540691912bfd2e383e97064415","2023",Income Tax - Resident Individual,0.00,0.00,0.00,0.00,0.00,0.00
"0003a7f7124a5100ba3aadaf8877c5df90bafab3aaa30dbf255bf832b01c0241","2024",Income Tax - Resident Individual,0.00,0.00,0.00,0.00,0.00,154537.00
"0010093b799bb9e7f5d3d3581b0c3bf721505733bcbede8f182cbf09a0ff02ca","2023",Income Tax - Resident Individual,0.00,0.00,0.00,0.00,0.00,0.00
"0003da240de9a488a04a8bc06790fe58e8a7ee06fbf9d9cf71eb126aec40d82b","2023",Income Tax - Resident Individual,0.00,0.00,0.00,0.00,0.00,0.00
"00068d9d457dceb83ee870caec552841714d4c3e498a5a506ea8f32c603b3b9e","2024",Income Tax - Resident Individual,1.00,0.00,0.00,1.00,0.00,185026.00
"00098b883e9a30df751bde1f7f94834ab4c34d3ad356f5d4a8f5c3dba276c401","2024",Income Tax - Resident Individual,0.00,0.00,0.00,0.00,0.00,15107.00
"000035bf23f6f68553fa9a28c7e3521cabab23390da9f2376db40e1785651dca","2023",Income Tax - Resident Individual,0.00,0.00,0.00,0.00,0.00,0.00
"3d82a4e31c553cabf0436557a8cc3cb3682ea6ab979ab3b6bac1d4cd283a7213","2023",Income Tax - Resident Individual,0.00,0.00,0.00,0.00,0.00,347099.00
"02e39d2fcd9ec535c9ec03586c7edbc53a3eff5bbb3d183aba13519b50003c57","2023",Income Tax - Resident Individual,0.00,0.00,0.00,0.00,0.00,0.00
ac3d222e8d23eee00280a30ed8a5e9722a31c4bd98bfd634ae99258fba1b2d8b,"2024",Income Tax - Resident Individual,0.00,0.00,0.00,0.00,0.00,495247.00
"2a7d1efdf97551b742a4662078a8faf989a6dd429d19929eca5772b035bff98f","2023",Income Tax - Resident Individual,0.00,0.00,0.00,0.00,0.00,0.00
e4a648c93e9e0c3b5e2425cf52da7a710e2ed1cd2da04ccd5f0335744fc994d9,"2023",Income Tax - Resident Individual,0.00,0.00,0.00,0.00,0.00,60222.00
"5caa7339074ad1894e3e19bd5df8873c5a3db119f699abc6a2b605ecb89be3fa","2023",Income Tax - Resident Individual,0.00,0.00,0.00,0.00,0.00,0.00
"6709c5214e79c8234e378f1e19efbf1f24b22369ff4a7e230b6f28921300de72","2024",Income Tax - Resident Individual,21000.00,0.00,0.00,0.00,0.00,0.00
bd40503f1080769821cf8afd70d63c96f82432b5d922f0272ac05abf5d8a14dc,"2023",Income Tax - Resident Individual,0.00,0.00,0.00,0.00,0.00,0.00
"03d206a14bd750385fa25b0891cb9ce82b774a1517d44a1a9e8fc18df61b0758","2023",Income Tax - Resident Individual,0.00,0.00,0.00,0.00,0.00,375572.00
"492d87499b2f3a4e4bedb23129526a31a15eb3d9d2b420da97dacaf8d61e3f8b","2024",Income Tax - Resident Individual,0.00,0.00,0.00,0.00,0.00,37177.00
"96a5709a01c15fbd92f42d361a908dba44d87ea351ce20563e2f60b1d5fdd6ad","2024",Income Tax - Resident Individual,2325000.00,20645.00,0.00,39596.00,1892155.00,21151.00
"721fe69f0e0f7e0ae191c1639dd9d7667d48aa9a658571f5f309b9ec9f4d6eb2","2024",Income Tax - Resident Individual,0.00,0.00,0.00,0.00,0.00,0.00
d64b04ff729645a6a9529af03d9e53e40e447b8b5dc96252d0d580fc48b6d9cd,"2023",Income Tax - Resident Individual,0.00,0.00,0.00,0.00,0.00,0.00
b2d7642f85497650be96fed0e7be7d2d13c0e3561d3b75437454546518748d94,"2024",Income Tax - Resident Individual,0.00,0.00,0.00,0.00,0.00,0.00
"000cfa99a4b239715ce6be73ab3f5f808255479f0471834609445491c041f433","2024",Income Tax - Company,12850000.00,3390541.00,0.00,219436.00,0.00,4891.50
"000872f203d5b6486106e0549737dd6480863b5c1c2fb13dddd0cf08ac40f56b","2024",Income Tax - Resident Individual,0.00,0.00,0.00,0.00,0.00,63636.00
"00098b883e9a30df751bde1f7f94834ab4c34d3ad356f5d4a8f5c3dba276c401","2023",Income Tax - Resident Individual,0.00,0.00,0.00,0.00,0.00,54358.00
"000913bde73a1681cf4097d95714e4bdaf91c299dfbbf17757a1b5ae648c404e","2023",Income Tax - Resident Individual,0.00,0.00,0.00,0.00,0.00,303772.00
"00186bd69c211229d768ede427ac46177c8876c6f119d1bd54f393fefcf5cab5","2023",Income Tax - Resident Individual,0.00,0.00,0.00,0.00,0.00,0.00
"000872f203d5b6486106e0549737dd6480863b5c1c2fb13dddd0cf08ac40f56b","2023",Income Tax - Resident Individual,0.00,0.00,0.00,0.00,0.00,62734.00
"000913bde73a1681cf4097d95714e4bdaf91c299dfbbf17757a1b5ae648c404e","2024",Income Tax - Resident Individual,0.00,0.00,0.00,0.00,0.00,324670.00
"41b923201d2a3ebed2306f925a25d9abec8fd40a710a0ba0e0289c42f3d8260d","2023",Income Tax - Resident Individual,0.00,0.00,0.00,0.00,0.00,210901.00
"762b0bca5e6262aebf3890e4e0608f52b5edbf841555bb5862fcf651df5a2b52","2024",Income Tax - Resident Individual,0.00,0.00,0.00,0.00,0.00,0.00
"1d0db5b6e0c1bf64e8f3bdba18324a4f3be8944bce808c387f868c8c907d4efc","2024",Income Tax - Resident Individual,0.00,0.00,0.00,0.00,0.00,0.00
"51746d55644cddfb8bee86fc206dc80cdc956a7c113c355ceade32df24994783","2023",Income Tax - Resident Individual,0.00,0.00,0.00,0.00,0.00,499633.00
"879a7fb9f837a082a513388046b50e293b1c81c399593370e80c22abefff10c0","2024",Income Tax - Company,605600.00,108480.00,0.00,0.00,0.00,1754.70
"8e814fa3f4c02114e3a6d30490ec119a279017c9e3ebab2c2db76fb47a1ec2ba","2023",Income Tax - Resident Individual,0.00,0.00,0.00,0.00,0.00,0.00
"753f18dd3fa9bd8e374cf1c71ea77c81dffa526fa8fbeb4ddd124cc8e91b2c22","2024",Income Tax - Resident Individual,0.00,0.00,0.00,0.00,0.00,3098.00
"6327f5a8fa85d61b64e645dd8b29890130859a1fb2ca6c0a526bde6802765de7","2023",Income Tax - Resident Individual,0.00,0.00,0.00,0.00,0.00,80811.00
"06afb1e2bff84bdef88b39e86f0d642fa0b10d0fe93e1129be26feef2fdf5720","2024",Income Tax - Resident Individual,0.00,0.00,0.00,0.00,0.00,955113.00
ae4041f28257721e66087c14ba4d806f58f0ef48fb6170e8c5b9426224d7bc0f,"2023",Income Tax - Resident Individual,0.00,0.00,0.00,0.00,0.00,0.00
cdf304a9b19fa8f11e48739f9487f8e5f8d1c31a3d21685d3dbd1c9c167d99d9,"2024",Income Tax - Resident Individual,294041.00,0.00,0.00,0.00,0.00,1511.00
"443237f0469fe86070e85fb9f817ebae530fbf7385d2b570def7608798fa7379","2024",Income Tax - Resident Individual,0.00,0.00,0.00,0.00,0.00,623914.00
a1690d872ef401c17ebbbaad519b4c648af5d5d91c29a24b5e404f8164687af3,"2023",Income Tax - Resident Individual,0.00,0.00,0.00,0.00,0.00,69255.00
"5944d2889c411ab9bce72bd147a6f9090f42f726c588f0da5ed195e09c6d097e","2024",Income Tax - Resident Individual,0.00,0.00,0.00,0.00,0.00,0.00
"657c73c1b6e749aff7f22f65c009738482ef1e2fcd233475d37c412749576e30","2023",Income Tax - Resident Individual,0.00,0.00,0.00,0.00,0.00,0.00
cdf728beb720dddb3fcf22fd24c2aafafbbdebb319362d2ec7a85c5f3dc25042,"2024",Income Tax - Company,509425283.00,84398547.00,0.00,23706221.00,240208120.00,0.00
"0000aa8dc12558eaa4a68ce521816ccd1dbb7882be6583953e91f19656e9de44","2023",Income Tax - Resident Individual,0.00,0.00,0.00,0.00,0.00,0.00
"000fdc14a9070f83fc4ed70e93f256e8ecb44b12644ebe42875baefa6834520e","2024",Income Tax - Resident Individual,0.00,0.00,0.00,0.00,0.00,433922.00
"00098ce770a1fd49169c75560d98328ea123dc2be84f54da2497aca5d8bf5906","2023",Income Tax - Resident Individual,0.00,0.00,0.00,0.00,0.00,162111.00
"00098ce770a1fd49169c75560d98328ea123dc2be84f54da2497aca5d8bf5906","2024",Income Tax - Resident Individual,0.00,0.00,0.00,0.00,0.00,144399.00
"000fdc14a9070f83fc4ed70e93f256e8ecb44b12644ebe42875baefa6834520e","2023",Income Tax - Resident Individual,0.00,0.00,0.00,0.00,0.00,370012.00
"59b969df97f29a5a2b5c7884b9804849f37a2d8b7bdfe0292f99d2b601c33e30","2024",Income Tax - Resident Individual,0.00,0.00,0.00,0.00,0.00,0.00
"9f9e23cf998145724f61e7d4875eb652a4bea3fe6a25cd55062b871077c3c39b","2023",Income Tax - Company,1903353.00,0.00,0.00,0.00,0.00,0.00
"61237efe32073a27e8fe4a040a249a74b388c7fab7d95f6d732c59bd2cda4fa3","2023",Income Tax - Resident Individual,0.00,0.00,0.00,0.00,0.00,0.00
e96f742a5f8475e98635fd110d287d93808e46631ed23861697e82c8c2f37553,"2024",Income Tax - Resident Individual,0.00,0.00,0.00,0.00,0.00,0.00
"87613360cda771a498aa57ab24fd1700de4e26e77134dca5cfd0de40c06cff0c","2023",Income Tax - Resident Individual,0.00,0.00,0.00,0.00,0.00,0.00
aeb701e0b4a1601dcfbf73e115366faf5b46db30d9c44c6e9895f06babe1ba80,"2024",Income Tax - Resident Individual,0.00,0.00,0.00,0.00,0.00,0.00
"41b49ed312667815ed9eb8b3a7ab89d15ea865fc23fe9830a5f761754826e8e1","2024",Income Tax - Resident Individual,0.00,0.00,0.00,0.00,0.00,175406.00
c657a20a710fe00d651995b83f97596df647be4b111ee58d3448253160b8e866,"2024",Income Tax - Resident Individual,0.00,0.00,0.00,0.00,0.00,40569.00
"27758a8ca048ccb15768e7b8d4107071cf5408d18eff03c2a713fd7048b3f6de","2023",Income Tax - Resident Individual,0.00,0.00,0.00,0.00,0.00,19273.00
a1592a43e628f224ec138838d35a97f3e9de0e51848d66c2da7cca2909450ee7,"2023",Income Tax - Resident Individual,0.00,0.00,0.00,0.00,0.00,43867.00
"4878680ea53dcc8a83035686e97fe4f20008f4b4ad0dfbacb087db0f66e1093a","2023",Income Tax - Company,2000000.00,992516.00,997815.00,23230.00,59429.00,0.00
"31c1f323297ce72044ae1cd33616c675df126dcb198e1aa8878500127d8f751f","2023",Income Tax - Resident Individual,0.00,0.00,0.00,0.00,0.00,20558.00
"35a1d669f2ad223bd740856077ff58b00b82059576bb00460482369050697557","2024",Income Tax - Resident Individual,0.00,0.00,0.00,0.00,0.00,69553.00
b0dbfddd3b028c71f218e8e06446594cb245e04ec27b820338872b052f7bc606,"2023",Income Tax - Resident Individual,42320.00,35267.37,0.00,0.00,0.00,185837.00
cdb53dcfd859d2ee6e207fcde05671aa016df7467afc8d720375c7b832830bbe,"2023",Income Tax - Resident Individual,0.00,0.00,0.00,0.00,0.00,31577.00
"6a804e1146a7551474b9a33c0af29c6c895c8a1f1a0e36322724932c5c954033","2023",Income Tax - Resident Individual,1771.00,0.00,0.00,0.00,0.00,211353.00
"01c0c2b291ed33e92d17e4bd573a2fe690ca7233c2e31fe6e2319535aaf89f7b","2024",Income Tax - Resident Individual,0.00,0.00,0.00,0.00,0.00,783345.00
cf845ee83ee1e6d78720168e4c8731d09e8982c8979caa63a25830032f70cf97,"2024",Income Tax - Resident Individual,0.00,0.00,0.00,0.00,0.00,37989.00
"4ab8820838430e32102319568a3aced4e2f5fb3d28b48fd023ab930e71fcfcb6","2023",Income Tax - Resident Individual,0.00,0.00,0.00,0.00,0.00,94174.00
"87260416d27d2bbe72fdeaff2b60669ac6017dd27cd26799e7de92237bb9b04e","2024",Income Tax - Resident Individual,0.00,0.00,0.00,0.00,0.00,874612.00
"30cf58b5d1171c42e1635750f0bb6a901b65e272023e4750f0ba806993276872","2024",Income Tax - Resident Individual,0.00,0.00,0.00,0.00,0.00,111940.00
"2489d3261da6915f417b045ab73ac3a105ec65a1cd0f1a3c7405d40d55528a88","2023",Income Tax - Resident Individual,0.00,0.00,0.00,0.00,0.00,33512.00
"89b0cffbd908624c86ef5460563507dc9ff57bcea0924a596fc72e5a5f5fb22a","2023",Income Tax - Resident Individual,0.00,0.00,0.00,0.00,0.00,0.00
"0005ce9644316da5929b257d1e1e7d81824f10a9c0827cf6d90de31a0b9bf590","2024",Income Tax - Resident Individual,0.00,0.00,0.00,0.00,0.00,0.00
"000d90bc5e03788350bb394000a14eb4686eb776c73928a8bc8f165d6049cb3d","2023",Income Tax - Resident Individual,0.00,0.00,0.00,0.00,0.00,0.00
"00159a01d96feb021fbfd4257c3d12f872af5be31a8aaa77974d1b06841a20aa","2023",Income Tax - Resident Individual,0.00,0.00,0.00,0.00,0.00,131207.00
"00159a01d96feb021fbfd4257c3d12f872af5be31a8aaa77974d1b06841a20aa","2024",Income Tax - Resident Individual,0.00,0.00,0.00,0.00,0.00,149592.00
"0005ce9644316da5929b257d1e1e7d81824f10a9c0827cf6d90de31a0b9bf590","2023",Income Tax - Resident Individual,0.00,0.00,0.00,0.00,0.00,0.00
a615e0ef757607616b915ae4173cc50fbd0a689f208a410712f2b70c03aa14f3,"2024",Income Tax - Resident Individual,0.00,0.00,0.00,0.00,0.00,29319.00
"04a10ff1c4626ba08d538908139f7407c803c5b4964c6eafd6a08b70e1db51c2","2024",Income Tax - Company,3865564.30,1289669.29,195374.00,180923.00,0.00,0.00
"2a43cb1e0a5bcf44dca5949ab1fc620e678c3d1ffd92a932124cba0e09e73fd6","2024",Income Tax - Resident Individual,1.00,0.00,0.00,0.00,0.00,0.00
"02480827560a2617660d69b7c9ac33ce893629671a3f6ee7022d4d2a16bd89f1","2023",Income Tax - Resident Individual,0.00,0.00,0.00,0.00,0.00,0.00
"387c2a3670ca5311cfa1f8bdd014187e29f6ef4db3d99bc3c597123fc367fab4","2024",Income Tax - Resident Individual,0.00,0.00,0.00,0.00,0.00,272357.00
f692c698717b4eed873e69bc09bcf39ba4284ce540decda3aed8d79fd18a5caf,"2023",Income Tax - Resident Individual,0.00,0.00,0.00,0.00,0.00,0.00
"2f2255a6d19be56cfaf141cea373e3466ec718809c748901161fc760716644cc","2024",Income Tax - Resident Individual,0.00,0.00,0.00,0.00,0.00,0.00
cc7b9880235337aa8e13f2eadbbd5ee9ff29251b7f8b3302e2c57f179b2f547c,"2023",Income Tax - Resident Individual,0.00,0.00,0.00,0.00,0.00,0.00
"51b7172a54b2912c5aa829beecfb2c2eec7f526bf8fcf75af0bd957613573f10","2024",Income Tax - Resident Individual,0.00,0.00,0.00,0.00,0.00,0.00
cb886d49c957aac1ba1dca3d4c6580994b285cb89e2d5b9e2d535f0b79db7843,"2023",Income Tax - Resident Individual,0.00,0.00,0.00,0.00,0.00,0.00
f4e6dd47b4a80b76d962d0053fff58b54ba6a2d8f2fa06e6cfc99506b6518bda,"2023",Income Tax - Resident Individual,0.00,0.00,0.00,0.00,0.00,0.00
c36d61518416f7a31a3be095f6f6e20ef7a59040df1b252349090727f2852343,"2024",Income Tax - Company,109849.00,79863.00,37509.00,48860.00,249859.00,0.00
"12550aeee2246d99c2c41c400d88b647c5934bdff4ebb993ffcea04955527255","2023",Income Tax - Resident Individual,3153070.00,103449.00,126803.00,0.00,39126.00,27397.00
"0008e6725ac030f243c2fa11463a3386837c22a390e649bcff62c809eee6fba6","2023",Income Tax - Resident Individual,0.00,0.00,0.00,0.00,0.00,505140.00
"0005f832700ca30d6d9686aebca7d32a8ce2b9b0b4bfc1f79a2cfd109d7e2964","2023",Income Tax - Resident Individual,0.00,0.00,0.00,0.00,0.00,61200.00
"0005f832700ca30d6d9686aebca7d32a8ce2b9b0b4bfc1f79a2cfd109d7e2964","2024",Income Tax - Resident Individual,0.00,0.00,0.00,0.00,0.00,72937.00
"000d460958bd1f8248d6b73802c109f4423c866da9388ef71f7c963006e94b01","2023",Income Tax - Resident Individual,0.00,0.00,0.00,0.00,0.00,0.00
"0009c1c6d48acec1bbc05333b1da5316546af876aa6fc41cf0c928999e3b1f63","2023",Income Tax - Resident Individual,0.00,0.00,0.00,0.00,0.00,13041.00
"061577641bc572335a11f8a66530286e22012e7b5606f8eb44df58c93136d0b3","2024",Income Tax - Resident Individual,0.00,0.00,0.00,0.00,0.00,0.00
a5061165aaf00b22f9769a59a25bb64a35185308cfdf14792700bd47d82719a7,"2024",Income Tax - Resident Individual,2149500.00,38873.00,22454.00,0.00,558481.00,1247080.00
af6dde656861889128a58f2a2ae28f74ede1777fb978851e71c0018646069288,"2023",Income Tax - Resident Individual,0.00,0.00,0.00,0.00,0.00,0.00
"31952c41a31a37e75cb1ca22ea9852e7119425b41b0f6de9b2c1b2e4f650b7e6","2023",Income Tax - Resident Individual,0.00,0.00,0.00,0.00,0.00,216659.00
a74984ac87d11666c7b5831b1c3bb31e335027e81cca080888b029b523a573fb,"2024",Income Tax - Resident Individual,50000.00,0.00,0.00,0.00,0.00,0.00
"6e2ef0c02ea847cb69a491803ef1a9be033290dcb7e645dc652c2380be98858b","2024",Income Tax - Resident Individual,0.00,0.00,0.00,0.00,0.00,8629.00
"2b2c8c2a087c578a3c8a6659f3c1259ed315fe95dd85f8075c03b635075e1f9f","2024",Income Tax - Resident Individual,0.00,0.00,0.00,0.00,0.00,442404.00
"3e1bf4085f96a4722726f79ca08f54a52f94275750f346e998c4e17082ded785","2023",Income Tax - Resident Individual,0.00,0.00,0.00,0.00,0.00,214224.00
a6bf370ada80de06387c84b1d0d07070f345e3295210ba582075fec136c2aeac,"2024",Income Tax - Resident Individual,11351.00,0.00,0.00,0.00,0.00,0.00
b9b29fe6770171ff8d24535356bf913e6d5809ec7d3294c3198c9ad38126b741,"2024",Income Tax - Resident Individual,0.00,0.00,0.00,0.00,0.00,0.00
ac33eb233ac7d587656e6f622199fd7d6046d5694c5bf724496e31fea5d447a1,"2023",Income Tax - Resident Individual,0.00,0.00,0.00,0.00,0.00,0.00
"1615ffb8140e85d5ef1c8a080b180e3a1111c29292ccf851f21690f791e21787","2023",Income Tax - Resident Individual,0.00,0.00,0.00,0.00,0.00,258591.00
"25a90bc2fc454fe8295fc6eb2b6ece92a2b08a3c1ca642589c16fa4ed63d108d","2024",Income Tax - Resident Individual,0.00,0.00,0.00,0.00,0.00,86975.00
"28cd3973522c6b0f68f9fa53c65aa64c99250f664d2a48d478b31367f8e6ec2c","2023",Income Tax - Resident Individual,0.00,0.00,0.00,0.00,0.00,0.00
"6b460cae57f90eb020d1c785a8ad738055db2762b2af7f7a51e6452fde88d3d5","2024",Income Tax - Resident Individual,0.00,0.00,0.00,0.00,0.00,101053.00
fd9b489fe83a459af2193261199ca0b0b9e32c53340c1f920372c3782dd4f3a6,"2023",Income Tax - Resident Individual,0.00,0.00,0.00,0.00,0.00,194110.00
c776a41eff0e90c2ecf6ed9379d0bda5044caf61c819d03f597b71a18436e628,"2023",Income Tax - Resident Individual,0.00,0.00,0.00,0.00,0.00,0.00
"00152646737799ab33bf8cd64088198c573cb80845423f082edc93c0760756b1","2023",Income Tax - Resident Individual,0.00,0.00,0.00,0.00,0.00,0.00
"001253bfd4ed31470904f19358d165da5536cbd2093b8b749d01401a4a9796a0","2023",Income Tax - Company,228356133.00,189091.00,11764971.00,2809170.40,28307780.46,744477.34
"001253bfd4ed31470904f19358d165da5536cbd2093b8b749d01401a4a9796a0","2024",Income Tax - Company,200938701.92,1041594.19,13141974.30,2629846.58,13310882.30,808948.17
"0009c1c6d48acec1bbc05333b1da5316546af876aa6fc41cf0c928999e3b1f63","2024",Income Tax - Resident Individual,0.00,0.00,0.00,0.00,0.00,17022.00
"0005dd25ff61f34d6eeb065f1e403cb38f00fded8ddff8b80113cdd70cf52f57","2024",Income Tax - Resident Individual,0.00,0.00,0.00,0.00,0.00,64735.00
"0005dd25ff61f34d6eeb065f1e403cb38f00fded8ddff8b80113cdd70cf52f57","2023",Income Tax - Resident Individual,0.00,0.00,0.00,0.00,0.00,53176.00
"0019d8fec3039143cd672464755e92491a5e4e7ebd27339cc8b73809f5d1ae54","2023",Income Tax - Resident Individual,0.00,0.00,0.00,0.00,0.00,248041.00
"6764f2f92700449200c8d383b321e7973a0dea22962a64f2d2e439c100646a96","2023",Income Tax - Resident Individual,0.00,0.00,0.00,0.00,0.00,0.00
"500ce0b5c5ecf68079e81c52c1498c9d3b0e8bd9166f429e333c1ac12bae8a95","2024",Income Tax - Resident Individual,0.00,0.00,0.00,0.00,0.00,0.00
"8d40aa8a4d3ba0e2c636284f0bf00ff68ac15328f4b86ff144072dacd624a2f7","2023",Income Tax - Resident Individual,0.00,0.00,0.00,0.00,0.00,0.00
"6c7ec183eb589ca9d9917879cc59d64bb8daa6bbf9616a8d3feb7145466cb2d2","2023",Income Tax - Resident Individual,0.00,0.00,0.00,0.00,0.00,1119153.00
"2f2c040cb99b0c7c3731ccfe10ec56e35567b9ec9610cf0937e1c1bb100932ac","2024",Income Tax - Resident Individual,50000.00,0.00,0.00,0.00,0.00,0.00
ca5d08fc97d93964e70bed52702338515c8283212ab9155d15c66169c6d1106b,"2024",Income Tax - Resident Individual,0.00,0.00,0.00,0.00,0.00,169356.00
"18467da2e7d2f9aa78a27835fb94d1fefb669d75a9117c333244972ca3117e72","2024",Income Tax - Resident Individual,0.00,0.00,0.00,0.00,0.00,0.00
"0162399bc1cb468685a0e91c577e7b840f923d37318b0fef891cd84dd3ffd05b","2023",Income Tax - Resident Individual,236000.00,21430.00,0.00,1916.00,16140.00,15109.00
"46b4507c5314fe6df07b2aba234445a5379bb5db70c84e964a9f85796d88462f","2023",Income Tax - Resident Individual,0.00,0.00,0.00,0.00,0.00,0.00
"0e38efc3d8725db9c8d2fcc02e475890367d2bbc666de498c4f21619332db0bc","2023",Income Tax - Resident Individual,0.00,0.00,0.00,0.00,0.00,14954.00
c049de0f50ba6fba8cbb6be5be5228624ddce70bf94c36f724e228d3fd115933,"2023",Income Tax - Resident Individual,0.00,0.00,0.00,0.00,0.00,148220.00
"00102c9d245c8cfdee489ec1e42731c9e022540e522981506f41ee47184a30a6","2023",Income Tax - Resident Individual,0.00,0.00,0.00,0.00,0.00,0.00
"000b44db125d4b4d94fd2bd39bb46d462339353031cb5f368547cdf99c90517c","2023",Income Tax - Resident Individual,0.00,0.00,0.00,0.00,0.00,50810.00
"00055959f70d7424cb041fb6f219f250947f72be89c2076aa2d2f140308c80db","2023",Income Tax - Resident Individual,1140086.00,466300.00,98000.00,3500.00,0.00,56286.00
"000367fc154cd10df253d4dc13da8331ec62b337bb995670ca93188d4ad73fea","2024",Income Tax - Resident Individual,0.00,0.00,0.00,0.00,0.00,0.00
"0019d8fec3039143cd672464755e92491a5e4e7ebd27339cc8b73809f5d1ae54","2024",Income Tax - Resident Individual,0.00,0.00,0.00,0.00,0.00,293240.00
"000b44db125d4b4d94fd2bd39bb46d462339353031cb5f368547cdf99c90517c","2024",Income Tax - Resident Individual,0.00,0.00,0.00,0.00,0.00,50575.00
"0005e40eef4743f02a038e50e1a3d29da2392ea843b3d7c06fb9da06c517f375","2024",Income Tax - Resident Individual,0.00,0.00,0.00,0.00,0.00,7804.00
beed551570b3e25c3748a3e1728ae739dab05ecfb6753b775a9d0303ac005fbc,"2024",Income Tax - Resident Individual,0.00,0.00,0.00,0.00,0.00,116817.00
"7719aeb4096896af81f23ec9fcb480acb180fd40a0c95d9d83b903ccdd31170c","2024",Income Tax - Company,1.00,0.00,0.00,0.00,0.00,0.30
f01e913e23eb2972d6bba017b28fda0b9c05bfa922c15ff7b9e60cbf7f2a38d7,"2023",Income Tax - Resident Individual,0.00,0.00,0.00,0.00,0.00,0.00
"812ab6817b5462bb3157bf47a47bb91c39dfe696f085d2ff60a27b26be78c2d8","2023",Income Tax - Resident Individual,0.00,0.00,0.00,0.00,0.00,47326.00
"891ffea2ff1e15e8c29ca8042daed621257e6233b5e5943630ba167921550de4","2024",Income Tax - Resident Individual,0.00,0.00,0.00,0.00,0.00,784805.00
"1fc0daf93ca776bd5fccb28009d0ad791c4055dc5734fb7baa6f238da9ae7872","2024",Income Tax - Resident Individual,0.00,0.00,0.00,0.00,0.00,222400.00
c5f79a0e3f4346b220fdfffe74af1a62c8a38204245ea2b1584310b434ae991d,"2023",Income Tax - Resident Individual,0.00,0.00,0.00,0.00,0.00,0.00
f0fdb6e3ccfc88d0ecb773f17faa279429fdab59d9cc8fa3bbcb12d47fb63bda,"2024",Income Tax - Resident Individual,0.00,0.00,0.00,0.00,0.00,114678.00
"0c453015a51600ff41970927a9b4c39fe7519bb4caa9fbed617e7b7546bf796d","2023",Income Tax - Company,100.00,0.00,0.00,0.00,0.00,30.00
"23b700a3222d57dc5a4c52a490aa068589c0d60131d00e89bf15169b037a6ce5","2023",Income Tax - Resident Individual,0.00,0.00,0.00,0.00,0.00,5181.00
"50f7da22a9ac64d1d6340cf5082dce40fc867920f12a80d562800b422a9c4267","2024",Income Tax - Resident Individual,0.00,0.00,0.00,0.00,0.00,0.00
"8bebcb9f9ad326862936726bcde0e85a8aa6bad21907f9ce53d89967a80546cb","2024",Income Tax - Resident Individual,0.00,0.00,0.00,0.00,0.00,78109.00
"001bc614fd85e1e7081b73f04b7e316f753a15d202e458c1c7cced13a85a3e7a","2023",Income Tax - Resident Individual,0.00,0.00,0.00,0.00,0.00,0.00
"00108416aecadc061e663148a84b38433d667d91b85d797bb0307a1955db91b6","2024",Income Tax - Resident Individual,0.00,0.00,0.00,0.00,0.00,670992.00
"00019b85fccd4c201e0d590bbec6bd9c4b02b240b4f3e14ec91d033e8dc95aa5","2023",Income Tax - Resident Individual,0.00,0.00,0.00,0.00,0.00,116938.00
"000256d93e6e7e9da2d2c7c2deeda62c80d0a126d1f782dfe2dde5d532f2574a","2023",Income Tax - Resident Individual,0.00,0.00,0.00,0.00,0.00,178381.00
"00019b85fccd4c201e0d590bbec6bd9c4b02b240b4f3e14ec91d033e8dc95aa5","2024",Income Tax - Resident Individual,0.00,0.00,0.00,0.00,0.00,127565.00
"00108416aecadc061e663148a84b38433d667d91b85d797bb0307a1955db91b6","2023",Income Tax - Resident Individual,0.00,0.00,0.00,0.00,0.00,684310.00
"000256d93e6e7e9da2d2c7c2deeda62c80d0a126d1f782dfe2dde5d532f2574a","2024",Income Tax - Resident Individual,0.00,0.00,0.00,0.00,0.00,200260.00
"000bd654c36d322f3b6a3b1890bccdd21ef9aaf2821362951b62553294c2f1f7","2023",Income Tax - Resident Individual,0.00,0.00,0.00,0.00,0.00,108975.00
"000bd654c36d322f3b6a3b1890bccdd21ef9aaf2821362951b62553294c2f1f7","2024",Income Tax - Resident Individual,0.00,0.00,0.00,0.00,0.00,121550.00
"0001147aad93d6b2b74d088686c825637746e72f3c40fc5ed3de2decf7408514","2023",Income Tax - Resident Individual,0.00,0.00,0.00,0.00,0.00,0.00
"599d97c47934bdc10d35b1438c4b268885ba856723ac394d283428ece82d4cd3","2023",Income Tax - Resident Individual,0.00,0.00,0.00,0.00,0.00,8663.00
"42d82c64aa1f7666a324d5745f37d62486ad07ccb52f29ad414c31d7b6d0d5e7","2024",Income Tax - Resident Individual,0.00,0.00,0.00,0.00,0.00,326583.00
"55f50f5fa772d74df0768325a03e32c1466af426a6c54b549158afb1bbb24ab1","2024",Income Tax - Resident Individual,0.00,0.00,0.00,0.00,0.00,140380.00
"27f232cdbb977d948b5936ed8f8785d7348967e9c7ea18592508c8054ebfb588","2023",Income Tax - Resident Individual,0.00,0.00,0.00,0.00,0.00,60330.00
"57aa6d8e44183ecb77503788b81861f7a84bb4734e353d22677ce3ee37446ba9","2023",Income Tax - Resident Individual,0.00,0.00,0.00,0.00,0.00,0.00
"5ea271e089473e8a75e29b6014576146d91834d96c0ecd3ce607960daab23d39","2023",Income Tax - Resident Individual,0.00,0.00,0.00,0.00,0.00,0.00
"00122eae8c88185e2209a79629db820dccb4b4d622ed2bf14a972c225c1dada6","2023",Income Tax - Resident Individual,0.00,0.00,0.00,0.00,0.00,0.00
"0018892a8edf995d25202acf7debfb79efae60243dcbace91f682e68edaf5afa","2023",Income Tax - Resident Individual,0.00,0.00,0.00,0.00,0.00,336976.00
"00144709052c3e470da726eaf5762744d05b1dcd5897c694dc0f5d81da7daae4","2023",Income Tax - Company,14019146.00,12545.00,5280.00,0.00,59000.00,0.00
"00140ba305fb54bd521a8ae7a996b93903b6685b35354be68f3d601f2cd16967","2023",Income Tax - Resident Individual,0.00,0.00,0.00,0.00,0.00,0.00
"000b867fa99a2ebc0972a1dbaeed5565ad4d7e8d3d21899265072469fc6db7e4","2023",Income Tax - Resident Individual,0.00,0.00,0.00,0.00,0.00,0.00
"00144709052c3e470da726eaf5762744d05b1dcd5897c694dc0f5d81da7daae4","2024",Income Tax - Company,19898981.00,18245.00,4620.00,0.00,71000.00,0.00
"000b867fa99a2ebc0972a1dbaeed5565ad4d7e8d3d21899265072469fc6db7e4","2024",Income Tax - Resident Individual,0.00,0.00,0.00,0.00,0.00,0.00
"0018892a8edf995d25202acf7debfb79efae60243dcbace91f682e68edaf5afa","2024",Income Tax - Resident Individual,0.00,0.00,0.00,0.00,0.00,314788.00
"001c1e69e80053a34aee49f842f1329935135d87a29732ef42fd441a343d40c0","2023",Income Tax - Resident Individual,0.00,0.00,0.00,0.00,0.00,27392.00
"001c1e69e80053a34aee49f842f1329935135d87a29732ef42fd441a343d40c0","2024",Income Tax - Resident Individual,0.00,0.00,0.00,0.00,0.00,28179.00
"0001940870ffb62b18c050244a98abe871f05b1fafcbc4ceac01822446091b08","2023",Income Tax - Resident Individual,0.00,0.00,0.00,0.00,0.00,0.00
"0001940870ffb62b18c050244a98abe871f05b1fafcbc4ceac01822446091b08","2024",Income Tax - Resident Individual,0.00,0.00,0.00,0.00,0.00,0.00
"0012d41e9e70b02f31d6172e0056b0129cc9ac42362c4712bf2765ff0abcd6a9","2023",Income Tax - Resident Individual,0.00,0.00,0.00,0.00,0.00,138501.00
"65cdf4e2a7499d6e31af215a371d7489a50ccae57250bce7d84148e55caf27b0","2023",Income Tax - Resident Individual,0.00,0.00,0.00,0.00,0.00,0.00
"0b49c1f2376ba0a28bddd6db5f62e04d7a52850df4972105e60704a2acaf3181","2024",Income Tax - Resident Individual,0.00,0.00,0.00,0.00,0.00,63837.00
ed09b8b8fb9a8b825da09f7acd76701c246f8f728007a0b515b841d28de24ab0,"2023",Income Tax - Resident Individual,0.00,0.00,0.00,0.00,0.00,0.00
c1441b1786f1c867fd8b521e61c61e3c7869f7f47de209e54c0fff001fd77c18,"2023",Income Tax - Resident Individual,0.00,0.00,0.00,0.00,0.00,0.00
"8597a7861095f1e3fc92e1256f510572dc8a25bebd8dc166e2e151c145e91882","2023",Income Tax - Resident Individual,0.00,0.00,0.00,0.00,0.00,0.00
"626c62ea29be8f87117d9ea8c32616d13c0346a1d8394ed3b2ccfe23f0b4d1de","2024",Income Tax - Resident Individual,0.00,0.00,0.00,0.00,0.00,260622.00
d1241a49739d4733b5ecb63e7dd4e8156d79fd1284288967332a2e06ec4b6733,"2023",Income Tax - Company,31251070.00,798237.00,2446650.00,100312.00,2227367.00,0.00
"236f38d4cbde4de8dd1f2e766272be52688a88262bab7310ebbcdfcb4a0bd14a","2023",Income Tax - Resident Individual,0.00,0.00,0.00,0.00,0.00,411827.00
"565c4e563a93348d6e37c5d35bd640514136775566d07b96b8866dde3e608577","2023",Income Tax - Resident Individual,0.00,0.00,0.00,0.00,0.00,461716.00
"11b87562ad8efe9d2902e2fa5548f9638877ba60593cd1832eb9e641cf625fb5","2024",Income Tax - Resident Individual,0.00,0.00,0.00,0.00,0.00,223890.00
"0009d8623862f43eb4baf91494e6e4a606857fbd29fa7c19136df2235cef7c89","2024",Income Tax - Resident Individual,39200.00,0.00,0.00,0.00,0.00,0.00
"0012d41e9e70b02f31d6172e0056b0129cc9ac42362c4712bf2765ff0abcd6a9","2024",Income Tax - Resident Individual,0.00,0.00,0.00,0.00,0.00,136194.00
"0011b104be6c4cdad01ffa39de31bce3a430b6157fe8342c92414d9948eb25ce","2024",Income Tax - Resident Individual,0.00,0.00,0.00,0.00,0.00,46041.00
"0011b104be6c4cdad01ffa39de31bce3a430b6157fe8342c92414d9948eb25ce","2023",Income Tax - Resident Individual,0.00,0.00,0.00,0.00,0.00,19134.00
"0013641fe50841da1d000e6da1609c08cc3ff34279d23d6a116475a3afd4d253","2024",Income Tax - Resident Individual,0.00,0.00,0.00,0.00,0.00,44945.00
"00116f8fb4e5c233e9364d02a3ec3668b18b81f87e0974ebacfe567e962c0a79","2024",Income Tax - Resident Individual,0.00,0.00,0.00,0.00,0.00,0.00
c1d279260374feec27a61553aac5c72925f39ea0c3b958d62ca33548d2cb3807,"2023",Income Tax - Resident Individual,0.00,0.00,0.00,0.00,0.00,312745.00
"086494cfb3d56d0baf5100325ef5b580a6ce1e3ef32cc51d56cc85be7615c980","2023",Income Tax - Company,48195715.00,3094941.00,16613842.00,476569.00,35846459.00,0.00
a258ed3350fd8c4cd2466eec0cec348cae109727dcc1a6a0a1d1d82cfc7f26b3,"2024",Income Tax - Resident Individual,0.00,0.00,0.00,0.00,0.00,107129.00
"1c447565b101145b2debaecd2b83224790284051c3b0f3c78b64cb6452857c2e","2024",Income Tax - Resident Individual,13000.00,0.00,0.00,0.00,0.00,650.00
"64a7ce8ae093aa7a991eace0d76cb3304fbccba34b9368014d08f693e8d7a4fd","2024",Income Tax - Resident Individual,0.00,0.00,0.00,0.00,0.00,107800.00
d24ee7a894d185eda62ba2294f52080a09dc7b66ca7b0745851c0f84205ad280,"2024",Income Tax - Resident Individual,0.00,0.00,0.00,0.00,0.00,0.00
"89f1e6d112cca20c896e38c2932fb783805b274952becd529906c98c74f90a25","2023",Income Tax - Resident Individual,13414458.00,639897.00,8947.00,4674688.00,825270.00,1741326.00
"9c2cadc796ddb6423777292a398ba98fa79c8b98609750923e97091989724893","2023",Income Tax - Partnership,51067078.00,2049011.00,3816175.00,0.00,25775748.00,0.00
"9ea334b041e166f06969c96ede9d78fbc135abf07f9bd7dc6614f211f19d06d1","2023",Income Tax - Resident Individual,0.00,0.00,0.00,0.00,0.00,0.00
"976948e61abe00f8fd23c3544f220f5e17d7ee47e5b07f97036e70bc6bee6928","2023",Income Tax - Resident Individual,0.00,0.00,0.00,0.00,0.00,0.00
"2040ef7452dc77653e039f8c0b7b98dfc06e80cdd7bd4b65647faf22d8ab5d85","2024",Income Tax - Resident Individual,0.00,0.00,0.00,0.00,0.00,300787.00
"8722f93e2169feff091b6e099f82d6906ddb0d2273c8e91783f1950e7e2e19eb","2024",Income Tax - Resident Individual,0.00,0.00,0.00,0.00,0.00,0.00
"48e68984ab00aac33587c4dbfc16eb2ecafb860fe2bca277df9ab0e3bf6e91ac","2023",Income Tax - Resident Individual,0.00,0.00,0.00,0.00,0.00,0.00
cee581923cacc5e7ff54796ce411b6daaee2dbf86514484c8a772b834362dcdf,"2024",Income Tax - Resident Individual,0.00,0.00,0.00,0.00,0.00,227437.00
"3118cc636a1cf4e336b7826df1e9c21738875b88c3ccd9d752d9608300a5864c","2024",Income Tax - Resident Individual,0.00,0.00,0.00,0.00,0.00,16658.00
"0012538bb8284196df6a2fffece3f924010a379caf804b78909a72b8df0f0f6d","2024",Income Tax - Company,204667.00,0.00,15000.00,1.00,189667.00,0.00
"00104c8e1cdfbb7954148fbcdd5b2d58b91bf9c7e3b5e44c26c8e39c131e76af","2023",Income Tax - Resident Individual,0.00,0.00,0.00,0.00,0.00,0.00
"0010777bed4dcffd0a345a520ee8c22705bb20300824a8af00d1c16b658ba13f","2023",Income Tax - Resident Individual,0.00,0.00,0.00,0.00,0.00,0.00
"000de1985976dd09d0ab5a9adafc929dff0f891858568bc7f99b11ca72b5dd3d","2024",Income Tax - Company,15570.00,0.00,0.00,81450.40,115840.00,2064.18
"0012538bb8284196df6a2fffece3f924010a379caf804b78909a72b8df0f0f6d","2023",Income Tax - Company,0.00,0.00,0.00,0.50,0.00,0.00
"00104c8e1cdfbb7954148fbcdd5b2d58b91bf9c7e3b5e44c26c8e39c131e76af","2024",Income Tax - Resident Individual,0.00,0.00,0.00,0.00,0.00,0.00
b27660c9aa785b72fe6a91732a09854888173175f4c1409364fcf7b6c8a523b6,"2023",Income Tax - Resident Individual,0.00,0.00,0.00,0.00,0.00,0.00
"6ce26e62b5171815fc37d2369c0b886803a62c4b59fa48ef48f56b958c71584b","2023",Income Tax - Resident Individual,0.00,0.00,0.00,0.00,0.00,184411.00
"0026eab247a06e08529d8ee9719503664ab40996ecf90743a8ffec7c1a66e343","2023",Income Tax - Resident Individual,0.00,0.00,0.00,0.00,0.00,1389150.00
c4d70f8f92cd7de8eb3604964312622c21ca39d1e45e59c2f60ec9d3017605a6,"2024",Income Tax - Resident Individual,0.00,0.00,0.00,0.00,0.00,0.00
eade778f35614a599300a80c15efae67fc99568601806b4d5525767c27c45b78,"2023",Income Tax - Resident Individual,0.00,0.00,0.00,0.00,0.00,2837.00
"0ab75f60f0ef06e4b425775ce6f081684ca2ce9b63f493d11d7948427e4920ee","2023",Income Tax - Resident Individual,0.00,140.00,0.00,0.00,0.00,64305.00
cae11593c40765cbb13fd45268d0d29ec6902bcd1e8518676d85744425b63833,"2023",Income Tax - Resident Individual,0.00,0.00,0.00,0.00,0.00,0.00
"19684294615ffbcb85431ce6204e70a28b15991e324e68967a63b1c384744ade","2024",Income Tax - Resident Individual,0.00,0.00,0.00,0.00,0.00,0.00
"0ab2f4dfc97525b0548e00703c3a84eeb28bdf9dcbae96ae089985728161ba05","2024",Income Tax - Resident Individual,0.00,0.00,0.00,0.00,0.00,24336.00
"8347eefa059681bbb0c9f963df98534b7a27ca006032b3934700b8c105c95865","2023",Income Tax - Resident Individual,0.00,0.00,0.00,0.00,0.00,210174.00
"54015c3a992658548f15b01ee7ffd0c5cf4b6061c70cb11aee8dbecdcd0b6558","2024",Income Tax - Resident Individual,0.00,0.00,0.00,0.00,0.00,213346.00
"11f209c498c710e98e532c6a8cce7cad0c424298cf58a46338a90f1ed6a21d06","2023",Income Tax - Resident Individual,0.00,0.00,0.00,0.00,0.00,0.00
"0006b2bdd2b7753e7434001f0d7459c8dc1b5c4d52f6b27fb653abf2e66a64fb","2024",Income Tax - Resident Individual,0.00,0.00,0.00,0.00,0.00,88983.00
e7b2f563269d5dd78f5788a885ba5f1ff9d6bda1e40772b8526cece8f1bc43a9,"2024",Income Tax - Resident Individual,250000.00,0.00,0.00,0.00,0.00,3059.00
f7c99ba413a111bf999290d2348529a35b7f9761d8536f529b73243acd161f2e,"2024",Income Tax - Resident Individual,0.00,0.00,0.00,0.00,0.00,77653.00
"7a8349b8ee0e71cf3c889002f04b2dd60669f84b310042ebdc3b22948c6b93a5","2024",Income Tax - Resident Individual,760000.00,537519.00,52500.00,200967.50,79507.00,1943067.00
"05114717d21883f7177d77a141695ef8eb22a0091b418f324efb89f6240da1b4","2024",Income Tax - Resident Individual,0.00,0.00,0.00,0.00,0.00,54428.00
"9f2fe1b9b6ab05eda89e75ace5ab64f587fbee0b9b8829a6bf9af646f072caef","2023",Income Tax - Resident Individual,34220.00,32509.00,0.00,0.00,0.00,144187.00
"404c9c665f88af6d848d948faa0e722e57ed526d353fe2244c4f4b4aa3f98629","2023",Income Tax - Resident Individual,0.00,0.00,0.00,0.00,0.00,0.00
"8f3be198edfe0eb47ac1db2d0bdfe371eaf7a22b6ffd8b130ae6bd98a3050017","2023",Income Tax - Resident Individual,664.00,0.00,0.00,664.00,0.00,67.00
bc8294f76f18921d0d8e3574a35f263e60383f8c27d486c43260607575087040,"2023",Income Tax - Resident Individual,0.00,0.00,0.00,0.00,0.00,0.00
"0000e68d22a5eea01244df706c665aa3a13d842547cf761834c3e45e7055db85","2024",Income Tax - Resident Individual,0.00,0.00,0.00,0.00,0.00,216403.00
"000d179e429a65f804f7f4e99aea1f7f3f014e4e4446082bb982142e4ff027ba","2024",Income Tax - Resident Individual,0.00,0.00,0.00,0.00,0.00,0.00
"0011e22e19f29adbe148b418fee26358b28140b2f054f5ed1b57f307dc25227f","2023",Income Tax - Resident Individual,0.00,0.00,0.00,0.00,0.00,282109.00
"000d179e429a65f804f7f4e99aea1f7f3f014e4e4446082bb982142e4ff027ba","2023",Income Tax - Resident Individual,0.00,0.00,0.00,0.00,0.00,0.00
"00058fba398e7c2769085ecd8b8ab39ef5979b9f0467727e4066140bf57cbb70","2023",Income Tax - Resident Individual,0.00,0.00,0.00,0.00,0.00,0.00
"0006b2bdd2b7753e7434001f0d7459c8dc1b5c4d52f6b27fb653abf2e66a64fb","2023",Income Tax - Resident Individual,0.00,0.00,0.00,0.00,0.00,37315.00
"0011e22e19f29adbe148b418fee26358b28140b2f054f5ed1b57f307dc25227f","2024",Income Tax - Resident Individual,0.00,0.00,0.00,0.00,0.00,144421.00
"00058fba398e7c2769085ecd8b8ab39ef5979b9f0467727e4066140bf57cbb70","2024",Income Tax - Resident Individual,0.00,0.00,0.00,0.00,0.00,0.00
"0c001a14c2f213554a5f0f90914c6f8f2b7cc4ca0a42047a8abdcf741ebc4c37","2023",Income Tax - Resident Individual,0.00,0.00,0.00,0.00,0.00,250418.00
c3edb88c40d834062da9d3d050c3129222435d5dd95bdbb05d4e62d07b1c459b,"2023",Income Tax - Resident Individual,0.00,0.00,0.00,0.00,0.00,51143.00
"8a12727755a80089a1fee8a2209afa0e1e56cf5eb59be5975220b182f8065fca","2024",Income Tax - Resident Individual,0.00,0.00,0.00,0.00,0.00,133189.00
"8520e14b8c959d40353a87f9867a70c9fce9641239ce87fb829274a02582a737","2023",Income Tax - Resident Individual,0.00,0.00,0.00,0.00,0.00,98639.00
bd493692f3bc019d6641ab734f32d23f0a39c92c855a677a24714ba3a5ee6f5f,"2024",Income Tax - Resident Individual,0.00,0.00,0.00,0.00,0.00,33963.00
"0a4c0b6368cf034f9986eefad8b7d65057490d3826d1cdc55f002f186c9805ed","2023",Income Tax - Resident Individual,0.00,0.00,0.00,0.00,0.00,0.00
"992b12510ff32d37fe40192b3339c48d53a74ab08e45b497feafd6ee9b6b00d4","2024",Income Tax - Resident Individual,0.00,0.00,0.00,0.00,0.00,666677.00
"675f99ccd0ae8b80f0f6008b1d4e1d414d0c33b59d42381f2ce3b68afc011989","2023",Income Tax - Resident Individual,0.00,0.00,0.00,0.00,0.00,0.00
"48b6f537680bb71e0180ff1b5e6efb2f67fbddbda18253166973140432d69f14","2023",Income Tax - Resident Individual,0.00,0.00,0.00,0.00,0.00,38002.00
"99a3addad61ea7ee0d3a14c2173da38e09fc1184adbdb394e373a09fe708d028","2024",Income Tax - Resident Individual,0.00,0.00,0.00,0.00,0.00,335810.00
"496d87f6111d793d1fb1d77372ba68da88d7960367e3d68dd892596a13036d8d","2023",Income Tax - Resident Individual,0.00,0.00,0.00,0.00,0.00,0.00
b880347fd9f089c67c6346f65db2c27c15060ea0ff2ff828238ff22207153a48,"2024",Income Tax - Resident Individual,0.00,0.00,0.00,0.00,0.00,0.00
"000df713733c142b8e323d7c4cb3c09cd3faa88e913ff1e8b59f4bfe4c802e6d","2023",Income Tax - Resident Individual,0.00,0.00,0.00,0.00,0.00,0.00
"000ab5e3bdedeea926bb79cc6d6a174e198b844a26e0c420f8f519aece611d81","2023",Income Tax - Resident Individual,0.00,0.00,0.00,0.00,0.00,163718.00
"0018d1120f77930ea15d71b1d4582a42f535da148fdf44ce5c879d3fce818261","2023",Income Tax - Resident Individual,0.00,0.00,0.00,0.00,0.00,0.00
"000ab5e3bdedeea926bb79cc6d6a174e198b844a26e0c420f8f519aece611d81","2024",Income Tax - Resident Individual,0.00,0.00,0.00,0.00,0.00,219625.00
"000df713733c142b8e323d7c4cb3c09cd3faa88e913ff1e8b59f4bfe4c802e6d","2024",Income Tax - Resident Individual,0.00,0.00,0.00,0.00,0.00,0.00
"0011364ec2d16e40f94549b3604fb22ba652e74c9b0d3fc02d73ac40acb71c7d","2024",Income Tax - Company,2174735.00,606345.30,20820.30,0.00,725759.00,111512.61
"000729272b896c6c79d48b94195eea3953f28b6c658911b71c11fa7a47c83fec","2023",Income Tax - Resident Individual,0.00,0.00,0.00,0.00,0.00,108275.00
ff0690dba00510d8cd9970570ee90815eb1f0765e01f19a98a11528c2c9cc9b9,"2023",Income Tax - Resident Individual,0.00,0.00,0.00,0.00,0.00,123904.00
a48257f336631602f5bff7f2dd65de51a10571d270458d71bce21dd6f6dd844f,"2023",Income Tax - Resident Individual,0.00,0.00,0.00,0.00,0.00,76975.00
aaf6d724629848f0a9356a59a3096713fe56b3c51db6933b1445d376dab4fe96,"2024",Income Tax - Company,6205545.00,70000.00,5705545.00,0.00,0.00,0.00
"7bac13b89b5138a6be189efaf84d2c053e8f5a03da46724c54237fe2d7158c48","2024",Income Tax - Resident Individual,0.00,0.00,0.00,0.00,0.00,0.00
"21ba867b462ef224046b457c437686619f84dd46987efb7169292ddacfbc2c46","2024",Income Tax - Resident Individual,0.00,0.00,0.00,0.00,0.00,161800.00
ba2cb7641a4cf34e8219474956599257634edbcc753f24569db02a06fbba5547,"2023",Income Tax - Resident Individual,0.00,0.00,0.00,0.00,0.00,16663.00
"24e79840cf8b0cedd93a2fa2214b21a0f9b6d33fe85990fe3fda9360d89b6d67","2023",Income Tax - Resident Individual,0.00,0.00,0.00,0.00,0.00,0.00
fc2b7f0e9f326d5b5b6f74c95e2298b060958b1459705db4d2b368d27fc8b842,"2024",Income Tax - Resident Individual,0.00,0.00,0.00,0.00,0.00,57380.00
"659070f983762c26ac3d9639be4ce8bf30f7e249f3ac271269d867c8d5209b6e","2023",Income Tax - Resident Individual,0.00,0.00,0.00,0.00,0.00,86521.00
"91904ad637fe5b028be0506c26d2e5d3d95a2ca7107c063913ed70966640211d","2023",Income Tax - Resident Individual,0.00,0.00,0.00,0.00,0.00,0.00
"11a02927d11b71ba0f9731d348c51c167c5c72e95fe2e563f68d30887b328765","2024",Income Tax - Resident Individual,0.00,0.00,0.00,0.00,0.00,13585.00
"72374806242a354985d7dfad60d1fe15992410b33650bb040917bd0c3babed4d","2024",Income Tax - Resident Individual,0.00,0.00,0.00,0.00,0.00,0.00
dd035065fd4faefc5476b80d888aaf7d9ccbb2f7f12ab623be832aa16145e349,"2023",Income Tax - Resident Individual,0.00,0.00,0.00,0.00,0.00,252472.00
"04674ab18142e411f0ba00c2dbebeac96fe2409905b0f13c7c583162c5827704","2024",Income Tax - Resident Individual,0.00,0.00,0.00,0.00,0.00,0.00
"775367eb758eebad1d9fc2c27c510030a39c27d9b74bba3462833cb2454d51e3","2023",Income Tax - Resident Individual,0.00,0.00,0.00,0.00,0.00,0.00
b72bde17c4926ba61d56b8a33bd618ea55543f33cdbf3bf6452b35c5f5ac16a4,"2024",Income Tax - Resident Individual,0.00,0.00,0.00,0.00,0.00,78267.00
faa7f0df98b65537a680318bba2cbf8fe42f1938f82cd2dced78d914f9a34dcf,"2023",Income Tax - Resident Individual,95894.00,0.00,0.00,0.00,0.00,611809.00
be521b28c04598bbf39a1b5faef409e3432d7e15ab8bd271161f5fde4ad0ec1f,"2023",Income Tax - Company,163758.00,47400.00,26406.00,3900.00,62700.00,1262.61
"000094deba2333c448eae230fe41274e62d26724cdfaad2b47ed0578524e7b5a","2023",Income Tax - Resident Individual,0.00,0.00,0.00,0.00,0.00,0.00
"0003192b00e1883a70f526bad501f7f7e7904a9d452a09bbf1e8a23c532c4f0f","2023",Income Tax - Resident Individual,0.00,0.00,0.00,0.00,0.00,82458.00
"001a09825245b46e6689dc1d5e3f712d604bc632047096296af8fa7e8cfc54e7","2023",Income Tax - Company,605792.06,26004.00,0.00,2340.00,0.00,0.00
"0003192b00e1883a70f526bad501f7f7e7904a9d452a09bbf1e8a23c532c4f0f","2024",Income Tax - Resident Individual,0.00,0.00,0.00,0.00,0.00,93157.00
"001a09825245b46e6689dc1d5e3f712d604bc632047096296af8fa7e8cfc54e7","2024",Income Tax - Company,3916755.77,593300.00,0.00,36300.00,0.00,0.00
"00174d05f3f5f3ae02bc9b034df4d56c3d188fe0092264bdbead0c7f22a5148e","2023",Income Tax - Resident Individual,0.00,0.00,0.00,0.00,0.00,655595.00
"8388be02a18bd5c8c2829be3c46c2cb586890cf443816dece3964f707999cac2","2023",Income Tax - Resident Individual,0.00,0.00,0.00,0.00,0.00,4720.00
"69209337bcb9c8bef2743e5b490b1d6a9c8c3fcebe152700053627f8c7d2c04e","2024",Income Tax - Resident Individual,0.00,0.00,0.00,0.00,0.00,239837.00
"86aafe0d88e53f6521f766644c15bc540cf3a207eae0a852426a095958dedba7","2024",Income Tax - Resident Individual,0.00,0.00,0.00,0.00,0.00,535147.00
"15c3c2f1518bb419eb2dc8b75075b200c83acda5eaba2c55a40af2259ac328c6","2023",Income Tax - Resident Individual,0.00,0.00,0.00,0.00,0.00,0.00
a14fa2a847711b4faceee5c0441d1020acf2c9375428aa37e8d5c65e60d3afeb,"2023",Income Tax - Resident Individual,0.00,0.00,0.00,0.00,0.00,0.00
"7f85d6a962a5d64de68c79939764b028e52394a914242118d443d9d64e71e079","2024",Income Tax - Resident Individual,0.00,0.00,0.00,0.00,0.00,2520.00
"9863f66561b810a3034ace2e13bdd45806fcba53d27c8bc3cdf4f75c587b5ba1","2023",Income Tax - Resident Individual,0.00,0.00,0.00,0.00,0.00,109466.00
"0163c5e0e2683d650118db4795f37921e2619cf32086276f2ba0c2aa1a48aec6","2024",Income Tax - Resident Individual,0.00,0.00,0.00,0.00,0.00,1855.00
"34c8b5e3f145d4e166bc42b914d6631c45150b2fca3798c9f20f06d31cc7fad7","2023",Income Tax - Company,290033.00,0.00,0.00,0.00,174020.00,34803.90
ee933be2cf4cb82d14189bc7029fa4e6e0d6e228638ec36a0671e86502188afb,"2024",Income Tax - Resident Individual,0.00,0.00,0.00,0.00,0.00,74231.00
"13a53fadebf69b502bc10a6e524ceddf1fa2b574e9c594d63992e6aa821c43c3","2024",Income Tax - Resident Individual,0.00,0.00,0.00,0.00,0.00,0.00
abe8af209a63cc664430bf4cde6f25c6260cf29296982d3b4e601dc3742767fb,"2023",Income Tax - Resident Individual,0.00,0.00,0.00,0.00,0.00,16648.00
ed4ce4a93f3ae20c0a83f3c39a318d112abe9c520e7655472757d0cb0169c401,"2023",Income Tax - Resident Individual,710460.00,140900.00,0.00,0.00,297064.00,36557.00
e0d160c7bcb9183788425c1763cf01f175df6bb6808a787bce2fe8b3d0b356c8,"2024",Income Tax - Resident Individual,6192000.00,0.00,0.00,0.00,0.00,9104902.00
"343c609bad9fff9043da39fc389ace5f15cf2167881f15ee8a4593e80a13d3fb","2023",Income Tax - Resident Individual,0.00,0.00,0.00,0.00,0.00,177783.00
"9b70c9cb44173e700389e2b718f89d6212ae72bed0ebd0a1198772160b8d79e5","2023",Income Tax - Resident Individual,0.00,0.00,0.00,0.00,0.00,0.00
"01752b1eb3ba936f3c282b5ede813e05e5ab8bf337380c68bbd1a7d13b683d54","2024",Income Tax - Resident Individual,0.00,0.00,0.00,0.00,0.00,469704.00
"000d612cd01ed2b41dc5b70f0328014ae7194398db80ec8fc3c77fdf747bf628","2023",Income Tax - Resident Individual,0.00,0.00,0.00,0.00,0.00,0.00
"00147156f3f5fc2238e72c841e2950ecf9718a6029477b10f994070a70a49db8","2024",Income Tax - Resident Individual,0.00,0.00,0.00,0.00,0.00,128223.00
"00160b4e9fb536ead45ed8ca785602cc8e0c1b0fb81db55de38f2393f1a8fa54","2024",Income Tax - Resident Individual,4088926.00,292440.00,24675.00,16207.00,3775045.00,0.00
"000c35d926d612c921423ef341d51601df6d95276b8f85b77fb59aa14b23cdea","2024",Income Tax - Resident Individual,0.00,0.00,0.00,0.00,0.00,67758.00
"00128565d5d0196a6a5d179177fb6787a24e6d006798a9748fdd4b3a891da520","2024",Income Tax - Resident Individual,90000.00,0.00,0.00,0.00,0.00,7550.00
"0015d65cb67f628b49fff2b29644cc0f8f393c05989d93da43b7fad18506c077","2023",Income Tax - Resident Individual,0.00,0.00,0.00,0.00,0.00,0.00
"0015d65cb67f628b49fff2b29644cc0f8f393c05989d93da43b7fad18506c077","2024",Income Tax - Resident Individual,0.00,0.00,0.00,0.00,0.00,0.00
"00171dce653939274253b0fce79016366cbda3a13cfc774f546bcd7bb9efc553","2023",Income Tax - Resident Individual,0.00,0.00,0.00,0.00,0.00,0.00
"000816d1459a44898e33590a0ca13e4c07ab684ee115f42639dfedf6cb2e24c7","2023",Income Tax - Company,1597955.00,706189.00,961900.00,2709.00,0.00,0.00
"001a33f0dc39b39dc3a5bca7f8ac2f222b4aeeaf4452585f2acf64991f69e547","2024",Income Tax - Company,0.00,25450.00,516146.00,0.00,0.00,0.00
"00147156f3f5fc2238e72c841e2950ecf9718a6029477b10f994070a70a49db8","2023",Income Tax - Resident Individual,0.00,0.00,0.00,0.00,0.00,79065.00
"00128565d5d0196a6a5d179177fb6787a24e6d006798a9748fdd4b3a891da520","2023",Income Tax - Resident Individual,1.00,0.00,0.00,0.00,0.00,0.00
"0006fc507f334004f132bf5eef92439632d33a1fbfeb1a69285bd2a58e14c68e","2023",Income Tax - Resident Individual,0.00,0.00,0.00,0.00,0.00,722567.00
"0007742287ae6e7c211bfb2b91df14638b79d9e0f3abee59a67e6bf857a07d0d","2023",Income Tax - Resident Individual,0.00,0.00,0.00,0.00,0.00,107778.00
f1d8da22f4af79044e6a6b4f5d133bde91bdfc333df25ee19eae1acf591b2439,"2023",Income Tax - Resident Individual,0.00,0.00,0.00,0.00,0.00,115036.00
ef35b72884520ee7719806c9340225bddda394588f538a8e344f31170bf8eb7c,"2024",Income Tax - Resident Individual,0.00,0.00,0.00,0.00,0.00,134113.00
dd27a0760a929e30d4d17d5430dd253826cfd216900748c7d2f50d1563989103,"2024",Income Tax - Resident Individual,0.00,0.00,0.00,0.00,0.00,31900.00
c6818c39842daf8d3b7c276362d83a9d10d36bfb499bda56583d463d7b84e792,"2023",Income Tax - Resident Individual,0.00,0.00,0.00,0.00,0.00,0.00
b1eba00ffb204a0d9bbdc9cb290d6570495e78b9304583b3cc129746e09b78ff,"2023",Income Tax - Resident Individual,0.00,0.00,0.00,0.00,0.00,243452.00
eb8d861992ceafc88f96c1dc982d45c29f357dc7a91df4be4257ccfd4f368114,"2023",Income Tax - Resident Individual,0.00,0.00,0.00,0.00,0.00,52938.00
"1cb50d51b0eaad52b29e81d59af650899d69cd69ce79f2c9e52a5e5ca8792ff5","2024",Income Tax - Resident Individual,0.00,0.00,0.00,0.00,0.00,396165.00
"8cff89d19fb44cb31c61b71a66c123b7d8405f38c33dbca12367198b2de65049","2023",Income Tax - Resident Individual,0.00,0.00,0.00,0.00,0.00,86544.00
"90e0eebe1b94f4bc262b99220195e59fd464db85676bca4a05fa9c647bad98c2","2023",Income Tax - Resident Individual,9209593.00,3795400.00,0.00,92000.00,0.00,1203958.00
d2cc873a81c45648389377ca005a73c8b92f1805aa57a04c073dd01d28abf8d8,"2024",Income Tax - Resident Individual,0.00,0.00,0.00,0.00,0.00,0.00
c97fe00ce9d7397acc30e60bd97189299418a4577507c2b3e609819a295f59b5,"2024",Income Tax - Resident Individual,0.00,0.00,0.00,0.00,0.00,0.00
"26719a88c5bfcbf4c78b5423021defd896d3691a99f46ea21cee5f6b55afa4f8","2024",Income Tax - Resident Individual,0.00,0.00,0.00,0.00,0.00,6012.00
ee27cba5161830ea04da4c987f9d6acb00fa002ef5a7e1f35436db3d105f7cdb,"2024",Income Tax - Resident Individual,0.00,0.00,0.00,0.00,0.00,139966.00
e09a40eb89a4e746f0fcf0327db11767aa3968e52bd9138b7d495610d3ea2ace,"2023",Income Tax - Company,226168.00,23000.00,201320.00,14966.00,261660.00,0.00
"000582f1f7c7de4e0cf7975bff52b8d7b9e94fe724a66f7397cb2e5f24f4aa0e","2024",Income Tax - Resident Individual,0.00,0.00,0.00,0.00,0.00,0.00
"00130f125d8ebdcfa54dcf525aca3b2e89d3ed64d42d201a73df3a3a4d88a33a","2024",Income Tax - Company,877200.00,21405.00,106750.00,690.00,582509.00,0.00
"000582f1f7c7de4e0cf7975bff52b8d7b9e94fe724a66f7397cb2e5f24f4aa0e","2023",Income Tax - Resident Individual,0.00,0.00,0.00,0.00,0.00,0.00
"0007742287ae6e7c211bfb2b91df14638b79d9e0f3abee59a67e6bf857a07d0d","2024",Income Tax - Resident Individual,0.00,0.00,0.00,0.00,0.00,109524.00
"0006fc507f334004f132bf5eef92439632d33a1fbfeb1a69285bd2a58e14c68e","2024",Income Tax - Resident Individual,0.00,0.00,0.00,0.00,0.00,193352.00
"0001be54dc6f7ede688031314d4ec074d3de106fbf616aeb45db025d2e94aaca","2024",Income Tax - Resident Individual,0.00,0.00,0.00,0.00,0.00,30437.00
c6d1cddbff1d42654fdc1b30c1c43404f82895cb863d470158a113cc37d0b804,"2023",Income Tax - Resident Individual,0.00,0.00,0.00,0.00,0.00,0.00
d9f510902bfd1d7c29455450ce6fbdfa013b00813fab11e589b68ca9e11693f8,"2024",Income Tax - Resident Individual,0.00,0.00,0.00,0.00,0.00,0.00
"4e7992782dcbd8d6942b20a9b9954925693d64f2b17dd0ee6cee0bd25aae901d","2023",Income Tax - Resident Individual,0.00,0.00,0.00,0.00,0.00,92925.00
"6611004ad13c527030f04fcdef33c20ce00a9ab046a7ec715e163437c2c4fed8","2023",Income Tax - Resident Individual,0.00,0.00,0.00,0.00,0.00,0.00
d5fc11623f2eb12d88543d0634720d8ee545319ebb6a136edc86efb94240feab,"2023",Income Tax - Company,1848588.00,0.00,7500.00,0.00,36000.00,0.00
"5dd06fa0d4f8e82a8972f47460546ae0890c2b801998d9cd279b9fc26dd55304","2023",Income Tax - Company,8492630.00,1048100.00,0.00,5071.00,1945000.00,1650665.40
"1392d77d65bf61eebb2959285623302b2b26c62936b70f60d0095d7487a52a3e","2024",Income Tax - Resident Individual,0.00,0.00,0.00,0.00,0.00,233295.00
"21bb496619f690e1d3855cf54cdec809d4e4d7337a587e2eaa73b3d08e8b9d1b","2023",Income Tax - Resident Individual,0.00,0.00,0.00,0.00,0.00,124843.00
"72bbb5686b54f8485f41b949c054310515147a567a56f31abd714efde8048af6","2023",Income Tax - Resident Individual,0.00,0.00,0.00,0.00,0.00,66857.00
"77582fd2fde52157ee8eda2b438198bbe08ea6bfe12a73a557beca1376ebaef4","2024",Income Tax - Resident Individual,0.00,0.00,0.00,0.00,0.00,0.00
e20bd8a2a607a3195e557aec289d69d6ece27f73fc3af600d2fbd37076cb63d4,"2024",Income Tax - Resident Individual,0.00,0.00,0.00,0.00,0.00,260962.00
"97affb9ee377331f9122725ca0d0e4cf4660ae3bff72d9ec8348da0e726e2868","2024",Income Tax - Resident Individual,0.00,0.00,0.00,0.00,0.00,85993.00
"4572683828acc3141901539fbd246df8cd1d83556d8f8be51e86c4ac70f3d291","2023",Income Tax - Resident Individual,0.00,0.00,0.00,0.00,0.00,231412.00
"3401502fd91508a561b624512106d8ab04fe0e176f3d2f994cffcefeef743143","2023",Income Tax - Resident Individual,1.00,0.00,0.00,1.00,0.00,210822.00
af3d624a6857d45abf6a5b9d96808e5e1b0b06bcf9d66ba720914206f9969afb,"2023",Income Tax - Resident Individual,0.00,0.00,0.00,0.00,0.00,158588.00
"2c03ea131ec472581263c662e1bd0799148f964f78ac5c4810da9edcb49d4043","2024",Income Tax - Resident Individual,0.00,0.00,0.00,0.00,0.00,236615.00
"0001be54dc6f7ede688031314d4ec074d3de106fbf616aeb45db025d2e94aaca","2023",Income Tax - Resident Individual,0.00,0.00,0.00,0.00,0.00,21682.00
"001c96977fe5723cfc30b9f39bbc6bbb9f5f86c39544628ed91815882f35b90f","2023",Income Tax - Resident Individual,0.00,0.00,0.00,0.00,0.00,70225.00
"00000d6c1ddad6cff2d2746e53d4011e82774d217a8c9f9724647d2df3b379a5","2023",Income Tax - Resident Individual,0.00,0.00,0.00,0.00,0.00,74723.00
"000d6d6eb3d3b769190b724df4225d6fbb0378dc07a53896869a1b1140a059a6","2023",Income Tax - Resident Individual,0.00,0.00,0.00,0.00,0.00,0.00
"00098852c470a1afd4740637b53749f21b236370f5e0fc488465fb20e59c32c3","2023",Income Tax - Resident Individual,0.00,0.00,0.00,0.00,0.00,6900.00
"85545a202db1e2d97a992c64383d77ea12b0d0a8e9335cdec18e455dfffd3ccf","2024",Income Tax - Company,5712000.00,1198465.00,0.00,1790.00,5413787.00,0.00
e3fbc6b8dfbf771d928f67252bff031930660a2ad0a3e57e50fb9e19038935fa,"2023",Income Tax - Resident Individual,0.00,0.00,0.00,0.00,0.00,67927.00
"2850ee4e7806466f412ec868500eee81826910c23393eb53e279dbd527d543f5","2023",Income Tax - Resident Individual,0.00,0.00,0.00,0.00,0.00,47455.00
"9eb68054ad4d83879d28366abf3786b2c32eabb6e02efb8cee74c47712cf9802","2023",Income Tax - Resident Individual,0.00,0.00,0.00,0.00,0.00,70523.00
"8e246d3260e70a302656dc4395b612a08537b2e8dd76bbffc4441de4de20d1eb","2024",Income Tax - Resident Individual,0.00,0.00,0.00,0.00,0.00,39098.00
"764a398a9be4533c554db182bb9b3fac1f3a7a858e3e7a6bcc2e3aa34a678587","2024",Income Tax - Resident Individual,0.00,0.00,0.00,0.00,0.00,103512.00
"64918728c272799884c531e7f5ce1715e25207dcd284efdb45fea8290a85fcf4","2024",Income Tax - Company,5788966.00,50000.00,845247.00,136016.00,2767703.00,269363.66
"0ec6b9471ad535fe52fd7abb8372f2aab098d5c6f3f2b14048139eeb839aa67c","2023",Income Tax - Resident Individual,700000.00,0.00,0.00,0.00,665000.00,474160.00
dea36ad8ac0175b48de3eaf15d5f73d5348c2bf1fe8a3d01d1c749c921cb52e0,"2023",Income Tax - Resident Individual,0.00,0.00,0.00,0.00,0.00,84157.00
a8eee2dcb429e82021c2f488ca4b40cc89ac0d90f26c7397aa83f2ef433705a9,"2023",Income Tax - Resident Individual,0.00,0.00,0.00,0.00,0.00,210392.00
"29bc1f359970826a2a6b4f82c2cc44144c96cec80d53d1a85d6e7017376f2d76","2024",Income Tax - Resident Individual,0.00,0.00,0.00,0.00,0.00,63442.00
"6f74a9ea093e5db71213a809520113fa1d3de57879e028df5f575b80eb1bc442","2023",Income Tax - Resident Individual,0.00,0.00,0.00,0.00,0.00,166175.00
"23ef9cf66d4980bbaa33dd018b60b2cfa7c11c818f913381e98e8ef1ec72ae05","2024",Income Tax - Resident Individual,0.00,0.00,0.00,0.00,0.00,0.00
"6747543ea3f915a9bd85c3f7d35d8d1ec6a359ef9857018996aa4b5c90adfa45","2024",Income Tax - Resident Individual,0.00,0.00,0.00,0.00,0.00,0.00
b24794804b4b0276eeb7677a001463669af126fcee21fba1dd4108e1b9ff6559,"2024",Income Tax - Resident Individual,0.00,0.00,0.00,0.00,0.00,181861.00
a81d89ba740536305d3d49d4a4c3ec6224cd4bfea7105ebce015f4602d3e13d9,"2023",Income Tax - Resident Individual,0.00,0.00,0.00,0.00,0.00,544341.00
ed460f7a0025200a8d830f8cb81608e9f961c239e4f4b8186c32f218887988b8,"2023",Income Tax - Resident Individual,0.00,0.00,0.00,0.00,0.00,0.00
"510a95c4c234e26245022e5548f63e7a52819b2f2dc83a73510ac160f03e88c8","2023",Income Tax - Resident Individual,0.00,0.00,0.00,0.00,0.00,0.00
"000c5736225b1b7667e07a1f242022421abaf5342d00642dae8474eaafae1dbe","2024",Income Tax - Resident Individual,0.00,0.00,0.00,0.00,0.00,138348.00
"001b71c081f8f2990cec1dc5e4b31586710766673d2a010384511f0357fb9d91","2024",Income Tax - Resident Individual,0.00,0.00,0.00,0.00,0.00,98739.00
"000c45df058b5be75c432a6aabd474b217416649ef2570b473e1b96832cfdfd9","2024",Income Tax - Resident Individual,0.00,0.00,0.00,0.00,0.00,48741.00
"000742fcbeba87af09ff4809cd3145305329017094dbe33d62d332b4c4cf40a1","2024",Income Tax - Resident Individual,11246381.00,1129279.00,135074.00,23354.00,475940.00,71626.00
"000c45df058b5be75c432a6aabd474b217416649ef2570b473e1b96832cfdfd9","2023",Income Tax - Resident Individual,0.00,0.00,0.00,0.00,0.00,22059.00
"000c5736225b1b7667e07a1f242022421abaf5342d00642dae8474eaafae1dbe","2023",Income Tax - Resident Individual,100000.00,0.00,0.00,0.00,0.00,124540.00
"001b71c081f8f2990cec1dc5e4b31586710766673d2a010384511f0357fb9d91","2023",Income Tax - Resident Individual,0.00,0.00,0.00,0.00,0.00,86558.00
"000d62b5d49977cf013fdab4b380d9037ac809c40f11a7cceadb0a36bd1d5d0d","2023",Income Tax - Resident Individual,0.00,0.00,0.00,0.00,0.00,0.00
"00167f5a3952d9672fcb8a9af4499eca868de5da09819a489112d6edbccf00f7","2024",Income Tax - Company,4787954.00,554321.00,0.00,3352.00,415409.00,3909.30
"0015d80a8b829b18919306e6f4286fd070d78f9f4a3f5534d47432ed0c3a0920","2024",Income Tax - Resident Individual,0.00,0.00,0.00,0.00,0.00,221727.00
"000742fcbeba87af09ff4809cd3145305329017094dbe33d62d332b4c4cf40a1","2023",Income Tax - Resident Individual,5033235.00,222090.00,166325.00,18776.00,999400.00,39544.00
"0010db31dafe4c318acaf660441638a639d9712a340c43ad261cb0c8cc795467","2023",Income Tax - Resident Individual,0.00,0.00,0.00,0.00,0.00,455668.00
"8c2f278b76cebb2e91b52c52eea296dd0d6d5347639922894e7099bfc3c073c7","2024",Income Tax - Resident Individual,376220.00,350432.00,0.00,0.00,0.00,1156153.00
"9d5349c1f2272114c1bc8aa264af14a322c3c106c6d383ca947544ac1d12ff00","2024",Income Tax - Resident Individual,840000.00,0.00,19391.00,0.00,511018.00,5398.00
"37f7fc15a214dadfb9fc4772c7daffde96d5e66a9448de2b90cf9e58a1e22fa0","2023",Income Tax - Resident Individual,0.00,0.00,0.00,0.00,0.00,0.00
a8a651a2f766fad08bbce36ab35f41a3f6ecddcb49d8628ff32f35bd1a3d6d33,"2024",Income Tax - Company,147898427.00,9480657.00,46228745.00,21459610.00,8726751.00,0.00
"0093b8c1579617afb3b025084eafaad993416f9c6ccc437496c042dd1378c380","2024",Income Tax - Resident Individual,0.00,0.00,0.00,0.00,0.00,0.00
"1a455210b3740b6d060ffee3f172cc2712d2522d08e96824b6ab0ae86b0afa00","2023",Income Tax - Resident Individual,0.00,0.00,0.00,0.00,0.00,2518424.00
fffa7fa0c7d1a44f2369de62522385e94f8a9d5b94a13df67f09d9e81ce37dac,"2023",Income Tax - Resident Individual,0.00,0.00,0.00,0.00,0.00,1538.00
"524df1a5e7b1d6282ad82e80043ea07763a856439eee3da8fc4ab40f1b0a502a","2023",Income Tax - Resident Individual,0.00,0.00,0.00,0.00,0.00,52938.00
"80a63c91f54d2ec3cf22bc0a64f51fd4c0bb0fa59bb36d31956889b2aa51e1e0","2023",Income Tax - Resident Individual,0.00,0.00,0.00,0.00,0.00,0.00
"4b1be52a0cb855f4c7f9accc50db33ab92651a35f254d7c306ed9aa32e0305be","2023",Income Tax - Resident Individual,0.00,0.00,0.00,0.00,0.00,325285.00
"84da506ffcf3f83edc71e807aa1e4b4f8c6bd164cc394de36927b718de8b85d5","2023",Income Tax - Resident Individual,0.00,0.00,0.00,0.00,0.00,0.00
"8d7875c6b905ce1b68a8a991beee4d9f46fab9d07f88d23116d984a7b0e1a59f","2024",Income Tax - Resident Individual,0.00,0.00,0.00,0.00,0.00,164384.00
"0963f6ca775c282d49e4d62827ce7165626a3d3c919600077476c9f788e91f98","2024",Income Tax - Resident Individual,52250.00,43540.87,0.00,0.00,0.00,254613.00
"64e1feffff8fbd40607d73e0a011da0bfcd76d628e983f7073b9457d9134a474","2023",Income Tax - Resident Individual,0.00,0.00,0.00,0.00,0.00,68723.00
"001acc586f08a4738b294e15a01197d62e9ad2c20fca24d2fc8edf0006c0ec3a","2023",Income Tax - Resident Individual,349440.00,200000.00,0.00,0.00,0.00,414862.00
"000f5bd7918bcf70ebf1927e8e849fa8427d708e1db7d9ea88c641a7e7a4d63c","2024",Income Tax - Resident Individual,0.00,0.00,0.00,0.00,0.00,239356.00
"000610a44ce4385eb7bbc16d514da578dbda514050208e908e52ebe90b119902","2024",Income Tax - Resident Individual,0.00,0.00,0.00,0.00,0.00,0.00
"001acc586f08a4738b294e15a01197d62e9ad2c20fca24d2fc8edf0006c0ec3a","2024",Income Tax - Resident Individual,109180.00,82295.00,0.00,0.00,0.00,495384.00
"001113fd4c6e50b6669c9fb88be38bcbe74025881535b94172e6f92b9e35548c","2023",Income Tax - Resident Individual,0.00,0.00,0.00,0.00,0.00,0.00
"9f902a5a83f6b55d384f8e4c5951844068e81882041372844c38ac8a19b9f9b9","2023",Income Tax - Resident Individual,0.00,0.00,0.00,0.00,0.00,0.00
d3bf45fb1f2f2b9521d94a532238ad07070ab611f22ac309061d6eb677dd2849,"2024",Income Tax - Resident Individual,39084.00,32600.00,0.00,0.00,0.00,101462.00
"5cef2e52da61999e097c5f031bf7640843020536ed130596b958debfae63f112","2024",Income Tax - Resident Individual,690000.00,0.00,0.00,0.00,491430.00,0.00
"86dc68d282f005dc701455bf8242cce917cce753e8fd53c59e6cf21ac934b2ae","2023",Income Tax - Resident Individual,0.00,0.00,0.00,0.00,0.00,132678.00
e13ae9a82aa3baa256abd7544e4f4f155f286a5459e842e2178e1c48d8f87703,"2023",Income Tax - Resident Individual,0.00,0.00,0.00,0.00,0.00,0.00
"12481267b22e6638ab45ad85ea3a00edb8b4865695ed2e3fd03bc47a40e6fcaf","2024",Income Tax - Resident Individual,0.00,0.00,0.00,0.00,0.00,0.00
e834afface63e46bd8cb297b1846f1db1b125cbbbda3ea3c6d064f03af8c3f82,"2024",Income Tax - Resident Individual,0.00,0.00,0.00,0.00,0.00,0.00
"1c7b93b234c403610954e262bc1d9419947243b11d6c03d35c0aa225475cbb50","2023",Income Tax - Resident Individual,0.00,0.00,0.00,0.00,0.00,82444.00
"0bc1426947ee855de3a572ec16e79d10c511f1db6fc00de6f1b92081a46455db","2023",Income Tax - Resident Individual,0.00,0.00,0.00,0.00,0.00,498380.00
"98e6fc86420e7215d361b236c4140f65914d112ba107fcece6b6a9d6766204ab","2024",Income Tax - Resident Individual,1380000.00,0.00,0.00,0.00,256586.00,1825.00
"4f2a9ab48a1279ba89a30434833a1457ddba113f6349ace4bbedc744ae1d5622","2023",Income Tax - Resident Individual,0.00,0.00,0.00,0.00,0.00,52938.00
"431a5114de46d025279e777d4d8a68123c14e096317ff39c8b5b16df841e6d53","2024",Income Tax - Resident Individual,0.00,0.00,0.00,0.00,0.00,167458.00
"85f6493983029bd34548bc7d508433a78138a01495885e7fe93e214774f131cd","2023",Income Tax - Resident Individual,0.00,0.00,0.00,0.00,0.00,96711.00
a7edd97804c095035db41a9ac28db44ef5269269e7e924b465dfe27e4265b8ca,"2023",Income Tax - Resident Individual,40000.00,0.00,0.00,0.00,0.00,320702.00
be50cdb9695a719aaf73f30102474654572bec781b20ed63d935afaf812afc84,"2023",Income Tax - Resident Individual,23290.00,2000.00,0.00,800.00,0.00,177993.00
e6be4d6080d996b9a2875435a7321d39f71288857b591e24db575805c823ed67,"2024",Income Tax - Resident Individual,0.00,0.00,0.00,0.00,0.00,171320.00
b72c6b314c520ac39eb2ce09c731e52f9474fb3fddc5ecf9f1752790b54ea156,"2023",Income Tax - Resident Individual,0.00,0.00,0.00,0.00,0.00,64997.00
fa191633fbc268604dc36f6c1b44b7904157700ac44159d42d369f4cdf7b66b6,"2023",Income Tax - Resident Individual,0.00,0.00,0.00,0.00,0.00,63352.00
"4883c5c2de6d1f54069815f3e1a28f1102c8864c59d42139ca376ef300c02f75","2024",Income Tax - Resident Individual,0.00,0.00,0.00,0.00,0.00,0.00
"001b41696b81a54dae3872258edda44ae7f108c4235f02dfd9d22f4980cb4d3e","2023",Income Tax - Resident Individual,0.00,0.00,0.00,0.00,0.00,0.00
"00045349a91c7ae616d3cc892815a345d852ccc3d714935b01a696f27e63e54f","2023",Income Tax - Resident Individual,0.00,0.00,0.00,0.00,0.00,0.00
"0019cb51ec5c9f90f5021786d8d3fc467a122526f76f0869f26fb1965d89fa17","2024",Income Tax - Resident Individual,0.00,0.00,0.00,0.00,0.00,0.00
"000fcba5f34a3ae1bb08d65d2d3e4ef943cd29a3beac725e4da96a5013640e48","2024",Income Tax - Resident Individual,0.00,0.00,0.00,0.00,0.00,1605467.00
"6d829ae29794c46cedba611069e5a132cbacffef98384378fa5333e32ab2709c","2024",Income Tax - Resident Individual,4.00,4.00,0.00,0.00,0.00,183021.00
"6239aa3633997e34ec1b469b59f39160bc068739cc3f49f6255b7f13957ac174","2023",Income Tax - Resident Individual,1800000.00,0.00,0.00,0.00,0.00,8660474.00
c8401ef9b0c20692eb1065044f2bb0ce2b69fbf4456a07d6b7309079ae8107ee,"2024",Income Tax - Resident Individual,0.00,0.00,0.00,0.00,0.00,0.00
ed2e312f85b041d5bfd1c655af3a4c4f473d8aa128eaa045972ce2bda3e5570b,"2023",Income Tax - Resident Individual,21000.00,0.00,0.00,0.00,0.00,901944.00
"3605fd4f075969705c611677b2535d3a748f9aa4f73a700b3ae6774be889790a","2023",Income Tax - Resident Individual,179480.00,389000.00,0.00,0.00,0.00,830523.00
"5b2d7b79582f2a5df9161b766a3fd83ae0b531a84d4f2d5b5563a85c50fc042c","2024",Income Tax - Resident Individual,0.00,0.00,0.00,0.00,0.00,241595.00
"3dc952e776d4a8f8f62f5cfed1e32c4cc9dedb0c332eb8845947808272cc51a8","2023",Income Tax - Resident Individual,0.00,0.00,0.00,0.00,0.00,0.00
"74d67b09347be69d07be0100e06bd47b18cce0bbe4014a4fe085045f7d579c72","2023",Income Tax - Resident Individual,0.00,0.00,0.00,0.00,0.00,82458.00
"73ce0d19fbdacd3e37f7458af7341dafba26d1d58ed0b941e65539a97dcff588","2023",Income Tax - Resident Individual,0.00,0.00,0.00,0.00,0.00,56981.00
"4665e33ec8311ea092f6e329b5a130928500f5787c93530b192b4766d068bf04","2023",Income Tax - Resident Individual,0.00,0.00,0.00,0.00,0.00,0.00
"2d76b547e036239cf0eb641602fb7cb73d695fcc4285787100bceb3ec15c58c4","2024",Income Tax - Resident Individual,0.00,0.00,0.00,0.00,0.00,2014433.00
c2df83945fdffbcd0ea7ea4c5a2cbcb065c4502d70a1d2799ffc74cbe08a3403,"2024",Income Tax - Resident Individual,0.00,0.00,0.00,0.00,0.00,263173.00
ff75203f21016e026491eddbabd8d2b936328b2f62eafaae8e4797cc9302d066,"2024",Income Tax - Resident Individual,0.00,0.00,0.00,0.00,0.00,22239.00
"00133d516113d59e2d34222f34e25547fa75a60ee919dd66f80318c06380e35d","2023",Income Tax - Resident Individual,0.00,0.00,0.00,0.00,0.00,0.00
"000fcba5f34a3ae1bb08d65d2d3e4ef943cd29a3beac725e4da96a5013640e48","2023",Income Tax - Resident Individual,0.00,0.00,0.00,0.00,0.00,1450471.00
"000589465b66f747261b098a48c451a197a0dfe7c27e7dafbe2598141eddc039","2024",Income Tax - Resident Individual,0.00,0.00,0.00,0.00,0.00,0.00
"00131c4c876394823ed574ca7fd1f710b25486c6f3e5797391ace84fba6c2650","2023",Income Tax - Resident Individual,0.00,0.00,0.00,0.00,0.00,416214.00
"000458efb40c1b8052a678b2498ec0ac234447ba34b7bc3459b97f56b6619189","2023",Income Tax - Resident Individual,0.00,0.00,0.00,0.00,0.00,63607.00
"000589465b66f747261b098a48c451a197a0dfe7c27e7dafbe2598141eddc039","2023",Income Tax - Resident Individual,0.00,0.00,0.00,0.00,0.00,0.00
"000458efb40c1b8052a678b2498ec0ac234447ba34b7bc3459b97f56b6619189","2024",Income Tax - Resident Individual,0.00,0.00,0.00,0.00,0.00,73471.00
"00131c4c876394823ed574ca7fd1f710b25486c6f3e5797391ace84fba6c2650","2024",Income Tax - Resident Individual,0.00,0.00,0.00,0.00,0.00,420719.00
"00114a20c0001edf24154b953b4858849a2a450b2283b09d92f2d540b299134a","2024",Income Tax - Resident Individual,0.00,0.00,0.00,0.00,0.00,0.00
"001bdbd9a1c5949392ac9bde3b07ac62aad38e646cedc0da65a3cd8ac7f2c722","2023",Income Tax - Resident Individual,0.00,0.00,0.00,0.00,0.00,268838.00
f2f30a985225b7112fd04e2301ce0468e556f5521445b94fb7736119041a229c,"2023",Income Tax - Resident Individual,0.00,0.00,0.00,0.00,0.00,0.00
bec4846ac58b42f96f05ee0caffa91043b029445d1f7c1b96a5beca040e5b46a,"2023",Income Tax - Resident Individual,0.00,0.00,0.00,0.00,0.00,0.00
fa5d1932a7af86cc2fb1fcf769b042bfaa243b779e9380f2a18b605c008f64b4,"2024",Income Tax - Resident Individual,0.00,0.00,0.00,0.00,0.00,252652.00
"1a871ef44e71f7943848d78a559cd4f2aa392b1e94e60e5abd74689e50e44f60","2023",Income Tax - Resident Individual,0.00,0.00,0.00,0.00,0.00,118593.00
"05f45bdc5b06dd248a4ddbfc9a2a2e8699caff17ea963d5b88d0a463dc1ddf46","2023",Income Tax - Resident Individual,0.00,0.00,0.00,0.00,0.00,0.00
a3e831ade1963b131b3026adb08068dab142d2f3fad85713ab0e0e7442f7a97d,"2023",Income Tax - Resident Individual,0.00,0.00,0.00,0.00,0.00,0.00
"725f75e60f2c8264f60615818568641ae097cc0aa75271941377b649d7daa103","2023",Income Tax - Company,27600000.00,76301.00,0.00,3726.00,32848522.00,0.00
fd77cd99d6e7909856666dbafb9a0dca4c3bcd32a7ec679d803fc60352b21e5b,"2023",Income Tax - Resident Individual,0.00,0.00,0.00,0.00,0.00,0.00
"4e682f59ab21aa97a31d7d2da81fa86d2693492f9607d142d3f1e4b3a7cbe7d3","2023",Income Tax - Resident Individual,0.00,0.00,0.00,0.00,0.00,0.00
"284b3b1e09ff0cc167ea9005c57ae8dda7e464604cfd87d25a5763de9a5fac2b","2023",Income Tax - Resident Individual,0.00,0.00,0.00,0.00,0.00,47176.00
e506be14d2ecd0fa0851c03d36795d54651161c46a053b245c49a001030dc0f6,"2024",Income Tax - Resident Individual,0.00,0.00,0.00,0.00,0.00,0.00
"00112c5e1a834bdbb23584f8b5dae00791ff9260ee16a47b4aca9fd7f599ad0b","2023",Income Tax - Resident Individual,0.00,0.00,0.00,0.00,0.00,0.00
"000dd05ef0e7ce006fc0ad9f1a4f0c2d9249986e40dbf0c927875a26e72356f8","2023",Income Tax - Resident Individual,0.00,0.00,0.00,0.00,0.00,15359.00
"000f04f4b6438aa1cb3a35f1e73131ef465afbc45e2446eb461036a604076007","2023",Income Tax - Resident Individual,947627.00,0.00,0.00,0.00,1527985.00,0.00
"000dd05ef0e7ce006fc0ad9f1a4f0c2d9249986e40dbf0c927875a26e72356f8","2024",Income Tax - Resident Individual,0.00,0.00,0.00,0.00,0.00,26028.00
"000f04f4b6438aa1cb3a35f1e73131ef465afbc45e2446eb461036a604076007","2024",Income Tax - Resident Individual,2461920.00,0.00,0.00,0.00,0.00,30676.00
"001bdbd9a1c5949392ac9bde3b07ac62aad38e646cedc0da65a3cd8ac7f2c722","2024",Income Tax - Resident Individual,0.00,0.00,0.00,0.00,0.00,351883.00
"000cb33329ab16c3aab595dbdde6ad0369417cd280ccdc857044ae5d8f4ca360","2024",Income Tax - Company,2061440.00,0.00,0.00,0.00,170203.00,56310.30
"000cb33329ab16c3aab595dbdde6ad0369417cd280ccdc857044ae5d8f4ca360","2023",Income Tax - Company,1687100.00,0.00,0.00,0.00,138505.00,49558.50
"1f766e58b20cab2bea25b27e050e6b7cb3953ffe1ef07a348a4d8818318704b3","2023",Income Tax - Resident Individual,0.00,0.00,0.00,0.00,0.00,0.00
"7a3a06b70d6c870ce2d009685684d3ddbd136044e75c79d6b101013511bfaaa7","2023",Income Tax - Resident Individual,0.00,0.00,0.00,0.00,0.00,0.00
"3a9a1143570bf31ab2e1ebe1f96e030bc925a4f971dcc84ce2ac40e7a6f25f41","2023",Income Tax - Resident Individual,0.00,0.00,0.00,0.00,0.00,0.00
"7266bb62b9c830348ca01b0cea8a4c2333690b7e7e8ffd15ce1b2299b350e2fe","2024",Income Tax - Resident Individual,0.00,0.00,0.00,0.00,0.00,0.00
"371c77271a6a988dcc99b14e0dbb5d9aad7e08185c591b09d5969cfcb2b60749","2023",Income Tax - Resident Individual,0.00,0.00,0.00,0.00,0.00,0.00
"0980d54edc3ab755beebc50f7d24fd86c02d26f45ab8419d863f374b525166db","2024",Income Tax - Resident Individual,0.00,0.00,0.00,0.00,0.00,217083.00
bee1e59547716e07f40fdbb91e9afb9a950db0acc8d082b3114d555e7a14e83d,"2023",Income Tax - Resident Individual,0.00,0.00,0.00,0.00,0.00,0.00
"2dab89dcc8f52c2ae120fe575bff08142d3b6089549c6b7072dc0b0fe4f9c71b","2023",Income Tax - Resident Individual,0.00,0.00,0.00,0.00,0.00,22517.00
e19253ec8de5aabf9f3d9a3630602892929b12df3a704feb5a1175a65e774703,"2023",Income Tax - Resident Individual,0.00,0.00,0.00,0.00,0.00,67135.00
d65c93059763e3613b0dfdefa5578f660be3338023e09781ec6c9b676564dd14,"2023",Income Tax - Resident Individual,0.00,0.00,0.00,0.00,0.00,28869.00
"0003b3bc7eea688380ba187f2d97e3c51ae0c971e011dbce46f64831f86963e0","2024",Income Tax - Resident Individual,25984.00,0.00,0.00,0.00,0.00,1064726.00
"000aa19fe8c2323ba5b123c5aed0f30e46884f3f38f8719131e82807f269a456","2023",Income Tax - Resident Individual,0.00,0.00,0.00,0.00,0.00,0.00
"0003b3bc7eea688380ba187f2d97e3c51ae0c971e011dbce46f64831f86963e0","2023",Income Tax - Resident Individual,0.00,0.00,0.00,0.00,0.00,1044883.00
"0011c955e91436cc92e962f96726385f05e6efde313c3c842a613a82349b8622","2024",Income Tax - Resident Individual,2819020.00,2117317.20,0.00,0.00,0.00,147911.00
e99fac250eef34eba2770ab67bcd915e150a3dfa5f009243de94e588ab6e00e8,"2023",Income Tax - Resident Individual,0.00,0.00,0.00,0.00,0.00,0.00
"57202a201150980275ca3112b75a1be0170330ba5391f18f078e535204bac3bd","2024",Income Tax - Resident Individual,0.00,0.00,0.00,0.00,0.00,42520.00
"2e47ea84ccc1c586d2c61cd997e44ac933b7c82f1ccdb32b23ad428ff25783d9","2024",Income Tax - Resident Individual,263308.06,0.00,0.00,0.00,0.00,0.00
"0801edc07bcbf78035e4e7fa01a76407b9b3f256edbf22716d5db903ef3c2025","2024",Income Tax - Company,2120569750.00,0.00,0.00,0.00,771732938.00,111928396.00
c9d5b7525f33811538c846ac1f281c53ae621b5877221dc1fc102fc18a3f5b34,"2023",Income Tax - Resident Individual,0.00,0.00,0.00,0.00,0.00,0.00
"732c1f50e433f9ae795cccca848519f612ec0dbdfd1b07f723e9ad8fb111719d","2024",Income Tax - Resident Individual,0.00,0.00,0.00,0.00,0.00,0.00
"0c3cdbd856951e84eb5899d47764c42c54cbf72337239475075f607e4669e567","2023",Income Tax - Resident Individual,0.00,0.00,0.00,0.00,0.00,0.00
"21d93a75d467b1824d1431d2ae1d44912c8233ccebc373fbddc555d2165e7e76","2024",Income Tax - Resident Individual,0.00,0.00,0.00,0.00,0.00,60609.00
"01083bc63dbfbf02174e37811f1247fd58c18f805da24141f3af83735165afa1","2024",Income Tax - Resident Individual,0.00,0.00,0.00,0.00,0.00,286587.00
"94bffb91055eabde4447d1f9d5eb6cde6c31decb7a3376a436fddc17a2d7f8ff","2023",Income Tax - Resident Individual,0.00,0.00,0.00,0.00,0.00,0.00
"7836f68775007d33282cf55e5134547483896548452f1fa66856e5601c4e412b","2023",Income Tax - Resident Individual,0.00,0.00,0.00,0.00,0.00,156178.00
"1162300b92c5ca0d4f8bc9f68146e801fc6df8cee511fcefef3a364037a1591b","2023",Income Tax - Resident Individual,0.00,0.00,0.00,0.00,0.00,0.00
"91a80ef7b14910a3347048ac60a07c2b8d30b88890b3d6cf1c69162257f8b7f9","2023",Income Tax - Resident Individual,0.00,0.00,0.00,0.00,0.00,0.00
"53694569b51fa7d6887dfc4b89683b0cf9fa6e95da3824aba6d3ba2a8336ff77","2023",Income Tax - Resident Individual,0.00,0.00,0.00,0.00,0.00,6217.00
c56c79a5f26d89bb2e3f2c6aed88f10ff43410e5b9c0c7c9db25f90eea9621f7,"2023",Income Tax - Resident Individual,0.00,0.00,0.00,0.00,0.00,163962.00
"1341ce7b0c9b3dcb001afa5920e5fe04dda843e2bdb8eb242386448f421cd506","2023",Income Tax - Resident Individual,0.00,0.00,0.00,0.00,0.00,269296.00
"123eec9deaaa82a1feed7fff70e98138548918b13e0c9f08825196006ca58055","2023",Income Tax - Resident Individual,0.00,0.00,0.00,0.00,0.00,0.00
ef850bf8d61615c18e9bc8cd4f5e8dd582de46a46c95b5d3b38bfb9e4d36aab1,"2024",Income Tax - Resident Individual,190484.00,0.00,0.00,0.00,0.00,0.00
"000c336f952bed3cd2b12d20526eb756f9cc6444170823168b2c843a91991df6","2024",Income Tax - Resident Individual,0.00,0.00,0.00,0.00,0.00,121638.00
"0017aa2bde33888ea68c3bee981f4bee5f72704c7f780ad95171a00ff5ec7b96","2024",Income Tax - Resident Individual,0.00,0.00,0.00,0.00,0.00,137510.00
"0017aa2bde33888ea68c3bee981f4bee5f72704c7f780ad95171a00ff5ec7b96","2023",Income Tax - Resident Individual,0.00,0.00,0.00,0.00,0.00,138558.00
"000dbcac983bc0b6c695d836d27f1cb141b54c0bf935ab23372fede7a4501e01","2024",Income Tax - Company,2518560.00,34610.00,0.00,12557.00,1239600.00,285928.00
"000dbcac983bc0b6c695d836d27f1cb141b54c0bf935ab23372fede7a4501e01","2023",Income Tax - Company,7646732.00,15000.00,66397.00,22373.00,2783960.00,143197.00
"000ad4faa887d82ede2c7e667d34aab4db9893570a167775ab99ea287ef47b77","2023",Income Tax - Resident Individual,0.00,0.00,0.00,0.00,0.00,0.00
"000643aac22330ff519bff126c2a010404601fba6d8397d3c56c84448e049cda","2023",Income Tax - Resident Individual,0.00,0.00,0.00,0.00,0.00,0.00
"000e3ee5bf60fdfed37b33701723ea810138de69dd2a71c2e418ce741c2914be","2023",Income Tax - Resident Individual,0.00,0.00,0.00,0.00,0.00,533730.00
"00167f62f06d4bca7fe87302e6ac8f8010ad47eaf7cffcb489fe774b838fc876","2023",Income Tax - Resident Individual,0.00,0.00,0.00,0.00,0.00,67121.00
"00114768e65b3908a40d1b6535fdbceeb6d7633f0a601934782dcdbc14d88027","2023",Income Tax - Resident Individual,0.00,0.00,0.00,0.00,0.00,0.00
"000c20fac0d714b7b1a97b7a944d76cdb5171dea93abef2b1e5eaa115ff1ddf7","2024",Income Tax - Resident Individual,0.00,0.00,0.00,0.00,0.00,0.00
"00167f62f06d4bca7fe87302e6ac8f8010ad47eaf7cffcb489fe774b838fc876","2024",Income Tax - Resident Individual,0.00,0.00,0.00,0.00,0.00,78191.00
"0004b7f94c3cdc9496ff26009ccde4f523a23e5b2c1b31a9805988cc59adc774","2023",Income Tax - Resident Individual,0.00,0.00,0.00,0.00,0.00,0.00
"000c20fac0d714b7b1a97b7a944d76cdb5171dea93abef2b1e5eaa115ff1ddf7","2023",Income Tax - Resident Individual,0.00,0.00,0.00,0.00,0.00,0.00
"0011c955e91436cc92e962f96726385f05e6efde313c3c842a613a82349b8622","2023",Income Tax - Resident Individual,1284120.00,763326.00,0.00,0.00,0.00,93639.00
"00114768e65b3908a40d1b6535fdbceeb6d7633f0a601934782dcdbc14d88027","2024",Income Tax - Resident Individual,0.00,0.00,0.00,0.00,0.00,9600.00
"0011bfaac8f4216d28e74842ae0af9d1259a65d3d7574bb4c3f6967cedf67443","2023",Income Tax - Resident Individual,0.00,0.00,0.00,0.00,0.00,201078.00
"0011bfaac8f4216d28e74842ae0af9d1259a65d3d7574bb4c3f6967cedf67443","2024",Income Tax - Resident Individual,0.00,0.00,0.00,0.00,0.00,187253.00
"455f50bd24fc313adfeefbc3312f92b92d583d7cd7ae6e8ebefb38532623b734","2023",Income Tax - Resident Individual,1.00,0.00,0.00,0.00,0.00,0.00
"66098c4924e00d0bd646eaba9394dfd252151ae1836ea995032cfc523b2baacd","2023",Income Tax - Resident Individual,0.00,0.00,0.00,0.00,0.00,0.00
e49c383db4e32b88bd42090358ca0acd9399a952f16c5d28671110ffb6ee0311,"2024",Income Tax - Resident Individual,0.00,0.00,0.00,0.00,0.00,0.00
"7847b32a8c4f9fda5ef56f67ac3a8b15ec7ba341b6f40660c634224a7e783c7f","2023",Income Tax - Resident Individual,0.00,0.00,0.00,0.00,0.00,202282.00
"3305bfd3e8d8ec6539deeb1cbcccfb23068fd73d8331ca0b3ecf79f3418a2faa","2024",Income Tax - Resident Individual,0.00,0.00,0.00,0.00,0.00,223888.00
"6422f936e60eae563572ec0d180a3f5d9af5f90b83599141f45c7884acf35857","2023",Income Tax - Resident Individual,0.00,0.00,0.00,0.00,0.00,153508.00
"0254cfba14362c0bea0e11a7337ee82c58f24b01f59e5d68458ad28575ad3f6a","2023",Income Tax - Resident Individual,0.00,0.00,0.00,0.00,0.00,0.00
"5bd365196ed57b681b05a22d1c89d3a8b08ed1816c805a5e356619c7e7683e41","2024",Income Tax - Resident Individual,0.00,0.00,0.00,0.00,0.00,0.00
"13207bb85b5c704c8ecc20fe3066b8631972e2e9bd89e7316f1cc6d3dd86b953","2023",Income Tax - Resident Individual,0.00,0.00,0.00,0.00,0.00,108760.00
"49d38bad8c385943bf8cbdc3ef6ac238dd9a1de0cab4c796e0c4416a04f51ae3","2023",Income Tax - Resident Individual,0.00,0.00,0.00,0.00,0.00,102724.00
"008441d9a5ccf60c791a274434dbd07a663ec3f26c25600745ac8f4364c90c5e","2024",Income Tax - Resident Individual,39200.00,32642.00,0.00,0.00,0.00,224413.00
"9724bc259242550fe5409efe403ef953ad26d725b39780446e78f17e12b67aa7","2024",Income Tax - Resident Individual,0.00,0.00,0.00,0.00,0.00,0.00
"331d83e6a197378bb8265a12ac4533145ec940fd48a64e4d0580811a4df0a12d","2024",Income Tax - Resident Individual,0.00,0.00,0.00,0.00,0.00,0.00
"9c560c9bb8d0e132610479b646b4a034b61d70b18381cbd3ff85e6635ee22505","2024",Income Tax - Resident Individual,0.00,0.00,0.00,0.00,0.00,0.00
"0643434322811e78d23c54c162adc6f086c1b1ed0998fcc2fbe8d0c113fadf4d","2023",Income Tax - Resident Individual,0.00,0.00,0.00,0.00,0.00,0.00
"0097d1b474d15e03655008945c6b6423ef878b9dfd6eb8a245c668675db472e3","2024",Income Tax - Resident Individual,31500.00,26250.52,0.00,0.00,0.00,0.00
"6af816a925cf709b3c8a0df0fb89f3bca7dd4bd9233c6ed78a4237ac7495a1b7","2024",Income Tax - Company,607268.00,62000.00,600000.00,0.00,0.00,0.00
"13872c54593e3ee87035bb76aa659ca0d80189d4a6cfb294823318373c68773b","2024",Income Tax - Resident Individual,0.00,0.00,0.00,0.00,0.00,101141.00
"00143923ef735267f742202e2ae057172729b5d92c9b648021e627d6e40af568","2023",Income Tax - Resident Individual,0.00,0.00,0.00,0.00,0.00,240943.00
"001b24062a23fe8149e0d4b4ee21eccebd1c82651130fc16f6275b2dd4ba4f9e","2024",Income Tax - Resident Individual,0.00,0.00,0.00,0.00,0.00,201298.00
"001b24062a23fe8149e0d4b4ee21eccebd1c82651130fc16f6275b2dd4ba4f9e","2023",Income Tax - Resident Individual,0.00,0.00,0.00,0.00,0.00,220428.00
"00043275c883bb3aa02b3df0e34075fbd6c53e5b34678a63fdcbc0a9193e7f6f","2024",Income Tax - Resident Individual,0.00,0.00,0.00,0.00,0.00,66493.00
"0014b97b04214967a95c669ab15637208f341b3ee0d847cb80fcfdff167e2446","2024",Income Tax - Resident Individual,0.00,0.00,0.00,0.00,0.00,54675.00
fee725462f87332a4b5669bd0755ba4c70c70a031f4f37a8f8383b69db2c1c0d,"2024",Income Tax - Resident Individual,0.00,0.00,0.00,0.00,0.00,0.00
"90a1df4566062820958f404a5ad44849078a3f01a9b059a72166d5b27d5f1f51","2023",Income Tax - Resident Individual,0.00,0.00,0.00,0.00,0.00,0.00
a5eba721587a7c8778ddfd94b45ba5aec30155eb1ac676a5ea93f867ea0793f3,"2024",Income Tax - Resident Individual,0.00,0.00,0.00,0.00,0.00,129228.00
"30a6c58ac032e2101961d0a720abac6d9229eab7c9e299c027bcc7d41e3bfb66","2023",Income Tax - Resident Individual,0.00,0.00,0.00,0.00,0.00,0.00
"2b646800c12afe412798b535aa602e9db6ee7c05c5326a5335dfc08d08f68d9d","2024",Income Tax - Resident Individual,0.00,0.00,0.00,0.00,0.00,302218.00
"0d26a34c0bc68d596f7bba86db1af7a8bcdb061daefc8acba82702684005c4eb","2024",Income Tax - Resident Individual,0.00,0.00,0.00,0.00,0.00,181173.00
e7bbd629dc7b19bf1221e7bd291ef87f3e907f85e9694fa35c235a9a772523e9,"2023",Income Tax - Resident Individual,0.00,0.00,0.00,0.00,0.00,0.00
"01ffc3f98b3bfe097e1acbec7e6539ef87615d62399cff57d620640aa2f8e8dc","2023",Income Tax - Resident Individual,0.00,0.00,0.00,0.00,0.00,0.00
ad6fa49a6badc6223be34fd226a4bfae0201eeeb65e09b00caae0c8f3101461e,"2023",Income Tax - Resident Individual,0.00,0.00,0.00,0.00,0.00,773127.00
"00109b69b4af23c192323a7a2a63c2c12e0e8f075c706f01899bb4da28d5cba8","2024",Income Tax - Resident Individual,0.00,0.00,0.00,0.00,0.00,196058.00
"000cd9fa981765ca15cf260c057ba91054ff53d5a317a04bcc873c3978f2d9a2","2023",Income Tax - Resident Individual,0.00,0.00,0.00,0.00,0.00,0.00
"00055981dd5fc116fc6aed5ad9512521327f1a1a29496901eceef8042660d3bb","2024",Income Tax - Resident Individual,0.00,0.00,0.00,0.00,0.00,120025.00
a785bf3ca781dc95c3da26ce200bb4d4c1ba8350611c7190a0678d49c23398f9,"2023",Income Tax - Resident Individual,0.00,0.00,0.00,0.00,0.00,0.00
fc59785c79952aa6c6c5b7c11bfc79826b39e5796ff8e50410f62336783ce0a4,"2024",Income Tax - Resident Individual,0.00,0.00,0.00,0.00,0.00,158946.00
d2a22835156fd34de408545bc8bc332ebcb384ea7d9f0d1d5e4fd10f15e0fe12,"2023",Income Tax - Resident Individual,0.00,0.00,0.00,0.00,0.00,194110.00
c928253323218f8d1d8130b7c2f201d767b2dfc3dfc4ede1354c87e03c1f3dc0,"2024",Income Tax - Resident Individual,1905000.00,0.00,0.00,0.00,1364192.00,99643.00
"0113037c42019a83b6496ae5a649980be7bfd3187f0caf5ddc5835e8ff1b2b23","2023",Income Tax - Resident Individual,1648807.00,107685.00,9869.77,0.00,0.00,8162.00
bf18e0fa116da1d274b661915cbb64b6afda0726d8faf729e3f948f0bbcec8b7,"2023",Income Tax - Resident Individual,257525.00,0.00,0.00,3548.00,132399.00,1391320.00
"5e1bf3f60be5298a476bc97884da683ee6ef90190833cd893dc9abcd64432892","2023",Income Tax - Resident Individual,0.00,0.00,0.00,0.00,0.00,15675.00
"7b1fb18f20bdb0ec7442f643da31fa3a7ec7d5cc32d6df2394edd0044918ce32","2023",Income Tax - Resident Individual,112000.00,70500.00,0.00,0.00,0.00,433109.00
"85655e25e88079e4ee4f3423dd83139f554453c0f1ddbdcd6a86127951800d84","2024",Income Tax - Resident Individual,0.00,0.00,0.00,0.00,0.00,176617.00
f183cca818cc4b4301a774fee78b7952de38b93b4896a79c7a3044586d25e0fb,"2023",Income Tax - Resident Individual,0.00,0.00,0.00,0.00,0.00,0.00
"9a6f2225df614783ab14cf2c689087c801714f4f2e87eabe5a8bd188472eb2a0","2023",Income Tax - Resident Individual,0.00,0.00,0.00,0.00,0.00,0.00
"9bbf45f61d41c851abcb0224a78de9376c8300476f12032fd2357e6d5febf10b","2024",Income Tax - Resident Individual,0.00,0.00,0.00,0.00,0.00,0.00
"86e3f3c5d62f114e7cbd90112c50e8ddcff2450f10347b7ea27d211d68702184","2024",Income Tax - Resident Individual,0.00,0.00,0.00,0.00,0.00,1612636.00
acda5fdfc094449498468f4e09c7892f72bef5e87a1be9972035b7e9beaac5fe,"2023",Income Tax - Company,790057826.00,19320000.00,53993298.00,1049220.00,13332519.00,9834981.00
"0b888f3119edc9498fb9be67b82449b7e283b357cbe1f71fcafb1b2ca0575272","2024",Income Tax - Resident Individual,288150.00,0.00,0.00,0.00,0.00,38.00
"52a50d80a9d0abb865e76e7986658149c31e2d63d325a1e4c6695d75d76d6414","2023",Income Tax - Resident Individual,0.00,0.00,0.00,0.00,0.00,311796.00
"42a9c492ca6aafa7efc241b56572326e7a0d898c71638089b41f1bd368928f3b","2023",Income Tax - Resident Individual,0.00,0.00,0.00,0.00,0.00,76975.00
a13eac152b1ba031590292a4d87805a1db4715e6136efb4d3ccd20705c655c3a,"2023",Income Tax - Resident Individual,0.00,0.00,0.00,0.00,0.00,862702.00
"0008a5abd8c5c3c46f8a5584ee7171f931066eaace925a8f7aa826be97685c7a","2023",Income Tax - Resident Individual,313000.00,49200.00,0.00,0.00,0.00,0.00
"000fed5feb1b972198766662c6b77b669248c395c7d095fab1ea47e9923e8a0c","2023",Income Tax - Resident Individual,0.00,0.00,0.00,0.00,0.00,0.00
"00095ee16488ce47f75eef2e68349119e070ce617841229c2b41f4f08f3955b3","2024",Income Tax - Resident Individual,0.00,0.00,0.00,0.00,0.00,0.00
"20d854ea3e330e804ff34f6915c2ce5953362d2beb72e442f9aeaaf209f0d26e","2024",Income Tax - Resident Individual,0.00,0.00,0.00,0.00,0.00,133664.00
"9479443bab5a9a1ac0f18647eb7e6d84e570b66f300f75e3afbc3c5a7a57b6ab","2023",Income Tax - Resident Individual,0.00,0.00,0.00,0.00,0.00,0.00
"397de43b2be26b2436e9997a81a5e675ad85097e1762d207115f51b9416082fb","2023",Income Tax - Resident Individual,0.00,0.00,0.00,0.00,0.00,178874.00
fe16101b5b81dbfca7d795976bd3a0ba142ca9662c7634a17a69985eb5e477c0,"2023",Income Tax - Resident Individual,0.00,0.00,0.00,0.00,0.00,120383.00
"9d5427dc64f33f7bca6554ce82583b6c99fa09d4058030f233489e97efa8a66c","2024",Income Tax - Resident Individual,0.00,0.00,0.00,0.00,0.00,0.00
"0a886094d3135bfa29b5f72a57e1eeacd5d0ca87336ab0f39c170a33b32be627","2023",Income Tax - Resident Individual,0.00,0.00,0.00,0.00,0.00,0.00
"7a611c5daa2cca82fa77281c1a37f91169ee13d0d907062366bdbabb459f1de9","2023",Income Tax - Resident Individual,120645.00,26000.00,0.00,0.00,35000.00,33646.00
"84c52d5e62bc03785f56fe3724a238bd6cdbec9459f5f450cfef408debf693bd","2023",Income Tax - Resident Individual,0.00,0.00,0.00,0.00,0.00,0.00
e036e928057e73c626686b68910d457957e726d54bb8161e35e16f4c69201720,"2024",Income Tax - Resident Individual,0.00,0.00,0.00,0.00,0.00,0.00
"9fd2d8cb8601040a745010e276a7703939ecb3669a670f66beb915dd932b1ffb","2024",Income Tax - Resident Individual,0.00,0.00,0.00,0.00,0.00,39732.00
"674b25dbbf04a6f70b4b0df9e2711c605294f8ee5ab51c194bc6bf03ba12076d","2024",Income Tax - Resident Individual,0.00,0.00,0.00,0.00,0.00,0.00
"2cf4a97ae3656b0f9583fde1e98598f98616bccabaad6b998a7a97fe2a90f1f5","2023",Income Tax - Resident Individual,0.00,0.00,0.00,0.00,0.00,0.00
b264b2e47fb81fcf807ae404cf615a652b0ec3a066712d98fe18511c3ef3c080,"2023",Income Tax - Resident Individual,85000.00,64000.00,0.00,0.00,12999.00,906240.00
"13a8d3b21642f9156a91970c0ac3e1368abed78b66237d965221cacff1e329e6","2023",Income Tax - Resident Individual,0.00,0.00,0.00,0.00,0.00,17300.00
aa2f52fa73989bc8bed7e051aafac5beaca492af1d5050dbb800433968ddda65,"2023",Income Tax - Resident Individual,0.00,0.00,0.00,0.00,0.00,60188.00
"0000e26a9fe08c24b8d21aecf555e8e51131eac12c1c24b6fe8ad11609610342","2023",Income Tax - Resident Individual,0.00,0.00,0.00,0.00,0.00,203955.00
"0000e26a9fe08c24b8d21aecf555e8e51131eac12c1c24b6fe8ad11609610342","2024",Income Tax - Resident Individual,0.00,0.00,0.00,0.00,0.00,228958.00
"0004a6051b17deabefefd32542bed830de1946f9ad849d4a97a3dfac68bf81b4","2024",Income Tax - Resident Individual,0.00,0.00,0.00,0.00,0.00,1116118.00
"00111a70df4b74310ef451a229b5070c14bae08e14798a67d426a68ef9441cd6","2024",Income Tax - Resident Individual,0.00,0.00,0.00,0.00,0.00,0.00
"0004c3a0edb05485c5f4cbc7f5bdf9f57ca34163ff43a432a47bb0a89bda2214","2024",Income Tax - Resident Individual,0.00,0.00,0.00,0.00,0.00,18453.00
"00115ac464671cb3bbd4a6c8334ce13e201bbbd0128b617cbd183a8662a797ab","2023",Income Tax - Resident Individual,0.00,0.00,0.00,0.00,0.00,0.00
"0004d663b3e6be0812b5e6de557d142d4afb1c5c3c5a7cdb3e7dff5ef565bf57","2023",Income Tax - Resident Individual,0.00,0.00,0.00,0.00,0.00,456215.00
"0004a6051b17deabefefd32542bed830de1946f9ad849d4a97a3dfac68bf81b4","2023",Income Tax - Resident Individual,0.00,0.00,0.00,0.00,0.00,1071538.00
"0004c3a0edb05485c5f4cbc7f5bdf9f57ca34163ff43a432a47bb0a89bda2214","2023",Income Tax - Resident Individual,0.00,0.00,0.00,0.00,0.00,0.00
"00111a70df4b74310ef451a229b5070c14bae08e14798a67d426a68ef9441cd6","2023",Income Tax - Resident Individual,0.00,0.00,0.00,0.00,0.00,0.00
"00024fd37cc4f3e49e70dec381c0e8c9fbd4a69509b5056de996a592be0d937b","2024",Income Tax - Resident Individual,0.00,0.00,0.00,0.00,0.00,63636.00
"00102aa86687c0c786b959418836d09fe3d33655e567c7115f0478992d759e10","2023",Income Tax - Resident Individual,0.00,0.00,0.00,0.00,0.00,0.00
"804ab0fc281d0c5bda79196f9ea61e2a3b2006602f74f2f4908eabeb410387bc","2023",Income Tax - Resident Individual,27586.00,0.00,0.00,0.00,0.00,21445.00
e9995bd192149ebadd4952d909e8f16c39da7a5e9f11adf0be27142bfa65fc9e,"2024",Income Tax - Resident Individual,0.00,0.00,0.00,0.00,0.00,78316.00
"51527e93540b3d1b316e87cf0283041f4a06766f818f120e2d8520559676a163","2024",Income Tax - Resident Individual,0.00,0.00,0.00,0.00,0.00,329275.00
"0fed69a72f1f37295b48cbf23f7592488f2d65f4322e9f0feaadc4deb2b31b41","2024",Income Tax - Company,4781627.10,25500.00,972509.17,18798.73,3637689.07,0.00
"92f665d2a59aa9c715ad6e6c9934bc23a47c64ce9758df4f46680f6943dbf4aa","2024",Income Tax - Company,2342108.60,741149.00,360000.00,46790.17,726018.00,0.00
a3598d17209185c813e06e44df9a9e24cf6b2a63016060770c9b567fdd764353,"2023",Income Tax - Resident Individual,0.00,0.00,0.00,0.00,0.00,227693.00
f4c8d8d61498544d3394b2c4b4c92c7e9d2581eb76716d583e5426ff2a18c035,"2024",Income Tax - Resident Individual,0.00,0.00,0.00,0.00,0.00,8313.00
b6b2b9526dd1806fc9a9cf91bf58ca3373a282eeaec5949fd48ceaeb0f26c9de,"2024",Income Tax - Company,30.00,0.00,0.00,0.00,0.00,4.50
"6af18b793546aa368fd2470a63866cc460b4a523e41a816ee187bb934fc49693","2024",Income Tax - Resident Individual,0.00,0.00,0.00,0.00,0.00,310894.00
d1cdea146fb1107bb849acbdaa42d3c9fd2c95182654ebcc49ccad996cd5634e,"2024",Income Tax - Resident Individual,0.00,0.00,0.00,0.00,0.00,10729.00
"6cf5da4d9d7fdb62d3d16f98580631f61b050272cab8975bc46c4cb2c698972a","2023",Income Tax - Resident Individual,0.00,0.00,0.00,0.00,0.00,210174.00
"7f0207a8b5a9ec16ce96e5b94463e83dc79edd14b3af5f244ef808564f67a96c","2023",Income Tax - Resident Individual,0.00,0.00,0.00,0.00,0.00,36743.00
"8677e87f9be01d338de77a8c60824930641a5c783badf0b60f76792bb2f8aaca","2023",Income Tax - Resident Individual,0.00,0.00,0.00,0.00,0.00,0.00
"456c057570a24844bdb66d7619adc77524e7755e3e488a7264d773d38bcbfc5a","2024",Income Tax - Resident Individual,0.00,0.00,0.00,0.00,0.00,63636.00
b26afa992e812c07ba207a6d08700e57f7e17697333826bd79137749b2bb3b39,"2024",Income Tax - Resident Individual,0.00,0.00,0.00,0.00,0.00,76453.00
"21f2a43e6081bc9164e288902e5b9932492ad40cfc7a08961829c198e47bb3e0","2024",Income Tax - Resident Individual,0.00,0.00,0.00,0.00,0.00,0.00
"288a08e65655235c5f579e28c7c12c63f66d88803a488cc39703f7014028ea98","2023",Income Tax - Resident Individual,0.00,0.00,0.00,0.00,0.00,0.00
"000501a8b1eb9934761a28c7cc16175ce642467cf940c412d72a8454547450fd","2024",Income Tax - Resident Individual,0.00,0.00,0.00,0.00,0.00,0.00
"0002b94bf75c7b2434152631ebb7cb57c50f4f8d6430ac25967704429282aa1f","2023",Income Tax - Resident Individual,0.00,0.00,0.00,0.00,0.00,0.00
"0018874ddd3b4783627bd3f6332e5488cb684d6c6076cfea2d062fb1128d5b7e","2023",Income Tax - Resident Individual,0.00,0.00,0.00,0.00,0.00,0.00
"000c0d04a547bb73f920fc312ad46abe337f2f9ecb57b99624f9cacc3394257d","2024",Income Tax - Resident Individual,0.00,0.00,0.00,0.00,0.00,0.00
"00108df108363d5e9ab83208410b463a52705bb64769a6d9ab7cee75961e4631","2023",Income Tax - Resident Individual,0.00,0.00,0.00,0.00,0.00,115769.00
"000c0d04a547bb73f920fc312ad46abe337f2f9ecb57b99624f9cacc3394257d","2023",Income Tax - Resident Individual,0.00,0.00,0.00,0.00,0.00,0.00
"00024fd37cc4f3e49e70dec381c0e8c9fbd4a69509b5056de996a592be0d937b","2023",Income Tax - Resident Individual,0.00,0.00,0.00,0.00,0.00,52938.00
"0007cf6214a50208c7d7e2a7d48d3c197f3ba69f2cb023b139125f9db883b6bb","2024",Income Tax - Resident Individual,0.00,0.00,0.00,0.00,0.00,0.00
"0001b515db4969632de89fbfd3a20d2e3635c74e367aba876a407f47d2449659","2023",Income Tax - Resident Individual,0.00,0.00,0.00,0.00,0.00,0.00
"00108df108363d5e9ab83208410b463a52705bb64769a6d9ab7cee75961e4631","2024",Income Tax - Resident Individual,0.00,0.00,0.00,0.00,0.00,153222.00
"68f365dc26e6f0e104c19aa8dba57a089675f0471829e91f00d94ddc3dcbeb2a","2024",Income Tax - Resident Individual,290.00,0.00,0.00,0.00,0.00,77008.00
ab2c1181e69e1a356a76ea18ed0ccab26eeaafc06895e48cfbbfa5dd227b67d4,"2023",Income Tax - Resident Individual,0.00,0.00,0.00,0.00,0.00,195311.00
"88ad9e952b40c456c7077e0128d9f1c8bc6e2ace61c47d6d68cca8593074bc74","2023",Income Tax - Resident Individual,0.00,0.00,0.00,0.00,0.00,0.00
d71ccffd7f8abd736012a6d6a4c9e86ff4984991d5e8fcd8d56e782ab73297c0,"2023",Income Tax - Resident Individual,0.00,0.00,0.00,0.00,0.00,136281.00
"1966606b993721189282aa369c9e79051ec550ad9cfa7e7644f6d923082813fa","2024",Income Tax - Resident Individual,0.00,0.00,0.00,0.00,0.00,3290.00
b5e9f707e9e04d0dbb473a5973eece4830ae4c7153e65b87947043321d04b037,"2023",Income Tax - Resident Individual,0.00,0.00,0.00,0.00,0.00,418600.00
"023606d3cd8a71c08d8d811c49d267d6163619e2a2bcd1fce793bc918ef69e6d","2023",Income Tax - Resident Individual,0.00,0.00,0.00,0.00,0.00,0.00
"01a14ed79879f3d146a2215b09046104bd2e39c5c61975105bac32d5d162c76b","2023",Income Tax - Resident Individual,0.00,0.00,0.00,0.00,0.00,215448.00
a64d96b58112a966ab0b499d036545d6edef63a8cf27deecfb59d6ff40e230a5,"2023",Income Tax - Resident Individual,0.00,0.00,0.00,0.00,0.00,-2400.00
"64331a2f0dcd8e100a64ced154a235e419de05885827e1cb29f78910f62b4340","2024",Income Tax - Resident Individual,2088000.00,0.00,0.00,0.00,165100.00,485470.00
"8dd7c3473bab1660819708ad8406f9f7a6e9fc2ff70a89cf64b43f0caaf6b4ac","2024",Income Tax - Resident Individual,0.00,0.00,0.00,0.00,0.00,214694.00
"3b0ef0bd12f03667ea80ce4413f976c986f6e9fa543a6ce8837bd8ff01d7264f","2024",Income Tax - Resident Individual,0.00,0.00,0.00,0.00,0.00,92321.00
bd30dc64a6658ad1f5934d673396f00ba5b53f94ff6cdcf789d4d684577b8b26,"2024",Income Tax - Company,215306534.00,4310552.00,92072098.00,878579.00,14359276.00,14600469.00
"745c92ccfac9b37f54085a8aff54929059987a833a6d11fcf1ac0c9199b88621","2023",Income Tax - Resident Individual,0.00,0.00,0.00,0.00,0.00,86905.00
bb46511dc5176ffdcd86ada2a0d2886c9d69ee2baee4496479a72ac0bd09ad8a,"2024",Income Tax - Resident Individual,0.00,0.00,0.00,0.00,0.00,0.00
"000919bf2b1b19ce7ce934b6c9dc6fb40b238be25825ef794e49aa8c2cb9e2be","2023",Income Tax - Resident Individual,0.00,0.00,0.00,0.00,0.00,0.00
"000f5eeb83cc16e9ab34b79a2cdae0dbd154a753123dca0196ac6603a76ea9c6","2023",Income Tax - Resident Individual,0.00,0.00,0.00,0.00,0.00,100516.00
"00050f39f924cabc3045d3124ed17227b9ff218988ed1628f2eb0833e43e15d7","2023",Income Tax - Resident Individual,0.00,0.00,0.00,0.00,0.00,0.00
"000eda6ae2b48e15edaf0153ea6c11f702fd44e82e3e1dd08fe9a6177796d6d2","2024",Income Tax - Company,1195867.00,77105.00,0.00,0.00,74000.00,35748.60
"0015c87f5ae962845070a6bd7e2243efdc7babed2aa760bfe2ff9f479ad271c4","2024",Income Tax - Company,9083007.00,81200.00,401785.00,20175.00,5381344.00,0.00
"001a7ba58a960fa49dd9759892ef96351eac6ccded01018e69e89197f81c22ec","2023",Income Tax - Resident Individual,0.00,0.00,0.00,0.00,0.00,0.00
"000f5eeb83cc16e9ab34b79a2cdae0dbd154a753123dca0196ac6603a76ea9c6","2024",Income Tax - Resident Individual,0.00,0.00,0.00,0.00,0.00,103416.00
"0015c87f5ae962845070a6bd7e2243efdc7babed2aa760bfe2ff9f479ad271c4","2023",Income Tax - Company,10534270.00,406112.00,1995696.00,17267.00,2403444.00,66744.67
"000b5db31e65a99e9a1d467b1aded4b1da6f359507a9a3afd80f5a332b4ebb11","2023",Income Tax - Resident Individual,0.00,0.00,0.00,0.00,0.00,0.00
"6b3e7678b950aa3f33ebf2ff75c9519eff8526d964a88f04b7d83ae31f3d5dca","2023",Income Tax - Resident Individual,1585467.00,1376292.00,670156.00,151291.00,764900.00,0.00
b6d00c468c639558734c86005d292285a909c566dab72e30ff1cb2f672a38c2c,"2023",Income Tax - Resident Individual,0.00,0.00,0.00,0.00,0.00,26400.00
"49bd617cd097366fbb61607eeda460e5ac503ef01e41d77f15f6f4629be8ac0d","2024",Income Tax - Company,4007520.00,632000.00,0.00,124676.00,3641351.00,0.00
"4de4fc674387a41f27966ca62cbb51404b1eda968b43aba35707a9a09175703a","2023",Income Tax - Resident Individual,6000.00,0.00,0.00,0.00,0.00,51232.00
"54e0acbec856086235c72a7eb5869eed3adcee0ecb32bc28dc7f22549dbd789f","2023",Income Tax - Resident Individual,0.00,0.00,0.00,0.00,0.00,0.00
"7d2e9d481153b2c6a9aebc3382321c012c179cdca6f76ae231b67afd3ee1d2e1","2024",Income Tax - Resident Individual,0.00,0.00,0.00,0.00,0.00,610497.00
ad8e622df5dbb6641f332b86380481a7c6a902cadf53300f178d798228ed5fde,"2023",Income Tax - Resident Individual,0.00,0.00,0.00,0.00,0.00,0.00
"3db396098696a9e6d0496d620a27db1c47bab6c270d9a24368ba8c624057a517","2024",Income Tax - Resident Individual,0.00,0.00,0.00,0.00,0.00,1270301.00
bc4ccc897cba11c0cc83d94676a897ab80f5d9d6e05610638def0d164c0051de,"2023",Income Tax - Resident Individual,0.00,0.00,0.00,0.00,0.00,160976.00
a553994a302568d969e92e43596b88baf188c448c77d57e69c69284691118f3c,"2023",Income Tax - Resident Individual,2870000.00,438920.00,463156.00,31110.00,1586999.00,15454.00
"6d113b1f3a9912c80406559f6df9246fa47a9502d150b846eee00e5dcc350ff1","2023",Income Tax - Resident Individual,0.00,0.00,0.00,0.00,0.00,90724.00
"0006c13d2c3bbf17ab8d3038fc9c347110ffdbe8fd522192aa0d10f655f1c96c","2023",Income Tax - Resident Individual,0.00,0.00,0.00,0.00,0.00,33477.00
"0016e4d9a3802d97d9bad525b667feedf3156189bd40b87446eb7fb1754c5b8e","2024",Income Tax - Resident Individual,0.00,0.00,0.00,0.00,0.00,41832.00
"0016e4d9a3802d97d9bad525b667feedf3156189bd40b87446eb7fb1754c5b8e","2023",Income Tax - Resident Individual,0.00,0.00,0.00,0.00,0.00,58591.00
d48a6595c4282a4a37d368b8c0553e7c362ca48095cbc597e56acaeb4e0f87d8,"2024",Income Tax - Company,21786849.00,4487731.00,80568.00,58924.00,1660163.00,956249.70
"88fb9367dbc4699a995dbc0b4022ed24b981788f768596b29fd4636de5e5a2c1","2024",Income Tax - Resident Individual,0.00,0.00,0.00,0.00,0.00,143729.00
"4f81a7b7e5a08e8b2fd78ff69d8632964fbfbd71fa47b2b3e7b4459daf5577c5","2024",Income Tax - Resident Individual,0.00,0.00,0.00,0.00,0.00,156981.00
"8aef1af437d99eca4bd09b6fdb99cab2ce5c0da82c349ad92df0e8096ca2977b","2024",Income Tax - Resident Individual,0.00,0.00,0.00,0.00,0.00,93949.00
"5957dc6d8b09d1bdd6ca6f5d950d8aa61155ad6edcf17bbfcd80e6626161779c","2023",Income Tax - Resident Individual,8484668.00,127711.00,0.00,28568.00,0.00,485717.00
"6ffaef9736e8a330703ad85300f22c8d4437bce5a99535fffa9860d91bfe07f1","2023",Income Tax - Resident Individual,0.00,0.00,0.00,0.00,0.00,31857.00
e9ba9cd650822274236ce6dfd58f01548927de8e23ba819bb3ec0286433b58ed,"2023",Income Tax - Resident Individual,0.00,0.00,0.00,0.00,0.00,0.00
"304d103347bfeafc75e71e4f82c72a858043771ed46dc4729bab40c0c95dd0e9","2023",Income Tax - Resident Individual,0.00,0.00,0.00,0.00,0.00,0.00
"8939232fe077bbc7e15ca12e104d41301935b7edf825ddbbc639c2b527c0c0d8","2024",Income Tax - Resident Individual,0.00,0.00,0.00,0.00,0.00,0.00
ed8d30d262ef2d932e49f3325fc47d7446046108aabbec432699197f9516c1d3,"2024",Income Tax - Resident Individual,0.00,0.00,0.00,0.00,0.00,359788.00
"28629853c687f33f01d04a49aa3d8435d80166d1e3e28e10a4df83632ae344a1","2023",Income Tax - Resident Individual,36000.00,0.00,0.00,0.00,19000.00,136307.00
cc7a27e55b65d6e482b3c35baae6797fefe204026b83998a22e1c26dbaa0cd2e,"2024",Income Tax - Resident Individual,0.00,0.00,0.00,0.00,0.00,367558.00
d1bb840a0fd15cd5e287e95ee54d06d4c6e50c58241117b6fedca2d8eec847f3,"2024",Income Tax - Resident Individual,0.00,0.00,0.00,0.00,0.00,0.00
"4197c17d216e786b91e73985812c03019c096a4f6c48ad344c6db847d29cf2cf","2023",Income Tax - Resident Individual,0.00,0.00,0.00,0.00,0.00,0.00
"00022c406078386b16deda726d18c2c133191e6ed02c24ff0fda64b3b2027e7b","2023",Income Tax - Resident Individual,0.00,0.00,0.00,0.00,0.00,0.00
c35a5ea26cbdd5da0fce74617ff9ad08e35148c44e23287808374bcf1866cc9b,"2023",Income Tax - Resident Individual,0.00,0.00,0.00,0.00,0.00,0.00
b8df55ceb39cdd6af141c887d1a8e1fd182b21e1a8e1ad8f2f2ec5e92305f252,"2024",Income Tax - Resident Individual,0.00,0.00,0.00,0.00,0.00,263452.00
"27734eb3efe4f0d689b7fe0f94d80660a4acfa72382ff46349b53f20a6a220be","2023",Income Tax - Resident Individual,0.00,0.00,0.00,0.00,0.00,0.00
de8261ae86a5672abd53f06db2e76aea39d09fcda41483a03280497002f818a9,"2024",Income Tax - Resident Individual,0.00,0.00,0.00,0.00,0.00,170802.00
e75b8d971cf8bafdaa6e7fe73d9c81ef43c25e5b4da338502b42ae48c5a03e8a,"2024",Income Tax - Resident Individual,0.00,0.00,0.00,0.00,0.00,150665.00
e7fd451494137f99c23c04fddb060f4da1c1226d9230445be2c53e0150f9577f,"2023",Income Tax - Resident Individual,0.00,0.00,0.00,0.00,0.00,105646.00
"1c258a298c1984c2b5ec537cc0821d42c4ea45db046eb2f50420ff2bf36f5e6a","2023",Income Tax - Resident Individual,0.00,0.00,0.00,0.00,0.00,0.00
fa1e0aae004350c640747810150cdf642e5a3aae1dbbb5231dc28312260e3651,"2023",Income Tax - Resident Individual,0.00,0.00,0.00,0.00,0.00,0.00
aa6a2305c3e8aadf6a5f9a345d42459307ee9f45c7689336233a071c8bdf448f,"2023",Income Tax - Resident Individual,0.00,0.00,0.00,0.00,0.00,0.00
"50a56b8f3361f88f893d810d2506145a24c07677326525d0c93ceeafa5439515","2023",Income Tax - Resident Individual,0.00,0.00,0.00,0.00,0.00,471256.00
"0005c9aebf054615022a2283832892dd5dd4271c94893a143aac3b7ddd9bbac0","2024",Income Tax - Resident Individual,0.00,0.00,0.00,0.00,0.00,0.00
"000f8af8a539a4b274a7a15fcf2fbc980dcbf167abbddfc59c37e1fe9854676e","2023",Income Tax - Resident Individual,0.00,0.00,0.00,0.00,0.00,23131.00
"0005c9aebf054615022a2283832892dd5dd4271c94893a143aac3b7ddd9bbac0","2023",Income Tax - Resident Individual,0.00,0.00,0.00,0.00,0.00,0.00
"001bcf34727f0f16b4af71eafe2398ee1876a5a598296b0beaad0bf1c7548ee9","2023",Income Tax - Resident Individual,9246463.00,49600.00,8625.00,65773.00,1266320.00,12100.00
"00198584ab39fd14a15019306ab7fb70255231aba4acaeb0f531ffd00a829509","2023",Income Tax - Resident Individual,0.00,0.00,0.00,0.00,0.00,254876.00
"001160816fac37a53ba3bff74b7376e545d819e4dad29436264b70ef98d1f21c","2024",Income Tax - Resident Individual,0.00,0.00,0.00,0.00,0.00,0.00
"001bcf34727f0f16b4af71eafe2398ee1876a5a598296b0beaad0bf1c7548ee9","2024",Income Tax - Resident Individual,5501248.00,257135.00,7762.00,16738.00,921346.00,10656.00
"001c8af160813ff6adb4bc36942a75a41840a57ff881a9a1b744c0b3e985310f","2024",Income Tax - Resident Individual,0.00,0.00,0.00,0.00,0.00,0.00
"000f8af8a539a4b274a7a15fcf2fbc980dcbf167abbddfc59c37e1fe9854676e","2024",Income Tax - Resident Individual,0.00,0.00,0.00,0.00,0.00,29896.00
"0012725977c2b0fa25ef2ae07e077dfcf00ed6fb97958c3024e8511c99735bf9","2024",Income Tax - Company,29389240.00,104360.00,3187218.00,124369.00,7384289.00,0.00
"000b11db10bc5582871b51ed2680a05d8d4e45801fc6345cac0a29a8676bc1ae","2023",Income Tax - Resident Individual,0.00,0.00,0.00,0.00,0.00,0.00
da260682f8687335d250765dd29521075c528a9a057edd4940e7e63c296d0439,"2023",Income Tax - Resident Individual,0.00,0.00,0.00,0.00,0.00,0.00
f7a682c1c9905972ce697f78cd1d883feb8921d3602e37829bfaedc808505aee,"2023",Income Tax - Resident Individual,0.00,0.00,0.00,0.00,0.00,12814.00
df82642d27c4e8923814497ce1af0b95e12625ceb6ef730cfbe7c972d1fba154,"2023",Income Tax - Resident Individual,0.00,0.00,0.00,0.00,0.00,0.00
a43c07fcd34e9666a8298305b55976e20390b6f5ec66d6873de7783e54be9249,"2024",Income Tax - Resident Individual,0.00,0.00,0.00,0.00,0.00,0.00
"89b55ddbc15f52814f0fd786bba1f19a78c349c2ed9ebfd73e464dfedf6f75fb","2024",Income Tax - Resident Individual,0.00,0.00,0.00,0.00,0.00,0.00
"4948a3b5b9b15177582d9845dd634368acdb5dc6fd89d21eba4aec9ccbab3341","2024",Income Tax - Resident Individual,0.00,0.00,0.00,0.00,0.00,99945.00
"9dcd42f3c14b920310a62b141ff24c9252b3f034e75e0e0299e6e870304a2168","2023",Income Tax - Resident Individual,0.00,0.00,0.00,0.00,0.00,1225293.00
"94aec9c3bc010322b4be73c351a4ad472c15cf1e3c64fa9ffec71c6f477c5733","2024",Income Tax - Company,64681674879.73,1032213000.00,27123784000.00,0.00,25578813000.00,860065578.00
"5ae628fa15fc36b6a5e5d8d25537a1d31df1aa102176e0cfe66fbafe68967e23","2024",Income Tax - Company,3960.00,0.00,0.00,0.00,0.00,0.00
"8faba75919b050548a11b4c6303760b0fa480af9d120f9a9bbdc57d401595cf8","2024",Income Tax - Resident Individual,0.00,0.00,0.00,0.00,0.00,62840.00
"928e86e61abe096903caccab8f5b396fdca36928f10ec634c8baa7dffe9bf896","2023",Income Tax - Resident Individual,0.00,0.00,0.00,0.00,0.00,191005.00
"0fc1c2c803da389d75431ec6ea6e54646d9eb8d6fd5907efc381316254a88e22","2024",Income Tax - Resident Individual,0.00,0.00,0.00,0.00,0.00,0.00
efc08e11374c1e5e278bba53286ce57e9e3826163d087d3a8497eef192694ef2,"2024",Income Tax - Resident Individual,2200000.00,1469000.00,0.00,0.00,0.00,0.00
ee00f183a98e36dd99da0f33ca113d1cd26a4c58466dbf859381040b8a3b8499,"2023",Income Tax - Resident Individual,0.00,0.00,0.00,0.00,0.00,397014.00
"9863bee11828ce92a8f4fe6150c40e8b30cdedeed1eda0d9aa90c6ec2a7227ec","2024",Income Tax - Resident Individual,0.00,0.00,0.00,0.00,0.00,0.00
"02c00dc31d83d6ace5faee2c4d05b8e0962b871fd842e2321e3e6a977323b4ad","2023",Income Tax - Resident Individual,0.00,0.00,0.00,0.00,0.00,0.00
"13caf38ce56d526f3dcbdcc05ce165692b9d0d377391a60de373c776ef21b8ba","2023",Income Tax - Company,298700.00,0.00,0.00,0.00,246240.00,15738.00
cf25d2c8d53a38e79b6c806fec354c979875ae3685941c23cb692483805325b0,"2024",Income Tax - Resident Individual,779934.00,0.00,0.00,0.00,131699.00,0.00
"242bc0f58de5a5335312ba40eccf972b49d04e8c8c35210f3b68202c7194ec5a","2023",Income Tax - Resident Individual,0.00,0.00,0.00,0.00,0.00,688542.00
"2b25fcb0ff222df1ce04e7eac78cc9376966e20185719b19ccd3f4dc0cfe8004","2024",Income Tax - Resident Individual,0.00,0.00,0.00,0.00,0.00,95890.00
"000b0b3cf5b93865f5c8d83ed8691ccd54468eb79b3f7f26c5c3546fb0f3fae9","2024",Income Tax - Resident Individual,0.00,0.00,0.00,0.00,0.00,0.00
"00143ba8c0ca6561fe2c8b978686b7bb464c372d51e694945f5f8610c0f67356","2023",Income Tax - Resident Individual,0.00,0.00,0.00,0.00,0.00,91606.00
"00143ba8c0ca6561fe2c8b978686b7bb464c372d51e694945f5f8610c0f67356","2024",Income Tax - Resident Individual,0.00,0.00,0.00,0.00,0.00,102991.00
"0012725977c2b0fa25ef2ae07e077dfcf00ed6fb97958c3024e8511c99735bf9","2023",Income Tax - Company,26898371.00,174445.00,3521416.00,108673.00,6477184.00,0.00
"3e1df5e20a0a5cf0cdcf0a4535f806749f62e39c7964316afcbd0b103d5094c1","2024",Income Tax - Resident Individual,0.00,0.00,0.00,0.00,0.00,112737.00
"32048cb44754cbd46e4ab9c51f83a1795612cc79deccce123eee4fb435f1cfd2","2023",Income Tax - Resident Individual,0.00,0.00,0.00,0.00,0.00,237.00
"5703f298236a1a6dd34b73ca11994337a383e352b0457737952faaa8ccd0bc1b","2023",Income Tax - Company,590400.00,0.00,0.00,0.00,0.00,177120.00
b303ef5bae0e30763630f1cab9c80f8ea1e49cb6e99d046ba4ee95eea86a8123,"2024",Income Tax - Resident Individual,0.00,0.00,0.00,0.00,0.00,279448.00
"4193a31977eee848c566602c1ff6c80eedbe3020990b6669835ec9fc8a2f283d","2024",Income Tax - Resident Individual,0.00,0.00,0.00,0.00,0.00,11160.00
db432841ef97763dbcd96fc7af6891cbe6fe236ae2b6984e3e4ebfba80c09164,"2024",Income Tax - Resident Individual,0.00,0.00,0.00,0.00,0.00,18343.00
"1a2e7c7a9fa20d604a81663d22e3546f88f73a221f83532e4b543033c27dc582","2024",Income Tax - Resident Individual,0.00,0.00,0.00,0.00,0.00,1477.00
"7d26e3bb581225d208328d7373f367a71d1ea86fca06fb33e40b3afbfd27f02a","2024",Income Tax - Resident Individual,5547510.00,410284.00,82868.00,40119.00,281530.00,18730.00
"15a1185855ebc030f2c1130b81639dac05594dec08333fb688e0d6562a8fe6cf","2023",Income Tax - Resident Individual,0.00,0.00,0.00,0.00,0.00,791656.00
b416c91e8a6150e9ec753eda1dd27d5a5662fa859cbd2a8268bb667b48856b9f,"2024",Income Tax - Resident Individual,2051670.00,0.00,0.00,0.00,617803.00,80090.00
"2a7733bb983509b6b305bbf85d10ce5ea2443701f78a2636a6d6090c67f98c31","2023",Income Tax - Resident Individual,0.00,0.00,0.00,0.00,0.00,192029.00
"1c11a837a01aba438d0bae8ba17620da15194061abcdbdf6341279c1c6051187","2024",Income Tax - Resident Individual,0.00,0.00,0.00,0.00,0.00,0.00
"84db3294734912d8f1b5783ddd3443b98c2d0657f28a7b666fd1b6c8a0fc44b4","2024",Income Tax - Resident Individual,0.00,0.00,0.00,0.00,0.00,0.00
e0be059fe44c8a875768d6df0b22362a9c7ac6c7fac5b71b760b1ff98570a429,"2024",Income Tax - Resident Individual,0.00,0.00,0.00,0.00,0.00,55732.00
"00124fd8997cd72d05a44d526f47c7223396580da94dc7e3f369ea891022183b","2023",Income Tax - Resident Individual,0.00,0.00,0.00,0.00,0.00,121474.00
"000962d30b717560f1aaf873c46e8d7d295ab6ac1c58f3bfa802301bc6694ab7","2024",Income Tax - Resident Individual,1.00,0.00,0.00,0.00,0.00,333211.00
"0007ae2ff435390f9fb429408afa05caca3f84c6d33a247af9cce1f11030a6fc","2024",Income Tax - Resident Individual,92115.00,65000.00,0.00,4000.00,7762.00,470444.00
"0007ae2ff435390f9fb429408afa05caca3f84c6d33a247af9cce1f11030a6fc","2023",Income Tax - Resident Individual,84095.00,0.00,0.00,0.00,0.00,467780.00
"001aa43059b44ac9aedec49f7696a3f6a3d40cc5be9e9b336ef37b671012ca24","2023",Income Tax - Resident Individual,0.00,0.00,0.00,0.00,0.00,0.00
"001aa43059b44ac9aedec49f7696a3f6a3d40cc5be9e9b336ef37b671012ca24","2024",Income Tax - Resident Individual,0.00,0.00,0.00,0.00,0.00,0.00
"000962d30b717560f1aaf873c46e8d7d295ab6ac1c58f3bfa802301bc6694ab7","2023",Income Tax - Resident Individual,2962766.00,2560652.00,0.00,0.00,0.00,29235.00
"0019b4178b1ae99c566c46eb46b63c51f55866eeb6c455d538e07c5e449f8703","2023",Income Tax - Resident Individual,0.00,0.00,0.00,0.00,0.00,0.00
"0006ef381270f985c1371963ef506255f25b03feb7229b7f3ebdca597c199deb","2024",Income Tax - Resident Individual,40000.00,33333.00,0.00,0.00,0.00,519005.00
f67780b497ea054520d4e110a49341ae040132568671bc6789122a9d83f05cc1,"2024",Income Tax - Resident Individual,0.00,0.00,0.00,0.00,0.00,0.00
a1140be82b0ae957e16f5b1379f2a463962f566486e7c5fcc3e7cac6e13522c9,"2023",Income Tax - Resident Individual,0.00,0.00,0.00,0.00,0.00,0.00
"292bba2dda5f0ec06bb3c44d4c26495381cd35988c82b07b8172a159e09d829e","2023",Income Tax - Resident Individual,0.00,0.00,0.00,0.00,0.00,185645.00
"268341df27b7a8ca6a928e5e27ef91002c2e860c015cf9f915bf3c3df74a8e0c","2024",Income Tax - Resident Individual,0.00,0.00,0.00,0.00,0.00,11318.00
"78eed2c2ac69b6ba24c789f3a03825d3a0c604a80ee15201d836eebf6e8bfbd3","2024",Income Tax - Resident Individual,0.00,0.00,0.00,0.00,0.00,0.00
f532b2a28cc26f51df05635183707b1f4055f91f76b2c671cf728f015f2785af,"2024",Income Tax - Resident Individual,0.00,0.00,0.00,0.00,0.00,34453.00
"300d0ffcd94dfca19af85605c05e2185c45cacc92a63746f92eacae640124acb","2023",Income Tax - Resident Individual,0.00,0.00,0.00,0.00,0.00,55968.00
edf86521369c8fa7c14ea1681e223f3ee53e2d011375c3393bff35938f2009cc,"2023",Income Tax - Resident Individual,0.00,0.00,0.00,0.00,0.00,37601.00
"5933dbfcbac072026d37bde049a0ba77b0aec80b8294e35e0fddb89336affc72","2023",Income Tax - Resident Individual,0.00,0.00,0.00,0.00,0.00,94361.00
"916a1e1fc69a2fd3ab419af79505396b91c7d29dec5b3c82a1e2ce78bc2ca4d1","2024",Income Tax - Resident Individual,0.00,0.00,0.00,0.00,0.00,351039.00
f2a5f1bf6129937cadf468a66ca4c998718dfc41dc570a728a07477fea96e49f,"2023",Income Tax - Resident Individual,0.00,0.00,0.00,0.00,0.00,0.00
e4db582d6b7250f0ea639fad3f2d9b6fed030ff4cc59b4045c35c77961aec217,"2023",Income Tax - Resident Individual,0.00,0.00,0.00,0.00,0.00,161933.00
"8636c2efe786f1eb1d7881c33b69d589841834c167205d487d221f4c8525c9fb","2023",Income Tax - Resident Individual,0.00,0.00,0.00,0.00,0.00,252491.00
"70402bf890e902e88e5f6eb8d91cb177bc15fa3348e6736639b91de5c2e7fc38","2024",Income Tax - Resident Individual,0.00,0.00,0.00,0.00,0.00,1112250.00
"5e791862b1b8f4461d3613bdbdf6eab35995922449ba213e0432a6bd5895d599","2023",Income Tax - Resident Individual,0.00,0.00,0.00,0.00,0.00,204088.00
"8e4325930f5c54f632008dee5b3de46a3270569aee152ad4e679c14a1c33f69b","2023",Income Tax - Resident Individual,0.00,0.00,0.00,0.00,0.00,0.00
"8b1ba536cd6bbd2fd1c6d5a83cf33f8bb41eb7c09a9ac0047053fde08f1dd464","2024",Income Tax - Resident Individual,0.00,0.00,0.00,0.00,0.00,1040593.00
dbedac2f49c4763bbe7b4da5e2bde88c7c7cfc4024575977cef37af0dffea324,"2023",Income Tax - Resident Individual,0.00,0.00,0.00,0.00,0.00,527011.00
"9a1e6ed3893cceb8dabd11f337a2d44e8f60b181e6781c7b43f2033e149e0742","2023",Income Tax - Resident Individual,0.00,0.00,0.00,0.00,0.00,0.00
"1cb5d9af6f244cba930c59eaf4e8b7deab5a3f65bed21cf650b8b343f013abad","2024",Income Tax - Resident Individual,0.00,0.00,0.00,0.00,0.00,143458.00
bbc96d3273a1d7750fd32c4b84d2182f460dcb35ce92ad600e550072ef40a531,"2024",Income Tax - Resident Individual,0.00,0.00,0.00,0.00,0.00,283798.00
"787d0086604ce7f618a361aedcf2ce98d09045809550f82cbe818342e5474850","2023",Income Tax - Resident Individual,0.00,0.00,0.00,0.00,0.00,86522.00
"0006ef381270f985c1371963ef506255f25b03feb7229b7f3ebdca597c199deb","2023",Income Tax - Resident Individual,0.00,0.00,0.00,0.00,0.00,295638.00
"0018151529847f65a996140f6cdd20b352416cd7b9f5061cb6bc4253c6e33170","2024",Income Tax - Resident Individual,0.00,0.00,0.00,0.00,0.00,0.00
"0010d26d6240a642b7b6daff77c5f240e024f6a5de035cfb70540d4ccd55f6cd","2023",Income Tax - Resident Individual,0.00,0.00,0.00,0.00,0.00,29266.00
"001095f9948ca2bc684fc028d9dadcb615eda2c92dd271975c2ae4b35f2fab2b","2023",Income Tax - Resident Individual,0.00,0.00,0.00,0.00,0.00,0.00
"0010d26d6240a642b7b6daff77c5f240e024f6a5de035cfb70540d4ccd55f6cd","2024",Income Tax - Resident Individual,0.00,0.00,0.00,0.00,0.00,32032.00
"00164a6adddabded73c9252f8d6618e81936689e4ec00ba7ac560ac039a2b2b3","2023",Income Tax - Resident Individual,0.00,0.00,0.00,0.00,0.00,14255.00
"0009ea4d7eb93b382340ffa2ba7509cdabae7aa79541b447c1f278c9d8e958ce","2023",Income Tax - Resident Individual,0.00,0.00,0.00,0.00,0.00,0.00
"00164a6adddabded73c9252f8d6618e81936689e4ec00ba7ac560ac039a2b2b3","2024",Income Tax - Resident Individual,0.00,0.00,0.00,0.00,0.00,18400.00
"001b50551aba5ec8764218070ccce8bf6ad11550430d79514ffecef7aa3039e8","2024",Income Tax - Resident Individual,0.00,0.00,0.00,0.00,0.00,942.00
cc0f52041f2b8a2447f7aba0e5a923da2f807eabb534e89a28e58495dd69c86b,"2024",Income Tax - Resident Individual,0.00,0.00,0.00,0.00,0.00,123830.00
"0577649aa972ebf70e1dbc1e7c7dea373ae428455e235a14542536dc37b3d330","2024",Income Tax - Resident Individual,0.00,0.00,0.00,0.00,0.00,0.00
"2384ff4d3830b54e8c5c6709f5683890f1f0453903400d99ca75107e0ba5c450","2023",Income Tax - Resident Individual,0.00,0.00,0.00,0.00,0.00,5571.00
"0932c164b13d92ddb394fc093c05e1bdf18b7d245cbac283d83f6cf246bb75ba","2024",Income Tax - Resident Individual,0.00,0.00,0.00,0.00,0.00,0.00
"3d4f893ba38ca06e5186ea1813e699f3b9eeb12c99a1dc3f5df12e4a6a19450b","2024",Income Tax - Resident Individual,0.00,0.00,0.00,0.00,0.00,120729.00
"37d6af7b1ea93ff1035bd159e1cbeca9fcfd7d77b676667de7e343db6c58c618","2023",Income Tax - Resident Individual,0.00,0.00,0.00,0.00,0.00,76276.00
"2bd07baa96c111b10ff2b5ddf59c3c9dd84abd661a5f4eae877a57721090ccb0","2023",Income Tax - Resident Individual,0.00,0.00,0.00,0.00,0.00,0.00
"9c92080c2a278f0abe1e85a7dd30e39ab991ae299499c804557d05ddd83b59b7","2023",Income Tax - Resident Individual,0.00,0.00,0.00,0.00,0.00,0.00
c7f44375b7a4bb4911669ffa1e2209dbf5098e8e826e0c9bc9030dcb872b9cd5,"2024",Income Tax - Resident Individual,0.00,0.00,0.00,0.00,0.00,88672.00
"3bc6a351a273b789c0264069725b4608a5c2b4e1cae0fab0aacfa281285d8f38","2024",Income Tax - Resident Individual,0.00,0.00,0.00,0.00,0.00,0.00
c22a24a189ab1b10241cf5ce47e4a1ae1e4870c263b2eb2c5c6b5e37ad6f1403,"2024",Income Tax - Resident Individual,0.00,0.00,0.00,0.00,0.00,0.00
"001b50551aba5ec8764218070ccce8bf6ad11550430d79514ffecef7aa3039e8","2023",Income Tax - Resident Individual,0.00,0.00,0.00,0.00,0.00,0.00
"001b9e5f0c20f01b47ab3ec8b20058be231eb0024e1cd1e16264fd12bf21e1f7","2023",Income Tax - Resident Individual,0.00,0.00,0.00,0.00,0.00,0.00
cbaf5981e81099d99c4b9997717f50fd6678b249747fd01cea950ba0b17aacf6,"2024",Income Tax - Resident Individual,0.00,0.00,0.00,0.00,0.00,0.00
"84c185d1ecfa8d0c87ef49de704b0dacc876c9285f432de4399c6e75b8ef4fa2","2023",Income Tax - Resident Individual,0.00,0.00,0.00,0.00,0.00,0.00
be810d284feba72df16a57fa4f04cbb4e623b2c9bc908e5b2309b3ddf358a025,"2024",Income Tax - Resident Individual,0.00,0.00,0.00,0.00,0.00,217248.00
"9fb0634c74400f6aee3ef3832abe24682175db2a3d10b74e29e2531cec5d9568","2024",Income Tax - Resident Individual,0.00,0.00,0.00,0.00,0.00,103309.00
"61897736502c2ca8d688269b3c1f55ad3f83bd2a69154b7c17e249030dc6fc04","2023",Income Tax - Resident Individual,0.00,0.00,0.00,0.00,0.00,340840.00
"0acd17f155d3a99848a62acd6621e414ff0bf22f760652d4ca1603c514badcb5","2023",Income Tax - Resident Individual,0.00,0.00,0.00,0.00,0.00,0.00
"156bd7babfe1b0c09e1fb60ebdb7be9b5049374bdb5321e7f7fa5e2f785167b0","2024",Income Tax - Resident Individual,0.00,0.00,0.00,0.00,0.00,380200.00
"959b122593bb2bafe6f2083596da449cdad8b83327f190306d70500a25dd8d24","2023",Income Tax - Resident Individual,0.00,0.00,0.00,0.00,0.00,0.00
c9a14713e81eacc0b1de1d4d670c0444b9f1cf4677fd4a7bf2963ec00c1c1671,"2023",Income Tax - Company,4288420.00,0.00,0.00,0.00,1715368.00,771915.60
b18e3cbfd33a78600bf4a4c1acef7f0f07bf2553e55fed82e40d4d1e18c668d7,"2023",Income Tax - Resident Individual,0.00,0.00,0.00,0.00,0.00,72091.00
"0000997cc1eb31def5b48172af5c50a665e71fb30e188d77ba08393868554507","2024",Income Tax - Resident Individual,0.00,0.00,0.00,0.00,0.00,0.00
"00102766885afde10e3ba0ebc9e9772ee9ac0196fa48da18249fcc5ae075c5c0","2023",Income Tax - Resident Individual,0.00,0.00,0.00,0.00,0.00,510.00
"00102766885afde10e3ba0ebc9e9772ee9ac0196fa48da18249fcc5ae075c5c0","2024",Income Tax - Resident Individual,0.00,0.00,0.00,0.00,0.00,0.00
"000da139726a6e90a9a04d0302ca2420219cc6da1376ee57f507bce9f286e499","2024",Income Tax - Resident Individual,0.00,0.00,0.00,0.00,0.00,442623.00
"36579007bd8665c808da67b476323c755ecacceeb4a682b3358e5a50d2308c0d","2024",Income Tax - Resident Individual,0.00,0.00,0.00,0.00,0.00,219512.00
b9f5dc95443e9217e5e63e3e4eaeb34c633a2fc80ef301ad75d4b14a7d62d402,"2023",Income Tax - Resident Individual,0.00,0.00,0.00,0.00,0.00,3000.00
"21b270f15249bd2ab2535eca586f51978a027e875c12c452ed9e1a4891d81b30","2023",Income Tax - Resident Individual,0.00,0.00,0.00,0.00,0.00,171006.00
"7569928cadcd8e544fe7afa44779c38d8eca7324ca5cc56fd1f61bb6dd4af9f1","2023",Income Tax - Resident Individual,0.00,0.00,0.00,0.00,0.00,61163.00
bcfe38c5c13547ead49073261b07a0cac2a539561fac201e9b6ae0a29e6da6b9,"2024",Income Tax - Company,38696228.00,0.00,0.00,0.00,35333610.00,1008785.40
b471c43ab8ea14af3dac289a0e4cf4a8bf5379e52bcd625c458abf8cfefc259b,"2024",Income Tax - Resident Individual,24000.00,12000.00,0.00,100.00,15000.00,0.00
"9c353f11cf1bcbcc6bf5c28d1d6f0cfea840fa615617249d5731f3bc5cbf5c0b","2023",Income Tax - Resident Individual,0.00,0.00,0.00,0.00,0.00,448744.00
"17a28d20989a4aab1ce8ee4b30aaccf7f5bfad4c2bd5def17edef6e672fc33a8","2023",Income Tax - Resident Individual,0.00,0.00,0.00,0.00,0.00,224899.00
d81071218d6ca8da3f80d9659125d9a67830894b45a5f3d4c12dba52e8245b7a,"2024",Income Tax - Company,128822.00,24000.00,0.00,0.00,0.00,8394.60
eb2b5eed764dc75fb66767edb3a166f0e74df474c40da8935292aa7d5a2021f7,"2023",Income Tax - Company,15725169.93,64110.00,476532.60,16781.00,698500.00,22969.48
"98fa5efef0969399c379ff65ce31da70f467aca0b3f30c4d2b0233598bcc34c5","2024",Income Tax - Resident Individual,0.00,0.00,0.00,0.00,0.00,0.00
"0680dc3ab1f9fc9aadfd5c931d821d1b6570c86a67ba5b61da9ccea64c637e44","2023",Income Tax - Resident Individual,0.00,0.00,0.00,0.00,0.00,0.00
"19073da4127650377d9736621a5782041712ecdd8e1ae44c4ae73de105d88f15","2023",Income Tax - Resident Individual,0.00,0.00,0.00,0.00,0.00,163962.00
b2e6c357ff46bef79d0e0b273787c16e2480b6d614b08beb90c3c51bc8ad64a0,"2023",Income Tax - Resident Individual,0.00,0.00,0.00,0.00,0.00,0.00
"04215e21f53e09ddf1aaadf50abb034b54310fd030163d0b4245a58587aadb02","2023",Income Tax - Resident Individual,0.00,0.00,0.00,0.00,0.00,0.00
"556ce641b200a4aaa4b507d3d5e0d0c80fa6d56f52a3376e8844f31f3a278424","2023",Income Tax - Resident Individual,0.00,0.00,0.00,0.00,0.00,30620.00
a6778d8064cbccf1f9b955d71b2df40837215fb30a517321873c82143caeb24d,"2023",Income Tax - Resident Individual,0.00,0.00,0.00,0.00,0.00,0.00
"38a892fe341e6bea390e98d005221b217e5fd0584671033aaffd351a39f2d7a0","2023",Income Tax - Resident Individual,0.00,0.00,0.00,0.00,0.00,238067.00
c24a4e3de2cfc2aab36f62aee25bc97315361056b2e03c5782550cf8fdfdbe8a,"2023",Income Tax - Resident Individual,0.00,0.00,0.00,0.00,0.00,336257.00
"4709f0784a0d9823de5868dbee25c9d041b9c7ce76ad4cdb21d1fe6d3ebf198a","2024",Income Tax - Resident Individual,0.00,0.00,0.00,0.00,0.00,103929.00
e1d3012cdac6737b1a9cbca8690435b86e5ece508402896631ad0d705dbff214,"2023",Income Tax - Resident Individual,0.00,0.00,0.00,0.00,0.00,15909.00
"000371bede80a10204875253b3b08e7a32ac8dac1d0568dea6c3c14b58e64056","2023",Income Tax - Resident Individual,0.00,0.00,0.00,0.00,0.00,24948.00
"001a2b7ba3eddd21bc7925013c38a26d52da00c2897b49137dc559f7fd3cf53a","2023",Income Tax - Resident Individual,0.00,0.00,0.00,0.00,0.00,532173.00
"001a2b7ba3eddd21bc7925013c38a26d52da00c2897b49137dc559f7fd3cf53a","2024",Income Tax - Resident Individual,0.00,0.00,0.00,0.00,0.00,631096.00
"000063c13bdfa0fd9cdf08e246bcf9aaa8b8de0f6365cd764125927d2d69e893","2023",Income Tax - Resident Individual,0.00,0.00,0.00,0.00,0.00,313345.00
"001b07b6a07832aa2a44d10752b89b2245bd45120735d53047723f4d4e5453c9","2024",Income Tax - Resident Individual,0.00,0.00,0.00,0.00,0.00,102221.00
"96ca7167a5da7b1ee479711666c027430ccb75fd301469532cb994f46e2797f5","2023",Income Tax - Resident Individual,0.00,0.00,0.00,0.00,0.00,24008.00
dcbdc6560c34166c725477118b3363b05cee296084ca557a99d78755bd91672d,"2024",Income Tax - Resident Individual,0.00,0.00,0.00,0.00,0.00,0.00
fa1f64827200eaa5f0795b2016b5ed94b15551af239ec588d0004d22678c09e4,"2023",Income Tax - Resident Individual,0.00,0.00,0.00,0.00,0.00,0.00
"93730a412635c600c908bae3c86cc388f68d92c915c3b069faed22ef7314cef3","2023",Income Tax - Resident Individual,52500.00,52500.00,0.00,0.00,0.00,163191.00
"1d0512fbdc27d95a6345bb7cc2f964156c6494c8f57dec8c0def0ccb97c990e9","2023",Income Tax - Resident Individual,56700.00,47250.95,0.00,0.00,0.00,188760.00
"81b39744c98e27546b3409e45077fd97e953c2803a2894dcc285adc2d54494e1","2023",Income Tax - Resident Individual,0.00,0.00,0.00,0.00,0.00,0.00
"208cc1674cbc818461bb2f8a004ae38812346466662f1c0036d55edf9bc037be","2024",Income Tax - Resident Individual,258235.85,18031.00,25667.00,42603.16,0.00,0.00
"22864b2f1d5841ebc5c5b9e861822df6062ebe71f6e483f3000aa52a89d26676","2024",Income Tax - Resident Individual,48200.00,40167.47,0.00,0.00,0.00,196925.00
"36cc415e14fd6d634a2067ab552437a5f4ffe566bf1ceec5fdbe445869ede787","2024",Income Tax - Resident Individual,0.00,0.00,0.00,0.00,0.00,0.00
c796abb85415ddf92cdd394f306676ae7c440207b53388ff118a8f500d7ad659,"2024",Income Tax - Resident Individual,0.00,0.00,0.00,0.00,0.00,0.00
"4f06413b987357778b628cda5ed36332b4f409db13c22775890bd7ed355bfa6f","2023",Income Tax - Resident Individual,0.00,0.00,0.00,0.00,0.00,507781.00
"9dd84de60d95dbf34a78794bdf8116b082bca633b3546f0d38ccabbf6aad8d60","2024",Income Tax - Resident Individual,348030.00,0.00,0.00,0.00,0.00,14840.00
"483bcff6f2a73590c858322344be0dd5426b949070b0e24335c2eae935fb2a53","2023",Income Tax - Resident Individual,0.00,0.00,0.00,0.00,0.00,0.00
"48e18d05714c3c6f5aaa0b1858d44315034438f4a7acd123722015733d11fc1a","2023",Income Tax - Resident Individual,0.00,0.00,0.00,0.00,0.00,0.00
ee26894eef17858f0ab4f9ec0f2c5660edbcf868b471deb3cc8acf6f7ae96f5b,"2024",Income Tax - Resident Individual,0.00,0.00,0.00,0.00,0.00,0.00
"75fd9b5eeb7c4a2b82abd9d927bc41c56abe1b6bb256a2dce199428f9fedcc73","2024",Income Tax - Resident Individual,0.00,0.00,0.00,0.00,0.00,95890.00
"0015f50abbd07b7c6dbd6ca40d848df3ea5f446ae013303a08baada192985edb","2023",Income Tax - Resident Individual,0.00,0.00,0.00,0.00,0.00,0.00
"000063c13bdfa0fd9cdf08e246bcf9aaa8b8de0f6365cd764125927d2d69e893","2024",Income Tax - Resident Individual,0.00,0.00,0.00,0.00,0.00,335429.00
"0016a48d5910e4716c1e2e08b5be8027000cf7cfd2645d00ab942081c532f1a4","2024",Income Tax - Resident Individual,0.00,0.00,0.00,0.00,0.00,0.00
"001732a8f962599b9248f519a600d7ad5d3bfdd8e0cef7dcdf05a8cb851bd698","2023",Income Tax - Company,133356185.00,100465278.00,61316680.66,1064751.00,208641.00,1921903.00
"00112388f16f80597b7b18362fa843d4aab44b87012c0d04f873e2a0b32e9286","2023",Income Tax - Resident Individual,48147.00,0.00,0.00,0.00,0.00,162193.00
"00112388f16f80597b7b18362fa843d4aab44b87012c0d04f873e2a0b32e9286","2024",Income Tax - Resident Individual,56860.00,0.00,0.00,0.00,47300.00,171746.00
"001b07b6a07832aa2a44d10752b89b2245bd45120735d53047723f4d4e5453c9","2023",Income Tax - Resident Individual,0.00,0.00,0.00,0.00,0.00,0.00
"00168f2914d803fd69b55c0fedc1412b3d3791d4bdaaa8da0cf24335ad210e18","2024",Income Tax - Resident Individual,0.00,0.00,0.00,0.00,0.00,0.00
"001732a8f962599b9248f519a600d7ad5d3bfdd8e0cef7dcdf05a8cb851bd698","2024",Income Tax - Company,164424835.00,18760781.00,58691292.00,25233727.00,20374333.00,7005947.25
"00067745908f620b849c6eb24e26ebbfd69db981791e2c9522ce1c2baebcf4d5","2023",Income Tax - Resident Individual,0.00,0.00,0.00,0.00,0.00,3160.00
ee36cc63adfbc6dc0bfd00535f70e951d4cc612eaa69556c6fd964feeb8d190b,"2023",Income Tax - Resident Individual,0.00,0.00,0.00,0.00,0.00,5807212.00
"4957df5d5e411c0f61cca1fe296bcdc240fc6a3397d4752a6cbda614a574da83","2024",Income Tax - Resident Individual,0.00,0.00,0.00,0.00,0.00,487786.00
"1075868fff2fd48e0ea1ce6a899a5cd76b3c3b6576aa0ffe45f695dbde136e69","2024",Income Tax - Resident Individual,0.00,0.00,0.00,0.00,0.00,0.00
"5abbbb726cf051fa370f048edc06e3ae58666dff9012dc8214cd98f105d98bd6","2024",Income Tax - Resident Individual,0.00,0.00,0.00,0.00,0.00,64010.00
"260ffb24cd13e51f5ea821722f1cfa886f61e8b20b3a3ce1a697148e5d6fb04b","2023",Income Tax - Resident Individual,0.00,0.00,0.00,0.00,0.00,0.00
"8d2e594e2da1b9d3b828792ee75171795d42bb8731dca974bdbef86aa28fca6d","2024",Income Tax - Resident Individual,0.00,0.00,0.00,0.00,0.00,60846.00
"76f2582a84b93af27a8c62956cd40140a37e36818246bd7d81862d8e08b02520","2023",Income Tax - Resident Individual,0.00,0.00,0.00,0.00,0.00,0.00
"449f6725af366ec03199313bb630cbc2cfcee0acc10911655e744442a2a7820a","2023",Income Tax - Resident Individual,0.00,0.00,0.00,0.00,0.00,0.00
de770630d4e2179e114d7671773bdb6cef3616cb726cbabc35578efaacbefc29,"2024",Income Tax - Resident Individual,0.00,0.00,0.00,0.00,0.00,0.00
df67b65b179a5eb771bcda5a1e85be0cfcfefec934dc7af060198e5f717cff14,"2023",Income Tax - Resident Individual,0.00,0.00,0.00,0.00,0.00,0.00
"35e7230a8c86d1cb9f6b3fcffdd56492184ee5f674c2eb0df3fce484aa81dde4","2024",Income Tax - Company,0.00,34800.00,881145.00,24503.00,45480.00,0.00
"25e93dda8aa6f9ea7c27ee1d2e6c3842e655f435254584897d24240fe7b1fd2e","2024",Income Tax - Resident Individual,0.00,0.00,0.00,0.00,0.00,0.00
"000d7a6c038a8fff728f299d5b7472b01b7fef591327550763819c600c622ab2","2024",Income Tax - Resident Individual,0.00,0.00,0.00,0.00,0.00,163131.00
"00067745908f620b849c6eb24e26ebbfd69db981791e2c9522ce1c2baebcf4d5","2024",Income Tax - Resident Individual,0.00,0.00,0.00,0.00,0.00,6968.00
"001ae902683ac3286ad7229f73adc4f7609ae5109ad5e57539736568efaf0fba","2023",Income Tax - Resident Individual,0.00,0.00,0.00,0.00,0.00,0.00
"000d7a6c038a8fff728f299d5b7472b01b7fef591327550763819c600c622ab2","2023",Income Tax - Resident Individual,0.00,0.00,0.00,0.00,0.00,142822.00
"000f325b1c11c6b664ec5a0d78605b6d1eff87b93fb6ca2cb0ceb270aefd7a7e","2024",Income Tax - Resident Individual,0.00,0.00,0.00,0.00,0.00,1035185.00
"000f325b1c11c6b664ec5a0d78605b6d1eff87b93fb6ca2cb0ceb270aefd7a7e","2023",Income Tax - Resident Individual,0.00,0.00,0.00,0.00,0.00,991993.00
"0007f53d1cef2cabffb56a5adbcc6fac306173ed5861618ab94d7e1ab546d423","2023",Income Tax - Company,7617169.00,55990.00,24963.00,31336.00,1277273.00,0.00
"0007f53d1cef2cabffb56a5adbcc6fac306173ed5861618ab94d7e1ab546d423","2024",Income Tax - Company,4024184.00,50170.00,35650.00,20620.00,1189410.00,0.00
"000409e6b8ca3fb5f56ee0e9cb3dc94dd1a2312c6597f05eda214f2ad6b3b661","2023",Income Tax - Resident Individual,0.00,0.00,0.00,0.00,0.00,0.00
"0002d6ff59c77dff456f2aa0ee09aae88e8972bac341b219d9fa443aa30483f9","2024",Income Tax - Resident Individual,0.00,0.00,0.00,0.00,0.00,111614.00
"000ac097e77fc5759a90526f758001609ef19ac4ab3e04338cfb5f098539191c","2024",Income Tax - Resident Individual,0.00,0.00,0.00,0.00,0.00,113147.00
e66a35aa864c43c4114d0a6e0bfbe74e526eedf0831f3fe2b80f5dc891c075a2,"2023",Income Tax - Resident Individual,0.00,0.00,0.00,0.00,0.00,52938.00
"4d4d18a4bb43f198e2cb07f36ef3f3fde853249720950cd7bb18cea79434ad55","2023",Income Tax - Partnership,2042456.01,35000.00,10000.00,0.00,120000.00,0.00
cce823de67febb50fa5963aa603680ef57424a214661eb1b3a1bbeb841d04d4a,"2024",Income Tax - Resident Individual,0.00,0.00,0.00,0.00,0.00,88983.00
"7decb883bf3b5291292e1531cbb01392ce482dda4fd54baa48f101ef98cb4fa4","2024",Income Tax - Resident Individual,0.00,0.00,0.00,0.00,0.00,416609.00
bb5e5d84ddcd92d6d1f851e355022d4fad4276610f7d1be62f5a29ae06e64bbc,"2024",Income Tax - Resident Individual,0.00,0.00,0.00,0.00,0.00,12457.00
"488e211a0b97e9d30985df212229d106a58667a78e665aa364f3e854e28004fb","2023",Income Tax - Resident Individual,0.00,0.00,0.00,0.00,0.00,0.00
"868523bb5aa824c45a2d55d83bf328e9e16d58b5ae488ae128bd2560e1a02388","2023",Income Tax - Resident Individual,0.00,0.00,0.00,0.00,0.00,61594.00
feaa1195c2aa544a6ede0fdb20d9d0906d852b933c34c4c558e387bb1601ffe7,"2023",Income Tax - Resident Individual,0.00,0.00,0.00,0.00,0.00,0.00
"6b3c733545517b94e562f91402fd4b32e7938fdc96798579645a4e368732fb64","2024",Income Tax - Resident Individual,0.00,0.00,0.00,0.00,0.00,491579.00
"48f8ff1ef6f733df46d0e92ea5d1cb4e8011bda1e7c6362261bf0da6e5d83023","2023",Income Tax - Resident Individual,657450.00,389000.00,212407.38,0.00,0.00,85374.00
"228f11ce78ee3e224ff22fc49edf7712fcb6e172a62637ed586fe44c7848d489","2023",Income Tax - Resident Individual,127644.84,0.00,0.00,0.00,0.00,0.00
ac228747052f75fa6fd1ad6930b704eaeae7c767cb532c8b25c075b9d493cf75,"2024",Income Tax - Resident Individual,0.00,0.00,0.00,0.00,0.00,0.00
"4f2d619af6265e4821397da3bb7fce3aa59071a020c6e13155d80df9cc3bd3fa","2023",Income Tax - Resident Individual,16192011.00,25000.00,864396.00,0.00,1493257.00,126166.00
"000409e6b8ca3fb5f56ee0e9cb3dc94dd1a2312c6597f05eda214f2ad6b3b661","2024",Income Tax - Resident Individual,0.00,0.00,0.00,0.00,0.00,0.00
"0012e78601aaf81e7edf0f9aa7d7e370c5c7ef510728475425b2ad3d6c07ab89","2024",Income Tax - Resident Individual,0.00,0.00,0.00,0.00,0.00,0.00
"000d31bec03e0388da2e8f26efd705153c513d997b43213857055746c851c99b","2023",Income Tax - Resident Individual,0.00,0.00,0.00,0.00,0.00,0.00
"00168f2ac3c4340991b71e9a2c1b1720cd39b27aeb295cd0eae08522a4acd10c","2023",Income Tax - Resident Individual,0.00,0.00,0.00,0.00,0.00,0.00
"0012e78601aaf81e7edf0f9aa7d7e370c5c7ef510728475425b2ad3d6c07ab89","2023",Income Tax - Resident Individual,0.00,0.00,0.00,0.00,0.00,2556.00
"0003637e3156a26b46e8bfdf6f4f768d176365e9d95b9f0dcdc8b8b0ee1f8499","2024",Income Tax - Resident Individual,0.00,0.00,0.00,0.00,0.00,0.00
"0003637e3156a26b46e8bfdf6f4f768d176365e9d95b9f0dcdc8b8b0ee1f8499","2023",Income Tax - Resident Individual,0.00,0.00,0.00,0.00,0.00,15255.00
"00111d5d2752b62986fb4e11569640ef2ca337b6a93a67af03c777f8d12d7f70","2024",Income Tax - Resident Individual,0.00,0.00,0.00,0.00,0.00,72243.00
"00111d5d2752b62986fb4e11569640ef2ca337b6a93a67af03c777f8d12d7f70","2023",Income Tax - Resident Individual,0.00,0.00,0.00,0.00,0.00,61594.00
"000ac097e77fc5759a90526f758001609ef19ac4ab3e04338cfb5f098539191c","2023",Income Tax - Resident Individual,0.00,0.00,0.00,0.00,0.00,110059.00
ba9d1f23b0888ecf912c3c77b52911cf0827bf588f7f7e61577157973cec0f70,"2023",Income Tax - Resident Individual,0.00,0.00,0.00,0.00,0.00,654976.00
"85222f115e4555c0d8d67ad9cb5ce1048e0b71b64a016778ac6c8c0cce2edb48","2023",Income Tax - Resident Individual,0.00,0.00,0.00,0.00,0.00,0.00
"3e838c51a94a7cac2e6b9cf1a5e32c3fe18f74ea0457e3dd5c2e7c1a795c4087","2023",Income Tax - Resident Individual,223927.00,0.00,0.00,0.00,0.00,17593.00
accd0ee0932edfd815fdb0e0100f279a843a4f8565cdabaf16d7dbbdef17b1f3,"2023",Income Tax - Resident Individual,0.00,0.00,0.00,0.00,0.00,0.00
"2c3a5ae98cba8d5fc7a1dab09d3a6bab050f6dae3ef487b5aceea5159a867fe1","2024",Income Tax - Resident Individual,0.00,0.00,0.00,0.00,0.00,0.00
acfd16f592ee5489f335134dbf2d379df55cf5e881550c5f9c60e004ab6ac207,"2024",Income Tax - Resident Individual,0.00,0.00,0.00,0.00,0.00,0.00
d60fa8bba25d50dd5b459e76ca70e1e4b3a6254c0d71306d06b37af8b36bafe6,"2024",Income Tax - Resident Individual,0.00,0.00,0.00,0.00,0.00,142347.00
"831135378d6f0ce0f7890f7e1a1e6f8751ffb8a1931f9e3ab5ef9bdef2e41349","2023",Income Tax - Resident Individual,3360.00,0.00,0.00,0.00,0.00,0.00
"8e988cad5f79a7499b1cd1963d309b58ee14c273d064c029a76d1db0b0b07cd4","2024",Income Tax - Resident Individual,0.00,0.00,0.00,0.00,0.00,123591.00
"1d9f83bc8fffdddd8445e0f34bd4b80a78e60eebe22b7993562348ca0372f742","2024",Income Tax - Resident Individual,0.00,0.00,0.00,0.00,0.00,11374.00
"8533163a323f3695267564e3765cb2ed78df68e312e10f40e1d511f0a168bb5b","2024",Income Tax - Resident Individual,0.00,0.00,0.00,0.00,0.00,173137.00
b2acd2c445fec6720c17111d6dabdc23ffe68f370dc96e4279ad4df0b5bdf6a6,"2023",Income Tax - Resident Individual,10000.00,0.00,0.00,0.00,0.00,58012.00
"001b151cbce24de4c1f33bfe832a435e7eb3785a602f6df5e837984e8f04ef0d","2024",Income Tax - Resident Individual,0.00,0.00,0.00,0.00,0.00,30437.00
"000ee2db1a63bbd0b715b1f262f64129ff8132eb1fc8dd7e702b12c8b8c5d697","2024",Income Tax - Company,6302355.00,0.00,31900.00,8178.00,70000.00,0.00
"001500f35903a366dba11e3ffc8c8815e3d0886d7e9b834b9be6815a77e23977","2023",Income Tax - Resident Individual,534620.00,52000.00,0.00,0.00,0.00,53386.00
"0017a063f04e8c3fdc430cc3238f3837f27aa38b7314e0308e83e049828aadc1","2023",Income Tax - Resident Individual,0.00,0.00,0.00,0.00,0.00,0.00
"00029f52a07f14383b8484519d891ed78a79804aca4eab25519f6e22684632e0","2023",Income Tax - Resident Individual,0.00,0.00,0.00,0.00,0.00,12400.00
"001500f35903a366dba11e3ffc8c8815e3d0886d7e9b834b9be6815a77e23977","2024",Income Tax - Resident Individual,440210.00,203000.00,0.00,0.00,0.00,0.00
"001c0382e0055e4db2d79d04ab5a762b2ff1dc823eef753f9bee05baa83f7dbc","2024",Income Tax - Resident Individual,0.00,0.00,0.00,0.00,0.00,61317.00
"001c0382e0055e4db2d79d04ab5a762b2ff1dc823eef753f9bee05baa83f7dbc","2023",Income Tax - Resident Individual,0.00,0.00,0.00,0.00,0.00,0.00
"001493fc647829bf508848c01fb6854961af62662820c207b2c1420a86a195af","2023",Income Tax - Resident Individual,0.00,0.00,0.00,0.00,0.00,245236.00
"000d203b8f8215326a48158c226b94d7987d2a25a20303be8096d7db195fc5f0","2023",Income Tax - Resident Individual,0.00,0.00,0.00,0.00,0.00,91606.00
bd7df43481db5b709ac67d36f7c00321d04cb9fc53adda147d4093a4448fe311,"2024",Income Tax - Resident Individual,0.00,0.00,0.00,0.00,0.00,0.00
"788e66f329a5dccfb4f45d2527bb9a998b8eed598f870e3bf885563e2daf0097","2023",Income Tax - Company,6039310.00,302150.00,522909.00,21695.00,4776827.00,124718.61
"2d7c8af8491486d1f42227d2aab48d38fa63a2b1d3e4fd2b683eaffc4172adb1","2024",Income Tax - Company,85643537.00,6838781.00,49626198.00,1784786.00,10702044.00,427613.40
f1102c4ee5c01028fd93784bc687d36d3e6e9367486ef650e92e329015066bc1,"2023",Income Tax - Resident Individual,0.00,0.00,0.00,0.00,0.00,0.00
c339e53442cf79110a30436b1efc776e11b2b3ebac30f0978069ad2c06b74797,"2023",Income Tax - Resident Individual,0.00,0.00,0.00,0.00,0.00,82457.00
"122719dfdf926455c84dab7b3f23981448679a3b9422727cf62f1c118e584036","2024",Income Tax - Resident Individual,0.00,0.00,0.00,0.00,0.00,63139.00
"12761649e627e0edd5d217394eb25e3b65483bad36e704a4a73a1d414c680ec6","2023",Income Tax - Resident Individual,0.00,0.00,0.00,0.00,0.00,80529.00
"9531340ec5edf2efaa24474b98ded73bd7a91488db86a78ef6f7ab314fe5ccfb","2024",Income Tax - Resident Individual,0.00,0.00,0.00,0.00,0.00,10632.00
"9ff975eee15b3f40c0d9e9b024b6dd02d01f611a7e3f361ac82cb6c8f1cf769a","2023",Income Tax - Resident Individual,0.00,0.00,0.00,0.00,0.00,81877.00
d601fec03b9643d741b6bbcd5e21c7622b2338eeb1b71472df477631d4c62c5e,"2024",Income Tax - Resident Individual,0.00,0.00,0.00,0.00,0.00,0.00
"927ed960f7145d9b077d3ae5b43db26d890f44bcc41bb40d8f8c50611b5b1559","2024",Income Tax - Resident Individual,0.00,0.00,0.00,0.00,0.00,0.00
"34734c2759058a07602fd45ce3591f8b39e2d0bf38bf5c3fe6c95eb350c7ac77","2024",Income Tax - Resident Individual,0.00,0.00,0.00,0.00,0.00,0.00
c4630b21e1efd4c2211a895fb0520944b7b4c605348f0f90808ae7452934dd4a,"2024",Income Tax - Resident Individual,0.00,0.00,0.00,0.00,0.00,4716.00
"7264c31e556562b02833cbfa24344339c6c4f62bdb059d5b4ddad1c7c371e5e7","2023",Income Tax - Resident Individual,0.00,0.00,0.00,0.00,0.00,1093365.00
d08545b3a20ad752a552576ad7a366eb572068731a82115d4966665ee0e24b2a,"2024",Income Tax - Resident Individual,0.00,0.00,0.00,0.00,0.00,0.00
c97ba4792ad363790c41300938806bcf7f1636dc0791792c8ed3a15fe2d29471,"2024",Income Tax - Resident Individual,0.00,0.00,0.00,0.00,0.00,580988.00
ede957b9d3489c49e1396200fd8656aae4fa778436ec56be7d24252f8cf2d7ab,"2023",Income Tax - Resident Individual,0.00,0.00,0.00,0.00,0.00,0.00
ff998fa78a2e88790ac8fdb438744d34f128bef7bbf64bea4491c0256bed1e49,"2023",Income Tax - Company,117220.00,0.00,0.00,0.00,0.00,35166.00
f5d3341d623e2b36cd2566d6573146db5fab1e8fb49f9cecadd8ee8c2d13c4af,"2024",Income Tax - Resident Individual,1560000.00,177950.00,0.00,2598.00,288846.00,235782.00
"000ba8268edaf51e943ff07e77c11ef2d97d658a9676b233aa10c4b0a339428c","2023",Income Tax - Resident Individual,32620.00,27188.00,0.00,0.00,0.00,172034.00
"000cd4660a0b0f4eedbf76b46f933c8e16d2dd15c9226971edada3393cb6be85","2024",Income Tax - Resident Individual,0.00,0.00,0.00,0.00,0.00,0.00
"0017db2d6b8a0e79fc5dd33c49d011c6d4e2a6345f7c9846d233f8078bcdb908","2024",Income Tax - Resident Individual,0.00,0.00,0.00,0.00,0.00,0.00
fd64f2362ad6a42a5f40a9a40ad73f0712f57d6a1468c51d37873ed3ef79fac8,"2023",Income Tax - Resident Individual,0.00,0.00,0.00,0.00,0.00,0.00
"2234f1ba506ff69bef13d6b2e286b44cb4ff88818923c0b58fd82ead314a2345","2024",Income Tax - Resident Individual,0.00,0.00,0.00,0.00,0.00,0.00
daab887a3d89e7ec48fbb78d043d0a9c1dcba2e8cc6b50aee1f8c7375237c078,"2024",Income Tax - Resident Individual,0.00,0.00,0.00,0.00,0.00,0.00
"259f057039a1c9a8fb66e1949bb06ad3d68feaa0e7e9304a1caa94121d977ad4","2024",Income Tax - Resident Individual,0.00,0.00,0.00,0.00,0.00,127565.00
"2a4ea9521650396efd373e8745a478a507922292a132da597548082c381ef87c","2023",Income Tax - Resident Individual,0.00,0.00,0.00,0.00,0.00,80620.00
"92b72e91b40b10f1d125fca04ba61fc6cf491c0a792039ec2b7ece0aed3bb817","2023",Income Tax - Resident Individual,0.00,0.00,0.00,0.00,0.00,12110753.00
d504102a1485c922279833ad0724a9250937472f086bad04a65411ad63d4fb94,"2024",Income Tax - Resident Individual,0.00,0.00,0.00,0.00,0.00,0.00
bdc16301b9fab343b04755e9c22968d21e5606d974396cbadc91cfbea25f2c0a,"2023",Income Tax - Resident Individual,201877.00,50400.00,0.00,0.00,0.00,0.00
d1a8813eef17f3dc7ae002da348b7eea11eab6a415db09cdb11db64f9245a887,"2023",Income Tax - Resident Individual,0.00,0.00,0.00,0.00,0.00,187028.00
"6276ffec69cf8a6440b1a016fea78d3c1a098274cf599b76b0c493b8e762b28a","2024",Income Tax - Resident Individual,0.00,0.00,0.00,0.00,0.00,20586.00
f848a110f75acd56ab91b9ae4cdfb04314dc3a70b85f102c2723d92acc7f9997,"2023",Income Tax - Resident Individual,0.00,0.00,0.00,0.00,0.00,47455.00
c00b431b5aa3f4557d33bfc26c890c382288dc2f7f1f6f7451b2b361e1d2a45f,"2023",Income Tax - Resident Individual,0.00,0.00,0.00,0.00,0.00,470792.00
"69c7c56b33a1810fa24624db9237710d57d5acb0d1b6542efc1e9a882b922ef8","2024",Income Tax - Resident Individual,0.00,0.00,0.00,0.00,0.00,181378.00
"00070500038e21420692b5728bf0c521898accf6c02b408d14845b64a74e6e8b","2023",Income Tax - Resident Individual,0.00,0.00,0.00,0.00,0.00,0.00
"0004f5bc5304606a45e5fa884c66f0443de08662d216a31e980249c5858b1f94","2024",Income Tax - Resident Individual,0.00,0.00,0.00,0.00,0.00,182799.00
"00070500038e21420692b5728bf0c521898accf6c02b408d14845b64a74e6e8b","2024",Income Tax - Resident Individual,0.00,0.00,0.00,0.00,0.00,0.00
"00120cd148111498a5d2b0dad49b81f15afcf6b9775537bb3b8241dc2302cc82","2024",Income Tax - Resident Individual,0.00,0.00,0.00,0.00,0.00,100300.00
"001bdfe834c3696ac67bac9ac0106df318abf0569f54d486935ebc64e75fc020","2024",Income Tax - Resident Individual,0.00,0.00,0.00,0.00,0.00,0.00
"00120cd148111498a5d2b0dad49b81f15afcf6b9775537bb3b8241dc2302cc82","2023",Income Tax - Resident Individual,0.00,0.00,0.00,0.00,0.00,113311.00
"0004f5bc5304606a45e5fa884c66f0443de08662d216a31e980249c5858b1f94","2023",Income Tax - Resident Individual,0.00,0.00,0.00,0.00,0.00,163963.00
"000ebe4364d7eaae01b39a054da2e39883934e6520f9439e867e2f9a054e5313","2023",Income Tax - Resident Individual,31448.00,31548.00,0.00,0.00,0.00,310591.00
"24dca1bec2df13212ac6767d56629ec91a65a89fda2cbabf52f810b616a7f95b","2024",Income Tax - Resident Individual,0.00,0.00,0.00,0.00,0.00,0.00
"94b736664bc1d6a586830e7c20cb9a968766cc15000e6eaa2bbba58a9cc4b051","2024",Income Tax - Resident Individual,0.00,0.00,0.00,0.00,0.00,170422.00
"4089a56c562536109998bbb607ed72f8a960ba15c4bd6bd88e594c9c484144f9","2023",Income Tax - Resident Individual,0.00,0.00,0.00,0.00,0.00,0.00
f7f6160cb86b1cb81110e55b3fc09d6e8e1cfbd28e0e41d6dc710df6f1951ad5,"2023",Income Tax - Resident Individual,0.00,0.00,0.00,0.00,0.00,0.00
"7b7ad2ea8d29f1ccb40f6c109daf572d3a4f2ab4e9d5f5e902183b2ed2bbeffa","2024",Income Tax - Resident Individual,0.00,0.00,0.00,0.00,0.00,0.00
"4d4c5bc3536c1ce5f9b527a0487e3dc562acc4e53b71dc33ba85250e33b571c0","2023",Income Tax - Resident Individual,0.00,0.00,0.00,0.00,0.00,19314.00
"46700f7fd2e3763d8361b03b9846a1460fa6ef7a3d4662acd8cac0e79738ab37","2023",Income Tax - Resident Individual,0.00,0.00,0.00,0.00,0.00,0.00
a7e4978c5d8ff30f1d394c11efdab75fc0ec1fa6a0ca5148618255b5d1ef4647,"2023",Income Tax - Resident Individual,0.00,0.00,0.00,0.00,0.00,0.00
"5b173cb4c4488adcf9c01b2e04c1d11ddb9da5171c77bd73f8278a663a34495c","2024",Income Tax - Resident Individual,0.00,0.00,0.00,0.00,0.00,45604.00
"0007fcf1a890cd704151bb00d7e673976bca72e1b6b94dbb4a5c1c92457e5416","2023",Income Tax - Resident Individual,0.00,0.00,0.00,0.00,0.00,0.00
"000ebe4364d7eaae01b39a054da2e39883934e6520f9439e867e2f9a054e5313","2024",Income Tax - Resident Individual,39177.00,0.00,0.00,0.00,0.00,398773.00
"001625f56af448aa33e74a9184a77b3f25d73af4d67a58962a30bfc89e09ebd5","2024",Income Tax - Resident Individual,645350.00,509950.00,628750.00,55715.00,44000.00,3569.00
"0007fcf1a890cd704151bb00d7e673976bca72e1b6b94dbb4a5c1c92457e5416","2024",Income Tax - Resident Individual,0.00,0.00,0.00,0.00,0.00,0.00
"000455962394bb0ebcb308641b42cd344212fcb0ab85c737db8362693686ec09","2023",Income Tax - Resident Individual,0.00,0.00,0.00,0.00,0.00,0.00
"947abd2b8b30205d4656d933753930508e31216dde8a43ec1ee9f75cce07ff04","2024",Income Tax - Resident Individual,0.00,0.00,0.00,0.00,0.00,128568.00
"30c4464a0274384a29a2bd9f82ff65c2ab1edb7329f5b5e782a8e595ee661e76","2023",Income Tax - Resident Individual,300.00,0.00,0.00,0.00,0.00,0.00
a1cb2c4a6772995660c2f087b0dc633f1cf0f013008f7e492d17fb88f2171453,"2023",Income Tax - Resident Individual,0.00,0.00,0.00,0.00,0.00,469855.00
"6196c74a7ebc06e7e2022f91c6ceb2d55c5fb3d6418136fdef7ffd2ef257967c","2023",Income Tax - Resident Individual,8650.00,0.00,0.00,0.00,0.00,204629.00
"2e85e6efec529426efeb6893484acd74d6c4c6e6c44a7489a191ed7225d6f2ac","2024",Income Tax - Company,8001672.00,125000.00,2270709.00,179745.78,2212742.99,0.00
e9d2363571b936e2bf99d99c2c50655e82d7c7d5f61f6a0dcc08c7237f0ab8a6,"2024",Income Tax - Resident Individual,0.00,0.00,0.00,0.00,0.00,240361.00
f8cebf85d4735e4930670f4d344e0c0d61f377b71c1a401c152120512a06dbb7,"2023",Income Tax - Resident Individual,22550.00,0.00,0.00,0.00,0.00,254491.00
f2ed2ae0af2e0bb59e441f6498cf41b84cf5463d44d5d281386c9e8490dd0af0,"2024",Income Tax - Resident Individual,0.00,0.00,0.00,0.00,0.00,0.00
"18bc5677a16b22c469abfabf9eda4d1b4a1e5574fdd00a99089482d2237b8776","2024",Income Tax - Resident Individual,0.00,0.00,0.00,0.00,0.00,5615.00
"8c32eb8e9225608fb9525ea650c1e039cd936f17489fd899be39513674ca179c","2024",Income Tax - Resident Individual,0.00,0.00,0.00,0.00,0.00,50271.00
"618ea0bf405e221ee1d49fe8f310de6f3c3feb688904d4eecf5ce3cf580711fe","2024",Income Tax - Resident Individual,0.00,0.00,0.00,0.00,0.00,355989.00
"527d74ad9db8abb262712950e4ad1ba28f716a8cf22f0eba67aa968b1fd19fb6","2023",Income Tax - Resident Individual,0.00,0.00,0.00,0.00,0.00,800620.00
ad6a378eb79fada8de08300204c5d87500077ba008de3a5795e734dd06c12cca,"2023",Income Tax - Company,1583092.00,0.00,0.00,0.00,0.00,1227.60
"000ebb7d8a0d06da19919bcf71029f0c61c9d8afbeb7a98ed8902d9491bd77d7","2023",Income Tax - Resident Individual,2895.00,0.00,0.00,0.00,0.00,290.00
"000455962394bb0ebcb308641b42cd344212fcb0ab85c737db8362693686ec09","2024",Income Tax - Resident Individual,0.00,0.00,0.00,0.00,0.00,0.00
"0004c1c93acbef464b93ae9ca692d8dffbf6a276f5f329531ed9f1000dd511de","2023",Income Tax - Resident Individual,32612.00,0.00,0.00,0.00,17936.60,165594.00
"0011a7a79f1e47c2ca84365a15ad3df6d9705c5598206e5e82ff8fa31e76616f","2024",Income Tax - Resident Individual,0.00,0.00,0.00,0.00,0.00,0.00
"0019545888f483cfb6e1d07fb68c89dbade17f895594d2071d555d2515cb0c70","2023",Income Tax - Resident Individual,0.00,0.00,0.00,0.00,0.00,76147.00
"00143993617e2959a28bb2c764882f8e4cdab2d36cded2bbd1eac0e268f964d9","2023",Income Tax - Company,2000000.00,1019800.00,41280.00,23020.00,535785.00,114034.50
"0004c1c93acbef464b93ae9ca692d8dffbf6a276f5f329531ed9f1000dd511de","2024",Income Tax - Resident Individual,0.00,0.00,0.00,0.00,0.00,178174.00
"000b5c78f22155090b49396e944290d5f534de36a3e32b2f76194ff2acdc7b7d","2023",Income Tax - Resident Individual,3522300.00,376500.00,240000.00,0.00,0.00,4437.00
eefe7d7a56bdf089076e89d553fb9e4e0edb8801f1175b2540931e5a2f56a63e,"2024",Income Tax - Resident Individual,0.00,0.00,0.00,0.00,0.00,90808.00
"93e51b134f11f433e90e1eaee1b612309a0bac07adf0ea663ef0ef5ff21dd02d","2023",Income Tax - Resident Individual,0.00,0.00,0.00,0.00,0.00,30436.00
bed44b3214b252c43451147ca9bd102a4199e4d4d3a66bbbc16960ca77f8be1a,"2023",Income Tax - Resident Individual,0.00,0.00,0.00,0.00,0.00,236708.00
"7baf67f1b7e588ef54cce93112abe25bb2526a340db2fcb2f5e29e1f605a6f12","2023",Income Tax - Resident Individual,0.00,0.00,0.00,0.00,0.00,80620.00
"07c3042db5b5445365c53bf15b6f27f830fedf95fb58ec4e874b111a4ebcdbfd","2024",Income Tax - Resident Individual,0.00,0.00,0.00,0.00,0.00,273869.00
"3e5b02238866ce804ce3198dc030e414eb7d1d1e2ffb371a87d93065d28d8498","2024",Income Tax - Resident Individual,0.00,0.00,0.00,0.00,0.00,13383.00
"5f62146fc11d0e6fe1904183336944fcf92d611ba1dc32f690915c788624b48f","2024",Income Tax - Resident Individual,0.00,0.00,0.00,0.00,0.00,354713.00
caf400bd295d8ce5ad984b7e5f16b0d12786765b4c80d0db8a92a71f51996c2e,"2024",Income Tax - Resident Individual,48617.00,41670.00,0.00,0.00,0.00,186889.00
ad750b81949952c002503863954ebbf56af8d9d74ba526b8cff830293f0e5f37,"2024",Income Tax - Resident Individual,0.00,0.00,0.00,0.00,0.00,0.00
"9a7bb57a8db35c96daa1c0a25ed7c173b79ee276d09408ded0c08d9a435187db","2024",Income Tax - Resident Individual,803200.00,289400.00,0.00,0.00,78500.00,39190.00
a72b960c7d839551941fce446473ff217415719729729fbb8441a65705f2748e,"2023",Income Tax - Resident Individual,0.00,0.00,0.00,0.00,0.00,0.00
"77e629fce184672801e8129e02705593879a23c14bb71112dd64495c6eaea405","2023",Income Tax - Resident Individual,0.00,0.00,0.00,0.00,0.00,0.00
b9b0908019e56327a792e042f38bb4b23f36813a5c35a57f17927ee5f065efa7,"2023",Income Tax - Resident Individual,0.00,0.00,0.00,0.00,0.00,118304.00
"000d0923c6663f006a3d3731a71df2f8c67b11f8182de2b8d9ca21275b4ecc0e","2023",Income Tax - Resident Individual,0.00,0.00,0.00,0.00,0.00,45610.00
"000d0923c6663f006a3d3731a71df2f8c67b11f8182de2b8d9ca21275b4ecc0e","2024",Income Tax - Resident Individual,0.00,0.00,0.00,0.00,0.00,41502.00
"00052fa2e0e944526b20ebcb3e050964affbc6a9881fb12b3fcb2983206be739","2024",Income Tax - Resident Individual,0.00,0.00,0.00,0.00,0.00,0.00
"000f5dde00487f4c1f13ef0cf5f11f42f24bcdf6167489a99b3081b6616e7ed0","2023",Income Tax - Resident Individual,0.00,0.00,0.00,0.00,0.00,0.00
"000b5c78f22155090b49396e944290d5f534de36a3e32b2f76194ff2acdc7b7d","2024",Income Tax - Resident Individual,3026000.00,265000.00,200000.00,0.00,0.00,5000.00
"001a7f3616e773125d19b0404e5b214a0a25bc364055130b6f379cece3bb41e0","2024",Income Tax - Resident Individual,134542.00,0.00,0.00,0.00,67267.00,88383.00
"001a7f3616e773125d19b0404e5b214a0a25bc364055130b6f379cece3bb41e0","2023",Income Tax - Resident Individual,0.00,0.00,0.00,0.00,0.00,68200.00
f3678f0430ca5b5382fea2095913c79e458fe6f4d196065eb1505570230775a3,"2024",Income Tax - Resident Individual,0.00,0.00,0.00,0.00,0.00,480579.00
ec5749aa0585cc06a28a63aad39ca3644f95e2ee22459c9434ec30279e929855,"2024",Income Tax - Resident Individual,0.00,0.00,0.00,0.00,0.00,0.00
"7ff6ef61c180d6556c424c3c5f8caa46edc807208d30dffd0854ed01a98b27a6","2024",Income Tax - Resident Individual,0.00,0.00,0.00,0.00,0.00,0.00
"9c5128fba598ec6701fbec74e6112f26272b47cc23f9236e5d1f4fde901dd16a","2023",Income Tax - Resident Individual,1005.00,0.00,0.00,0.00,0.00,271805.00
"1ea32c1f2ff4b18adc224e85b0590ef7f825d3c5f1ce298399703ba79d97357c","2024",Income Tax - Resident Individual,0.00,0.00,0.00,0.00,0.00,631537.00
"613ce2b4e95626e0597a6f3697790ca588fe65c9a38775a00653fdeb287101d7","2024",Income Tax - Resident Individual,0.00,0.00,0.00,0.00,0.00,295601.00
"8cad6cf232f2dd5afb377630efb1dc3946200f2d8ef1b4110f6546c6db568be8","2024",Income Tax - Resident Individual,0.00,0.00,0.00,0.00,0.00,146731.00
"0ec8d3afd389f9ae922bb57ff34bb2924f8a018a997310ae194bf7447474aa3c","2024",Income Tax - Company,292182551.00,515455.00,5394085.00,1951165.00,7331480.00,10543997.70
"656fdcc4dfd34fa1d63a335c015412177c7f39c1a278cf23abdcc6fe194b7bb3","2023",Income Tax - Resident Individual,0.00,0.00,0.00,0.00,0.00,0.00
"885f002291063b50d57e29fb133be9db5e8820b5b24338826b99116d449d961d","2024",Income Tax - Resident Individual,0.00,0.00,0.00,0.00,0.00,0.00
"515b28fbae56b782cc144cd9735d0c2ebb46777b35d569cca787c1ff45ab1137","2024",Income Tax - Resident Individual,0.00,0.00,0.00,0.00,0.00,475325.00
"44a598dc61130e36fb8ee43a489c90068c5ea8300982d3a261ad8a65d747de98","2024",Income Tax - Resident Individual,0.00,0.00,0.00,0.00,0.00,77015.00
"001a624f627b01bbaf70119694c81292f04e9fc401a90ca3ebec547a443ffd5f","2023",Income Tax - Resident Individual,0.00,0.00,0.00,0.00,0.00,0.00
"00117d6b09214b308c157c1bc38bc5be586fc1168337bf0f04d37afe3d4af61f","2023",Income Tax - Resident Individual,81880.00,54589.40,0.00,0.00,0.00,510950.00
"0016151cedd3611f411d4a2d27a51b425f1a77f6fe6e7ed7df05899408fb0b22","2024",Income Tax - Resident Individual,0.00,0.00,0.00,0.00,0.00,0.00
"00117d6b09214b308c157c1bc38bc5be586fc1168337bf0f04d37afe3d4af61f","2024",Income Tax - Resident Individual,133960.00,32000.00,0.00,0.00,0.00,589744.00
"001a624f627b01bbaf70119694c81292f04e9fc401a90ca3ebec547a443ffd5f","2024",Income Tax - Resident Individual,0.00,0.00,0.00,0.00,0.00,0.00
"000adee4e41eba209fd2479de7b1e2c30ab5e1abc2f37f93e45edf9040654720","2023",Income Tax - Resident Individual,0.00,0.00,0.00,0.00,0.00,0.00
"0019b6b3e22972aebdda8cb12870a84e0b8ce9111af816adbf56d4e46ba06c82","2023",Income Tax - Resident Individual,0.00,0.00,0.00,0.00,0.00,0.00
"000adee4e41eba209fd2479de7b1e2c30ab5e1abc2f37f93e45edf9040654720","2024",Income Tax - Resident Individual,0.00,0.00,0.00,0.00,0.00,10594.00
"0002b77920fd48fd2ab260a7b910a2421b5e38e0868881f4e4d73643d52e669e","2023",Income Tax - Resident Individual,0.00,0.00,0.00,0.00,0.00,256630.00
e0851ebd67b30c736fc21d6e775a5881d102f0adff0fb2dac0c9480dd3674101,"2023",Income Tax - Resident Individual,0.00,0.00,0.00,0.00,0.00,0.00
"02eb0985478458d743ede1a496b739bd26a95a9e62e58532eff292ea1ccb2674","2024",Income Tax - Resident Individual,0.00,0.00,0.00,0.00,0.00,55450.00
efe469ecd34b792413c7c9d2e7ceb3b55a103964ef3d75b182a7872498e24c85,"2024",Income Tax - Resident Individual,0.00,0.00,0.00,0.00,0.00,1153512.00
ba40bda9f00c377ddd93c648703cd15fdea7ac8783f27cfdcd5563ade1d383a6,"2023",Income Tax - Resident Individual,0.00,0.00,0.00,0.00,0.00,68677.00
d3551229fd9d2138356c675f6ccd04167c8ae3284535b64483b7191e96787c14,"2023",Income Tax - Resident Individual,4893567.00,783555.00,69885.00,367164.00,1028539.00,13360.00
db174227fb44b7c6723abcea3f8d1a792a33f6d977e438604bdad22a8b3a3010,"2023",Income Tax - Company,195563161.00,0.00,1291543.00,0.00,195690317.00,0.00
a0bf92f05d06622be582cbd144f86e33c87083d9f96c858581118a1a056dae3b,"2024",Income Tax - Resident Individual,0.00,0.00,0.00,0.00,0.00,1412483.00
"9ab84bbb89635ca09d08f6679902fcefc77111559d1b40573f88cc1c7231130d","2023",Income Tax - Resident Individual,0.00,0.00,0.00,0.00,0.00,0.00
f4117fdd15debfa973a3f6816246cf7e1833535a9136b6060dd621130f3c6cef,"2024",Income Tax - Resident Individual,0.00,0.00,0.00,0.00,0.00,70876.00
"167443e73a2759f439a3456870a37a1fe9fcb15bb0434f6a68e70b50988e7e1b","2024",Income Tax - Resident Individual,0.00,0.00,0.00,0.00,0.00,222616.00
"38d2d8dc5e6ebd69555109b0dcbdc3c36a2588ee784526b7ec1e562e3fa26301","2023",Income Tax - Resident Individual,1768800.00,0.00,0.00,0.00,0.00,128235.00
"08a6a7a24becc6a53b78dadd755b6770f3375ae93deb5b091d14982c59863387","2024",Income Tax - Resident Individual,0.00,0.00,0.00,0.00,0.00,90867.00
"9eaf4fe8ff31eec3ced92ee6937f2dc60b40ca3acef0c9fe42a637add70af059","2024",Income Tax - Resident Individual,10000.00,1300.00,0.00,0.00,0.00,870.00
f1348e14cdbc1dacfbd4462096861eaf458da56f6dc6693d633403a839639695,"2024",Income Tax - Resident Individual,0.00,0.00,0.00,0.00,0.00,0.00
bdc2123ecf56e603c44822b444d811af6349eec04e946c34874dcf5526c99dcc,"2023",Income Tax - Resident Individual,0.00,0.00,0.00,0.00,0.00,0.00
c1141eefe6f8f7fc15d6aea9bd83c0a7fb211ae099c4f4949a295cd7b3f8a4ea,"2023",Income Tax - Resident Individual,0.00,0.00,0.00,0.00,0.00,0.00
"6b93496fff4c13da0919d649bdcbab4cecefa40f6c9e566e4188ae5a9461c13b","2024",Income Tax - Resident Individual,0.00,0.00,0.00,0.00,0.00,0.00
e40ad0b7a889ee08082f91b0c0ca7e46238a66eec508f428792457b0b377003b,"2024",Income Tax - Resident Individual,0.00,0.00,0.00,0.00,0.00,7825762.00
"0002b77920fd48fd2ab260a7b910a2421b5e38e0868881f4e4d73643d52e669e","2024",Income Tax - Resident Individual,0.00,0.00,0.00,0.00,0.00,0.00
"00033b3fa448d621238d2e41bcfd40d56303c96c03fe3cb074a7d74ac96a31ca","2024",Income Tax - Resident Individual,0.00,0.00,0.00,0.00,0.00,11408.00
"00033b3fa448d621238d2e41bcfd40d56303c96c03fe3cb074a7d74ac96a31ca","2023",Income Tax - Resident Individual,0.00,0.00,0.00,0.00,0.00,3903.00
"000107a8afa675c5c37d2ca48bd86b352ef34163941a86d01c361dfafe261fdb","2024",Income Tax - Resident Individual,0.00,0.00,0.00,0.00,0.00,0.00
"000107a8afa675c5c37d2ca48bd86b352ef34163941a86d01c361dfafe261fdb","2023",Income Tax - Resident Individual,0.00,0.00,0.00,0.00,0.00,0.00
"856e51cca91d11ed58fdd1293dff5c91c4748aaf899d548fe5ecacc787a77484","2024",Income Tax - Resident Individual,0.00,0.00,0.00,0.00,0.00,44220.00
eedaedc35dfdcaf2f3ed38f6404dfab8b1510a37e50248a2fac04ae79473eab2,"2024",Income Tax - Company,1998983703.00,19052503.00,92181240.00,11570946.00,72192014.00,13922394.60
c56afff4b165403281cef0593808e7eff618fa8e1255b4d4184a0a3fc0fa0b73,"2023",Income Tax - Resident Individual,0.00,0.00,0.00,0.00,0.00,0.00
"6738fc651ae8c054646cb6128dbc8fac79eedfc0943d52850aa701038e155839","2023",Income Tax - Resident Individual,0.00,0.00,0.00,0.00,0.00,0.00
"2daa1f08d917c4292662c4a73f35d6948ad05b05e49d5bb6467bc16580b6574b","2023",Income Tax - Resident Individual,0.00,0.00,0.00,0.00,0.00,94693.00
b58f68a224edbcd5e8ef975e185d8dcba29436dca14c942eecc735fdf947e241,"2023",Income Tax - Resident Individual,0.00,0.00,0.00,0.00,0.00,0.00
"12c186d94a729d1dc8a071e92fe51fde93842195a0057e3325871161abddd5bd","2024",Income Tax - Resident Individual,0.00,0.00,0.00,0.00,0.00,0.00
"530b35c99a00ed05b2b5803bce36fab060353779b837dd0a8933b4ef4a082485","2024",Income Tax - Company,660120.21,0.00,0.00,0.00,0.00,63929.76
"67ca5b9b96eeffab3027f82109be9ec3e66a79715e0b5762d3b8a762757be3da","2024",Income Tax - Resident Individual,121720.00,0.00,0.00,0.00,0.00,0.00
c7cf674e9e05e5b08581ca60ed03bf6c308a374a1620eec11f706eea18bb277d,"2023",Income Tax - Resident Individual,0.00,0.00,0.00,0.00,0.00,2000532.00
"4d5f35fcb84b16163471b27d323f65da7edcff6d635691e89eb1c9d8792a056e","2024",Income Tax - Resident Individual,0.00,0.00,0.00,0.00,0.00,15984.00
f5c31c0ff30a58d6fe46586d8d7e6d7a3e684902fef6a3fc66f3170071581c13,"2023",Income Tax - Resident Individual,0.00,0.00,0.00,0.00,0.00,156178.00
f59a404dd7f175cc68588bb16217f9d217a7a831aa73a31e582605a3b62f246c,"2023",Income Tax - Resident Individual,0.00,0.00,0.00,0.00,0.00,0.00
"6da17d7db830b69220219e76ace070a9bf0ed16d1877bb101448d8e806fa1609","2024",Income Tax - Resident Individual,0.00,0.00,0.00,0.00,0.00,188972.00
"0017fc243b78c5ea4e19e890650222ebc58fcea9fab55abfbf499c1eb9777b8f","2024",Income Tax - Resident Individual,0.00,0.00,0.00,0.00,0.00,0.00
"0002cef149a5be88db5ab63fec1aea0ec011ad3fc83f9b870ea0b61b753313d0","2023",Income Tax - Resident Individual,0.00,0.00,0.00,0.00,0.00,82458.00
"0003ae8eb00c937dbc82ff43e58d899efea675ed8619dd5542a625c6760dabad","2024",Income Tax - Resident Individual,0.00,0.00,0.00,0.00,0.00,297493.00
"000268903d98e401f565696aae15b742cad394f5729938b89f2a061205250950","2024",Income Tax - Resident Individual,0.00,0.00,0.00,0.00,0.00,187709.00
"0011feb4437c513d074e828a3d877d3c2a6f1a841f52e6d086f405a3e54b1b98","2023",Income Tax - Resident Individual,0.00,0.00,0.00,0.00,0.00,346143.00
"0011feb4437c513d074e828a3d877d3c2a6f1a841f52e6d086f405a3e54b1b98","2024",Income Tax - Resident Individual,0.00,0.00,0.00,0.00,0.00,448811.00
"000181d37ca76a66f9fd2260f3713d5d1a864586d137b827a8c6952edc62b218","2023",Income Tax - Resident Individual,0.00,0.00,0.00,0.00,0.00,232248.00
"33c775dc4d3148c5720cb812c5432fbdfb19df2ff7f7a22be3c39e25119bf66e","2024",Income Tax - Company,1636408.62,173800.00,0.00,4850.00,140300.00,0.00
"85fc0386a846469af9d075d1d9c5b582c2f4ac3348b59616aad7196e1b5e5607","2024",Income Tax - Resident Individual,0.00,0.00,0.00,0.00,0.00,0.00
"0bff50b193ed254d7d5b2d8dcea1b9398d4665f12cb034192012c7edf7f90cd9","2023",Income Tax - Resident Individual,0.00,0.00,0.00,0.00,0.00,0.00
"7277f9b89f5aa8d01a513d803121b901ef590b2be2e15d1e87030c2d66a1b5a1","2024",Income Tax - Resident Individual,0.00,0.00,0.00,0.00,0.00,98739.00
c18ccd743aff357e969304a515cc8e4e834e94f668b173b492263702b0904fca,"2023",Income Tax - Resident Individual,0.00,0.00,0.00,0.00,0.00,0.00
"4321c0db2ecd3be5ee7baf8cf331418a04606ade199a6ceafecb5397414b329d","2023",Income Tax - Resident Individual,0.00,10000.00,0.00,0.00,0.00,163962.00
d343da513913f558c71a33c5605862af0ae26b887b97090c4c87301df41e3e9a,"2024",Income Tax - Resident Individual,0.00,0.00,0.00,0.00,0.00,0.00
"110bb055f4955ff4e95794dab1811031016da1d7211c29c389227c948178c3f3","2023",Income Tax - Company,7767816.00,366195.00,1359697.00,12343.00,932235.00,0.00
e59a6de7c9195dd7e34f258cee98998b4220534d2dc72a2b5762e291b278b389,"2024",Income Tax - Resident Individual,0.00,0.00,0.00,0.00,0.00,0.00
"2aa89fc40a1536a00f0d6e61b69d93f17613902cd1b1e1f10a3277978443d716","2024",Income Tax - Resident Individual,0.00,0.00,0.00,0.00,0.00,198181.00
"000b397d6c9bc01c90957e6c6555a1f1581d37ffe688fb093cf006674eae410a","2024",Income Tax - Resident Individual,0.00,0.00,0.00,0.00,0.00,85853.00
"001941ecc196f8ecba76a7b60c7929b3001b63785276526f420548c407f76788","2023",Income Tax - Resident Individual,0.00,0.00,0.00,0.00,0.00,0.00
"001941ecc196f8ecba76a7b60c7929b3001b63785276526f420548c407f76788","2024",Income Tax - Resident Individual,0.00,0.00,0.00,0.00,0.00,0.00
"000b397d6c9bc01c90957e6c6555a1f1581d37ffe688fb093cf006674eae410a","2023",Income Tax - Resident Individual,0.00,0.00,0.00,0.00,0.00,69670.00
"00189e5a6da510b2b08cfbba5f0bde2b74dd5837465755e4ad0599ab72408fda","2023",Income Tax - Resident Individual,0.00,0.00,0.00,0.00,0.00,0.00
"0001db2e17a6b55b3dc81ee303c299979e56c6b9555eeb6e349e73b93341ae01","2023",Income Tax - Resident Individual,0.00,0.00,0.00,0.00,0.00,250332.00
"00189e5a6da510b2b08cfbba5f0bde2b74dd5837465755e4ad0599ab72408fda","2024",Income Tax - Resident Individual,0.00,0.00,0.00,0.00,0.00,0.00
"00079a0878c09f517b9b8656b9ea26547ac3410684c300ccc508d0e501271c68","2024",Income Tax - Resident Individual,0.00,0.00,0.00,0.00,0.00,0.00
"00084de72e87ff7dab8d4581f8be8e6a2ef123432e02442ee82d85f3b38f09ea","2023",Income Tax - Company,169800.00,230600.00,0.00,6542.00,0.00,0.00
"00079a0878c09f517b9b8656b9ea26547ac3410684c300ccc508d0e501271c68","2023",Income Tax - Resident Individual,0.00,0.00,0.00,0.00,0.00,0.00
"000d06149e87da072f207450c971b9c07aba318a6e5e66c43b94abc9156314cd","2023",Income Tax - Resident Individual,0.00,0.00,0.00,0.00,0.00,0.00
"001b0393967bf939f0e9c414aa784812b857cb0a2140c92e05ad96a050d1c0d5","2023",Income Tax - Resident Individual,0.00,0.00,0.00,0.00,0.00,0.00
"00084de72e87ff7dab8d4581f8be8e6a2ef123432e02442ee82d85f3b38f09ea","2024",Income Tax - Company,1754827.00,614682.00,45500.00,4235.00,0.00,0.00
"000181d37ca76a66f9fd2260f3713d5d1a864586d137b827a8c6952edc62b218","2024",Income Tax - Resident Individual,0.00,0.00,0.00,0.00,0.00,223470.00
ba9ba031bb2167e9b72a176ebd8c4c2572566574b09f8d0fcbc70c49f224558a,"2024",Income Tax - Company,2957466.00,23000.00,234423.24,19701.95,619336.00,16037.42
"91cee0bb5932aad28e9cc12be5d6e0d73264fa6a4f5c9009308950cc4c7705b1","2024",Income Tax - Company,7259604.60,0.00,0.00,0.00,1015074.00,22159.98
ab25f56f7ba8d1a58b99934098881fc3fa897e7f612b86c628b01cb642440065,"2024",Income Tax - Resident Individual,0.00,0.00,0.00,0.00,0.00,0.00
"54a92f6a6b819bd84d135163d1459d4f4c50a1830ab18a7864e0d2cdf0dafcf1","2023",Income Tax - Resident Individual,0.00,0.00,0.00,0.00,0.00,129538.00
"966385ff2c2a94a282e9a080241c8a59a547e03dfb7a0a1d0e0583182730e248","2024",Income Tax - Resident Individual,37540.00,31283.96,0.00,0.00,0.00,150824.00
e701b39c81fc3357f000e08e48de5b942d3819827524c3e9b674e75965358a8b,"2024",Income Tax - Resident Individual,0.00,0.00,0.00,0.00,0.00,0.00
"399e4fe1d2ace360f5c3966725674fde8ff82c8b129f604085cec863a956ea90","2024",Income Tax - Resident Individual,0.00,0.00,0.00,0.00,0.00,175846.00
e3907715f7513b4d97f137d85cb445df622c7d1ef50d45ba9bc666cfb522a976,"2024",Income Tax - Resident Individual,0.00,0.00,0.00,0.00,0.00,177792.00
"5adc393eca909cafa09d7f19b83ee94d4bd72a13a624dfbe00825e829e8fe55c","2023",Income Tax - Resident Individual,0.00,0.00,0.00,0.00,0.00,272465.00
"885bd8c64f65478800e3eb168e2d59a8d4bfa284ad1ebb0cebed6cb2e6785b87","2024",Income Tax - Resident Individual,0.00,0.00,0.00,0.00,0.00,302013.00
dae73ea3401751710e43f6f2fe595dce5c70958a025dc7d28bb1bd1958ba4b0f,"2023",Income Tax - Resident Individual,0.00,0.00,0.00,0.00,0.00,8172.00
f3830321e41b1047d38f1591e846f8232c13ac8fc1934256c038852d6666a17e,"2023",Income Tax - Resident Individual,0.00,0.00,0.00,0.00,0.00,0.00
a264392afe4483d3f14f699bd459c597b7fd329b75ecea21aacd6ff73b2ae167,"2024",Income Tax - Resident Individual,0.00,0.00,0.00,0.00,0.00,80378.00
f8675a8ea79eed4d532d4cc87aa337ec57061e03b150d9c19cec228c9febd878,"2023",Income Tax - Company,1908088.46,905743.00,0.00,14615.00,0.00,0.00
fc191d67420a93b3d139d9b55accf3b33cc4beccaf482d757da8d17a1f2b7f9d,"2024",Income Tax - Resident Individual,0.00,0.00,0.00,0.00,0.00,0.00
"4b317d9d9010d571029cd5a22a937a727f22a4e8b898a99cf1c7673bdf62118c","2023",Income Tax - Resident Individual,0.00,0.00,0.00,0.00,0.00,0.00
"229c2d40b2700c4d3faa2153388d5f9b888fc22deff6b5f5a9595cf0bc1213c7","2024",Income Tax - Resident Individual,0.00,0.00,0.00,0.00,0.00,0.00
e08aa0e80327c4e5748dda8888ff3684085d88d0afd46d916d7ee0d1c48b96ad,"2024",Income Tax - Resident Individual,0.00,0.00,0.00,0.00,0.00,0.00
a6ef255cf71858a0c506b9fa3abad33801892d9ea3257f44c52450ce155d56c5,"2024",Income Tax - Resident Individual,183682.00,0.00,0.00,0.00,0.00,215028.00
"5d4a26ad0fff67c2c1abbf221db7a298e030da2280999b3164adaa02d8eae302","2023",Income Tax - Resident Individual,1.00,0.00,0.00,0.00,0.00,10401.00
"000f83a1f56adf1211780b5f642e065328bc8ad23d7dcd0c60590c121d3ac889","2024",Income Tax - Resident Individual,0.00,0.00,0.00,0.00,0.00,0.00
"000de14826c86ae130601430feba4498a9bd5a7d0a01469596cea5da96ddbb00","2023",Income Tax - Company,83244709.00,2027893.00,5896842.00,2209777.00,4820943.00,1652363.70
"000f83a1f56adf1211780b5f642e065328bc8ad23d7dcd0c60590c121d3ac889","2023",Income Tax - Resident Individual,0.00,0.00,0.00,0.00,0.00,0.00
"000f5dbf6438e7d7fdd9cd0ca16afec2cbbeb683adf7329744dd4f87625998d4","2024",Income Tax - Resident Individual,0.00,0.00,0.00,0.00,0.00,234595.00
"000de14826c86ae130601430feba4498a9bd5a7d0a01469596cea5da96ddbb00","2024",Income Tax - Company,49456166.00,3558687.00,5345308.00,3215182.00,3289711.00,802676.40
"0002ccbcf1f6a09e2160061f8a8b779e0fe5a2e62f0ce811dc36c5b0531573e9","2024",Income Tax - Resident Individual,4611000.00,832600.00,0.00,0.00,0.00,0.00
"09d01df098e3e0bc9ff4bfb3448c76ae40db758ee69e57fdaf4c0673065cbbb9","2023",Income Tax - Resident Individual,0.00,0.00,0.00,0.00,0.00,0.00
b38a41f74a39def7e12358f5b78f0d725a7411e7d9c736e3be3f1b84f6467e83,"2024",Income Tax - Resident Individual,0.00,0.00,0.00,0.00,0.00,4289.00
"539268a6693853ce0aed615908f58ff3d1ff5c009ee7377ce839f61220c565ee","2023",Income Tax - Company,839440.00,755750.00,0.00,0.00,0.00,25107.00
"66fe1cfa8e6bcc93a7a485d5dac966e8484b6a4eeade54ee68fdc7cc4a3b7c20","2023",Income Tax - Company,27463.33,0.00,0.00,0.00,0.00,8239.00
"76abb043a1b4b2bee6e080965bed92b7bf0cc2ddfa91f460ff10d47f69d22930","2023",Income Tax - Resident Individual,0.00,0.00,0.00,0.00,0.00,127619.00
"99e271a82dcda277be5976d718a0ef74bc24d3c46a6fc6dd0b813ef01891c905","2023",Income Tax - Resident Individual,0.00,0.00,0.00,0.00,0.00,80620.00
"7700e98a647079cd0de1b3ce42b42d63384767902063fee6a52234f0b98523dc","2023",Income Tax - Resident Individual,0.00,0.00,0.00,0.00,0.00,2287.00
"2bc117bc3988f1908130a562bc2d94156b16fcd4b2a993e7ccbf991229f73ce5","2023",Income Tax - Resident Individual,0.00,0.00,0.00,0.00,0.00,115035.00
"55efc3255a26ce56dcdfcfe17b45fb94940d0fbe65e7743354bb5f3ed93029e2","2023",Income Tax - Resident Individual,0.00,0.00,0.00,0.00,0.00,52938.00
"1b23969c617aa6c70883521d261d575d43288d36b5f972f66217b3cc1e4fa259","2024",Income Tax - Resident Individual,0.00,0.00,0.00,0.00,0.00,0.00
"07e4b9b24b36081f1f2dd46d960e01f1046359f8fd2d6e668dcfa37314eee2a7","2024",Income Tax - Resident Individual,2166447.00,106402.00,793245.00,80406.00,165406.00,16117.00
f069c03ec6f7d370e83b709465648c4b99987107d5578af7dfd84a34f12671ed,"2024",Income Tax - Resident Individual,0.00,0.00,0.00,0.00,0.00,200202.00
"1b9a418693f46c14b5f922bbce80a80ec8bf05ae9b106ef8422cd16d506f5419","2023",Income Tax - Resident Individual,0.00,0.00,0.00,0.00,0.00,50691.00
"4ab4588cea0b5954ad0429b3fd8feeb8014bd314c007830ab1db3ad8be611ede","2023",Income Tax - Partnership,796529.00,36000.00,13850.00,16116.00,124385.00,0.00
"55fbb6dad7d00c80f1d134078704b48a8d758795e53ca39e1daacaf40891cb52","2024",Income Tax - Company,0.00,58000.00,0.00,0.00,29000.00,0.00
"25ac5dbcbfe0bb27c098c90873fe7e65516caac634cfd3bac503f4c35ac9cc68","2024",Income Tax - Resident Individual,0.00,0.00,0.00,0.00,0.00,39850.00
a586f6c743cac4fbb0165c47435369135cfedd41c1090f438edc3f9b2f920e9f,"2023",Income Tax - Resident Individual,0.00,0.00,0.00,0.00,0.00,0.00
ee85871347c4b72e715ddbdde51ca09d5d380be7ea00c7373a3881ed1874bf74,"2023",Income Tax - Resident Individual,0.00,0.00,0.00,0.00,0.00,113103.00
"337cfc518054a11e58e1af1c0a7f4ead0dc6c0682b32dcbe73d62e9807a99395","2024",Income Tax - Resident Individual,0.00,0.00,0.00,0.00,0.00,0.00
af5d66d9e7380cbcfea28b8d4b9b1dbb0802aee899a11868001ad041280551cb,"2024",Income Tax - Resident Individual,0.00,0.00,0.00,0.00,0.00,3934.00
"05a3629671a4ce76c78b5c6328c877044a0fb10ed4b9eac0db1f21861dc22f26","2024",Income Tax - Resident Individual,0.00,0.00,0.00,0.00,0.00,0.00
"855b994bcd58bc3c86e6dcdb3b1778b0ad0f89b596791c72b13a3977d8662bd3","2023",Income Tax - Resident Individual,0.00,0.00,0.00,0.00,0.00,0.00
"37d2f4f9a7193c428332be374b6c6caf2ed0a707232574a604c38ca97a4c3faf","2024",Income Tax - Resident Individual,1579380.00,1073257.00,0.00,26508.00,0.00,1170018.00
"4d797c203e3fb45e04e1ad714761fdf7b507a2fac5c96751d6b8a83f5e1fdcd2","2024",Income Tax - Resident Individual,0.00,0.00,0.00,0.00,0.00,0.00
"00136f3813b3e7cd89033bfe12521a24556b64a7595d1db8a2fa73d147668541","2023",Income Tax - Resident Individual,0.00,0.00,0.00,0.00,0.00,0.00
"00046b19b245325bc46345c72c5947d62f1e0e81cff109d6e8b664f67225863b","2023",Income Tax - Resident Individual,0.00,0.00,0.00,0.00,0.00,0.00
"00059f74260962ddb1bcd31148a3476e14c07d51222ce0282b0969f8ac817c34","2023",Income Tax - Resident Individual,0.00,0.00,0.00,0.00,0.00,0.00
"00059f74260962ddb1bcd31148a3476e14c07d51222ce0282b0969f8ac817c34","2024",Income Tax - Resident Individual,0.00,0.00,0.00,0.00,0.00,0.00
de904e5e072884cd6100d8f4c4622b1065a7b893d4df4e24af1177f785c6f7d1,"2024",Income Tax - Resident Individual,0.00,0.00,0.00,0.00,0.00,0.00
"95bf4b3a431d9ea18be82649726131ac5cc05c8b9fc78df2348932b73ecad1b9","2024",Income Tax - Resident Individual,0.00,0.00,0.00,0.00,0.00,445274.00
b8f228f0cf466ef06d3554375f94e2b650f21bb4c63f54b967dc90a3eea49ff6,"2023",Income Tax - Resident Individual,0.00,0.00,0.00,0.00,0.00,0.00
"5d865c04b6e2de67baab7c8ed7de56f3c515ad3da0a6d03d70b1bf0a7e1d982d","2023",Income Tax - Resident Individual,0.00,0.00,0.00,0.00,0.00,453916.00
"0a8d5c441115399a419ec5a70578d909ecea069f485ed9dafe757ac2b447d403","2023",Income Tax - Resident Individual,0.00,0.00,0.00,0.00,0.00,0.00
"55233db6ce5f9053979c4ccd8a9d94428b6fcebb4c4e9db26eafab0c664fde31","2024",Income Tax - Resident Individual,0.00,0.00,0.00,0.00,0.00,0.00
"0567641dc441d63da2c56ed2dd2b7700fd069ea2c41a1303f4cc38e88551e8e8","2023",Income Tax - Company,540843.00,4100.00,303300.00,0.00,109475.00,0.00
f37f36541e2c0fae77172db4e919e66eba46dfdf7497f9e466426476e9fee0eb,"2023",Income Tax - Resident Individual,0.00,0.00,0.00,0.00,0.00,47455.00
"001140b4d4f16da258d965d2c7c9e6331ee6c456d89b4a49abb7a8eac2a4e9b0","2023",Income Tax - Resident Individual,0.00,0.00,0.00,0.00,0.00,0.00
"001140b4d4f16da258d965d2c7c9e6331ee6c456d89b4a49abb7a8eac2a4e9b0","2024",Income Tax - Resident Individual,0.00,0.00,0.00,0.00,0.00,0.00
"001333b117baba527c48ceaf53f4d9ece5928342114fe70e65007bacba834f60","2023",Income Tax - Resident Individual,0.00,0.00,0.00,0.00,0.00,56091.00
"000907b21ac0c8be1676bd97d777da23eec17039241cac8fdd7dd7e9d0afad65","2024",Income Tax - Resident Individual,0.00,0.00,0.00,0.00,0.00,0.00
"00180e982d7e77b92cdf5095704aac19d797f2fb5df760295b04ee0ded28648d","2023",Income Tax - Resident Individual,437175143.00,63786.00,4156488.00,0.00,16492863.00,110600.00
"00180e982d7e77b92cdf5095704aac19d797f2fb5df760295b04ee0ded28648d","2024",Income Tax - Resident Individual,364588031.00,63786.00,3516059.00,0.00,14138310.00,75293.00
e8e50258d82c9769b0ffe607a2ed236989f586741376f73e34ee9c4d116c88bc,"2024",Income Tax - Resident Individual,0.00,0.00,0.00,0.00,0.00,0.00
b389509ad9cc64eced99c3e45ee2b51f49d8b4957e327ff73dfe7cec8709c712,"2024",Income Tax - Resident Individual,0.00,0.00,0.00,0.00,0.00,86736.00
"2f281633bf197e933d490c457f3ddc7df094969bb682ee8be4ebd76319cbda93","2024",Income Tax - Resident Individual,0.00,0.00,0.00,0.00,0.00,0.00
"2dfd5d808b9e3608465e6a4a52962ca70d85ae76f46daa3bdf17007e59e04ad4","2024",Income Tax - Resident Individual,12940.00,10783.55,0.00,0.00,0.00,0.00
"7769b8eef8071b6f3b52120496521468a6138c8e9e8394e10d8c1b7686e4f3a5","2023",Income Tax - Resident Individual,0.00,0.00,0.00,0.00,0.00,520.00
"7a4dac93ceae1bcff658ad45323071c756ab485a65dede6830fbd93525af1d88","2024",Income Tax - Company,2185599.25,2231210.00,1613155.49,67068.16,280918.20,0.00
"67237ed674e607efa310f2e8d9bc1aa2bdcac48a475a3a9fe612f6dc43ab3b8d","2023",Income Tax - Company,129074.00,13920.00,7567.00,14550.00,51724.00,22.20
"6bfb20b7cc7d0995442c9d73a9dac2070a213d9193f9cb1b708101d1474b69d9","2023",Income Tax - Resident Individual,0.00,0.00,0.00,0.00,0.00,0.00
"59fb4a3c2b6304ac24c26a401a2e2fede941ed9b78231ac26b79b6fb9cd7985e","2023",Income Tax - Resident Individual,0.00,0.00,0.00,0.00,0.00,0.00
"22d009b2d55fff5e907bbb01e1640ae9d2793bcc5e0084f2dab042caa3c30dcd","2023",Income Tax - Resident Individual,0.00,0.00,0.00,0.00,0.00,0.00
c6c5e19d84c0d6356af5f101391a2eb73062788ee23faeefab8a86992fad412d,"2023",Income Tax - Resident Individual,0.00,0.00,0.00,0.00,0.00,4708602.00
"1b1e49e52a6adc829ff224578cbe95eb499247fc7b4d89eb27078e0588e30a9e","2023",Income Tax - Resident Individual,0.00,0.00,0.00,0.00,0.00,131949.00
"0f38d157ee5e120753c924f05618c7bb1ae4f180e73aac23339333f73f132b0e","2023",Income Tax - Resident Individual,0.00,0.00,0.00,0.00,0.00,20816.00
"8eac8d080bdef701dc1f59249a4bb635318adf98f8e7f1e7797c4697d2e78466","2024",Income Tax - Resident Individual,0.00,0.00,0.00,0.00,0.00,166648.00
"961daf26bccdc15d3ad59df06a9fa6c89c10002df279c7ae383b7eb35b405e49","2023",Income Tax - Resident Individual,0.00,0.00,0.00,0.00,0.00,0.00
"72e4a340a254047be6b2c55d78f351efc6e26df00dc8d8447cecb18aa47bfd9a","2023",Income Tax - Resident Individual,0.00,0.00,0.00,0.00,0.00,266273.00
"000e1ba07e4a62dd47d25aa1b6c881173930c90f7ed3bbf7757a65bbf7e6911e","2023",Income Tax - Company,0.00,0.00,0.00,0.00,100000.00,0.00
"000abf36f0dc59b85529d391a0d6d8b1ffb35fd1d2c2b2d7ef20504773e2fbed","2024",Income Tax - Resident Individual,0.00,0.00,0.00,0.00,0.00,192814.00
"000e1ba07e4a62dd47d25aa1b6c881173930c90f7ed3bbf7757a65bbf7e6911e","2024",Income Tax - Company,0.00,0.00,0.00,0.00,100000.00,0.00
"000b672bd0dd6a7719b66620e8e22b547cadb00d3f5a6a1a263fda68797d4614","2023",Income Tax - Company,0.00,0.00,106068.00,0.00,0.00,0.00
"001bf6403db5de68047096249873747796a34374738ea06d8cdf1054c828aa59","2024",Income Tax - Resident Individual,0.00,0.00,0.00,0.00,0.00,44216.00
"0010eb202c3f7ffcabd101377e35fa1e9c8b02df86da4438c47ccf7d50cf80a4","2023",Income Tax - Resident Individual,0.00,0.00,0.00,0.00,0.00,316866.00
"000c12fcbc3d1f86bf2c62eef5048c3c6f2d84e877d30f560a6880e1fdccd65a","2023",Income Tax - Resident Individual,0.00,0.00,0.00,0.00,0.00,0.00
"334568ac3e030b7035ded1be0ab46fe63d96e9f9773473ae91fb37dcebd6bff3","2024",Income Tax - Resident Individual,0.00,0.00,0.00,0.00,0.00,655130.00
"7df19c1c94df5250a06afbf3bc7cabee663133457c6e390d80ba8750186bcc40","2023",Income Tax - Resident Individual,0.00,0.00,0.00,0.00,0.00,115982.00
dc85404214374506d432a2a4f4d7fabbe56f505e984c201027af56df23ea4483,"2024",Income Tax - Company,136.68,0.00,0.00,0.00,0.00,41.00
bf62aa3cb7b8b6ea88c122323fd3de5d6cadc1d1715c19c36bb5c09caaeaff88,"2023",Income Tax - Resident Individual,0.00,0.00,0.00,0.00,0.00,19690.00
"1f6ab216a5d115a87fc0197154cb0d9025ba2c20a7d68fbf8862e6c04e59399e","2024",Income Tax - Resident Individual,0.00,0.00,0.00,0.00,0.00,0.00
aa8781402d185e4ed13884d7b69659f36874dc96b726256cbc02df0b7d627c1a,"2023",Income Tax - Resident Individual,0.00,0.00,0.00,0.00,0.00,58385.00
"845488d4be02cfd34c6dffbc3b994ab147e7c6850bb6e572f23820850d3ffefe","2023",Income Tax - Resident Individual,0.00,0.00,0.00,0.00,0.00,208243.00
dd1f337de9843069e96f0cbf7abedabd1c5e3f424ad6584eb3e2397cd20152e1,"2024",Income Tax - Resident Individual,0.00,0.00,0.00,0.00,0.00,15992.00
"5574fc889f1502c269349543c28b55de1e2d70e8b2e1549af7b4d56fab1b811e","2023",Income Tax - Resident Individual,0.00,0.00,0.00,0.00,0.00,0.00
f61881bb287d63fe667b70c84f101bd300f0739c577ff6f446e2a163c69ec691,"2023",Income Tax - Resident Individual,221060.00,70000.00,0.00,3727.00,0.00,1158636.00
"886096cde1697926b02ea06285019c02fa12e61c5450d723f42bd56b157d4075","2024",Income Tax - Company,23579229.00,632078.00,1172530.00,1379954.00,2338362.00,439009.20
"2b353b4ab81a45c37d921f9b4a2e7574e531aafa9b6e6c50c8ac141f946bbbcc","2023",Income Tax - Resident Individual,0.00,0.00,0.00,0.00,0.00,642585.00
d4b6712a2aa56fe1a1a8907b11ca1baf79bac8b184d65bada82ab6e8d76d63ae,"2024",Income Tax - Resident Individual,0.00,0.00,0.00,0.00,0.00,194187.00
"88bfe74369bf45ad83a3cc8182c18737be3550bbf26f5301e9a61684cda1ce2d","2023",Income Tax - Resident Individual,0.00,0.00,0.00,0.00,0.00,0.00
"475eee51da0636444923250110442a21bcb3a21866afc301e39d1d97ebb113d2","2023",Income Tax - Resident Individual,0.00,0.00,0.00,0.00,0.00,261583.00
"046d9efbebf1065134df98a30ffe0aead91ac4fef010c7e58125ea7c7ff73c31","2024",Income Tax - Resident Individual,0.00,0.00,0.00,0.00,0.00,0.00
"9d5aa6dbc2309527c1243d9aad1a41d3f9f3fdd7f0b59ef50a5679dc394622fd","2024",Income Tax - Resident Individual,245000.00,82444.00,0.00,0.00,0.00,187062.00
"0010eb202c3f7ffcabd101377e35fa1e9c8b02df86da4438c47ccf7d50cf80a4","2024",Income Tax - Resident Individual,0.00,0.00,0.00,0.00,0.00,377036.00
"000f05b444c092d1ceea1e2902e88de588e3f5b1f53940852e9dc04c9c614e78","2024",Income Tax - Resident Individual,0.00,0.00,0.00,0.00,0.00,0.00
"0004a1bde70ab12c2b1963e570a85118c4aee57602264cdc5047f15f8f07a7dd","2024",Income Tax - Resident Individual,0.00,0.00,0.00,0.00,0.00,398356.00
"0002b36499700543062d01df5bdae5544b9baaef61bc76b5a682bf803d87d833","2023",Income Tax - Resident Individual,0.00,0.00,0.00,0.00,0.00,0.00
d0fcc313a0903ab7cbd9e5ba13034b70e2c8811ada3d41cf129a683957fbc6de,"2024",Income Tax - Resident Individual,0.00,0.00,0.00,0.00,0.00,0.00
ddfd2d0eec5e21b5cdb25cc8458cd63ebf1d508e55a692893aea60c80537146f,"2024",Income Tax - Resident Individual,0.00,0.00,0.00,0.00,0.00,0.00
"4186ebc1b6ec62a16d91a025940ad3a361db31af8f0465194aafcd57474bb64e","2024",Income Tax - Resident Individual,0.00,0.00,0.00,0.00,0.00,0.00
"138666928be784bad4e8213189c72839d5e385b2b9716191a16cca44d5199bec","2024",Income Tax - Resident Individual,0.00,0.00,0.00,0.00,0.00,6850.00
e94ddcf4a9055ed856de9421449ff87a2ecfea6babb9c1185325b3b27c374ad3,"2024",Income Tax - Resident Individual,0.00,0.00,0.00,0.00,0.00,0.00
"648fc31abfd687b66cf2d7af896d7d9f4e21777d5bc3aab802f66da367b161e6","2023",Income Tax - Resident Individual,0.00,0.00,0.00,0.00,0.00,63378.00
a0f63ceacdd2d14648e69cd1c22b085c1e7c501bbd7e811f8667a913016a0e7d,"2024",Income Tax - Resident Individual,0.00,0.00,0.00,0.00,0.00,312149.00
"1dee9e4cf28b10a52c44086b6ce5534dfce0c4aabf034c7b4820ffa4db7bc076","2024",Income Tax - Company,8477800.00,107184.00,345578.00,459125.00,434700.00,31433.70
"8fa28e6f90ae033a651545f7f1ca94bbe1112abefbd65a7e93f8273d839de359","2024",Income Tax - Resident Individual,0.00,0.00,0.00,0.00,0.00,286623.00
ae8e4045ef57f390fca446ef631ed50ff03da401be1f23fe3b73dd43681dce4d,"2023",Income Tax - Resident Individual,18300.00,0.00,0.00,0.00,0.00,0.00
d8b7f7e29a95f372e4e90860680a0f43b1c4542808eb4879d769de0259945d6c,"2024",Income Tax - Resident Individual,473700.00,25200.00,0.00,1555.00,297000.00,0.00
d860e81dc14686ae54130d247df16ceec5ec88a5e60b4c6dd68bb253e62c39a0,"2024",Income Tax - Resident Individual,9500.00,8950.00,0.00,0.00,0.00,60529.00
"1f6a185fda9bc55c0574c4e2db6a4f1965c9211a6e6d8d699a1ed8561a951b2c","2023",Income Tax - Resident Individual,1345000.00,275500.00,0.00,0.00,365600.00,83770.00
"450247c4899090dc69a7a6df5767da0c040ec6fbf98ec519cb8b1dcaeee324e0","2023",Income Tax - Resident Individual,0.00,0.00,0.00,0.00,0.00,0.00
d50eb855ebe19a1efcce2a7003913733c5f3ee84615ebd7a5fab4d7a54a2872f,"2024",Income Tax - Resident Individual,0.00,0.00,0.00,0.00,0.00,24390.00
"3f89c38e5114d86d673cd5d670ca1532c18e079bfa207aaad8cc9106ec5a13b1","2023",Income Tax - Resident Individual,0.00,0.00,0.00,0.00,0.00,0.00
"86797ed681ed3f957c9e2f237daa7877958640a66ed3cb7c81547758c9a743d9","2023",Income Tax - Partnership,4644668.00,252910.00,39591.00,12446.00,119264.00,0.00
"4e622b5f79b16d38f2647a35bdfccfa77b3981fb3a3e2f56caf471f7e568927a","2023",Income Tax - Resident Individual,0.00,0.00,0.00,0.00,0.00,66406.00
"000c9d8741c1f08fc19c7449dfffafb80eab35ddbfc30b206ad5a82013c6dc3d","2023",Income Tax - Resident Individual,0.00,0.00,0.00,0.00,0.00,0.00
"00051efc71497c7b4c55dfc7134c2a58333ec60401c1b244b83654e328d77345","2023",Income Tax - Resident Individual,0.00,0.00,0.00,0.00,0.00,0.00
"0015d1b876e70c9426adfd43f98097be641387e468fb43009853cc546b7db96e","2023",Income Tax - Resident Individual,0.00,0.00,0.00,0.00,0.00,0.00
"000ecf075565e0203acecdcc7e43ef0683aed41178a2ee1c559f7e01b052c336","2023",Income Tax - Resident Individual,0.00,0.00,0.00,0.00,0.00,109598.00
"000ecf075565e0203acecdcc7e43ef0683aed41178a2ee1c559f7e01b052c336","2024",Income Tax - Resident Individual,0.00,0.00,0.00,0.00,0.00,123939.00
"001b7fb3b62a5390827a8f1eaf147cf71560670614a22d8e07ec60a4e321d4f1","2024",Income Tax - Resident Individual,0.00,0.00,0.00,0.00,0.00,74622.00
"578eeee3f0d0555902087976d276c4f51697eebbe119834c94729d72887da44d","2023",Income Tax - Resident Individual,0.00,0.00,0.00,0.00,0.00,0.00
"510e209e0d99c47476fa4946408658896a1226aa1ae9e230b6ec6be731c9f4c0","2024",Income Tax - Resident Individual,0.00,0.00,0.00,0.00,0.00,0.00
"37f363dcdc3b7cd97c7aa4856cfb25e2422e4d6b173719992e8bdc297214c9ad","2023",Income Tax - Company,96816917.00,3354508.00,8562744.00,4218779.00,1081583.00,0.00
fa44b1e2e37fbafaf4ece7daf91e045e79668121117272a2c9a9b2dd2b87a2af,"2023",Income Tax - Resident Individual,0.00,0.00,0.00,0.00,0.00,0.00
d243576ddaafd4df0a174f5a8ff536136ea8311ed0ff27cc90cced42cb75a1ec,"2023",Income Tax - Resident Individual,0.00,0.00,0.00,0.00,0.00,151109.00
a8b637b4ec39cc153423b425df75f2845c9bb96232a869318033657a48918a9f,"2023",Income Tax - Resident Individual,0.00,0.00,0.00,0.00,0.00,0.00
"1dda9e224261eb6147cdc3375d5209c8379363f03afd82b7a1fbdbbb666ae07a","2023",Income Tax - Resident Individual,0.00,0.00,0.00,0.00,0.00,180347.00
b0d68b55290be4ad2893acecc5a976bfed0e610f7d1edd22eeaaec54e95fd295,"2023",Income Tax - Resident Individual,0.00,0.00,0.00,0.00,0.00,31576.00
cf2000cfd91a6a6e076169c00216b33aa2e4cc1e581bc811c1190c903cdcee51,"2023",Income Tax - Resident Individual,0.00,0.00,0.00,0.00,0.00,26894.00
"0a4e2773fd1d1c5abfe532470c9b725b4094bbe4787bf116925c1e4c49916948","2023",Income Tax - Resident Individual,0.00,0.00,0.00,0.00,0.00,0.00
fb9a0147d9f2691fbfdfb2be847388480b88119752c1655245e26cd7b9bd0089,"2023",Income Tax - Resident Individual,0.00,0.00,0.00,0.00,0.00,0.00
a99d96d0c4cc9228db01ab689699582ad17a030332bb822d9dc476d06ab3617a,"2023",Income Tax - Company,689600.00,494780.00,0.00,90246.00,0.00,31372.20
"2ebf25dcdfe89636becb009663e000547d96d8656e2c51c6336526404526db0d","2024",Income Tax - Resident Individual,0.00,0.00,0.00,0.00,0.00,8340.00
e18881f5012ad6a3eab1cca2f985cd79025812c844680cf67af7cf2d4c79ed01,"2024",Income Tax - Resident Individual,0.00,0.00,0.00,0.00,0.00,0.00
e78146f118d1ec5d8d2efb109c7b6c228327e5730bce30f69f8dde5089d48c85,"2023",Income Tax - Resident Individual,0.00,0.00,0.00,0.00,0.00,0.00
"25ee49ddd371921c39beb80030927934f48ee227d8c7741b189e3244a9b4aec1","2023",Income Tax - Resident Individual,0.00,0.00,0.00,0.00,0.00,0.00
"83dc61f9ff6ec4f8350e1f60516adb63a141412a8354cb6568f9fec3467a6176","2023",Income Tax - Resident Individual,0.00,0.00,0.00,0.00,0.00,0.00
ffd7e6dc47df1723145dd1edade747e3b7b3d7e34c8f404344840206b318d477,"2024",Income Tax - Resident Individual,0.00,0.00,0.00,0.00,0.00,0.00
"0002e70f3bf9c31b94e0ba70eaa83fea46b9d8f6333c570899bdd40dd8ec3ac2","2023",Income Tax - Resident Individual,1.00,0.00,0.00,1.00,0.00,389900.00
"000520917906178086f61f3df041a1c9b4e1ec8e4f25f760b758706a1b01fc26","2024",Income Tax - Resident Individual,2427984.00,590000.00,200000.00,0.00,0.00,276047.00
"00168ffec60c61f28801d33e2176dc81b6c90704026ac73fbae765f338adfcb4","2024",Income Tax - Resident Individual,0.00,0.00,0.00,0.00,0.00,55450.00
"0002e70f3bf9c31b94e0ba70eaa83fea46b9d8f6333c570899bdd40dd8ec3ac2","2024",Income Tax - Resident Individual,1.00,0.00,0.00,0.00,0.00,0.00
"000b818ae7286e024728bac45dfd5b559044f1b11a5eb4ea2644b7020a724e1c","2023",Income Tax - Resident Individual,0.00,0.00,0.00,0.00,0.00,0.00
"0007e079bd394c13476c7a7c458f750af4169b592ad62433b05c0346e5ea284d","2023",Income Tax - Resident Individual,0.00,0.00,0.00,0.00,0.00,106241.00
"0011e5d9efee589961776ea37605e957b6f26ac636a3414c14d38d0253b7ff4d","2023",Income Tax - Resident Individual,0.00,0.00,0.00,0.00,0.00,1963934.00
"00168ffec60c61f28801d33e2176dc81b6c90704026ac73fbae765f338adfcb4","2023",Income Tax - Resident Individual,0.00,0.00,0.00,0.00,0.00,114235.00
"0011e5d9efee589961776ea37605e957b6f26ac636a3414c14d38d0253b7ff4d","2024",Income Tax - Resident Individual,0.00,0.00,0.00,0.00,0.00,1977881.00
"0009db080ff467ea36a2c0cb16d3c8527c0b1838f3da634c999cc8780faee007","2023",Income Tax - Resident Individual,0.00,0.00,0.00,0.00,0.00,463662.00
"79f577586a3b25244893ed5df88cbc3dbb8186ae726d069ec83e2326b3dcb7df","2023",Income Tax - Resident Individual,0.00,0.00,0.00,0.00,0.00,176889.00
"7f044424e77d6522ceb2f594db675a950833a76fdaf0a34cf3d9d03f8d5e1f82","2024",Income Tax - Resident Individual,67320.00,4000.00,0.00,0.00,0.00,580788.00
a871abb6c497700ec05cedf4854bcc9e4eb08ed328eb6695199c1200d513e300,"2024",Income Tax - Partnership,3985450.00,628854.00,0.00,55360.00,0.00,0.00
a1b8b8913eb338148d62921ef6c349342514c0d0eed0718a7b684d67cd953872,"2024",Income Tax - Resident Individual,0.00,0.00,0.00,0.00,0.00,0.00
"528022e31bdf3f1e49689922d7ed03311c33ba92601c1328b26a4cae6b540888","2024",Income Tax - Resident Individual,0.00,0.00,0.00,0.00,0.00,102991.00
d8cc4ee52ec6e350a32f8aac887d6eeebc554c342399929420929b0f5f96df34,"2024",Income Tax - Resident Individual,0.00,0.00,0.00,0.00,0.00,0.00
"56ea1ab5dcc54e5ba430014c5f398e88815eb897bfcaffa8443d21cdf066aed9","2023",Income Tax - Resident Individual,0.00,0.00,0.00,0.00,0.00,1224498.00
"4c5a690675e99cf4534c4518e1a9f3d5fda52cbbe345c370a20525d7ff1b7a0c","2023",Income Tax - Resident Individual,0.00,0.00,0.00,0.00,0.00,0.00
b44d65d0baf17392b03e7c4d4e1796f80f3ed180c0ebf428c1d10a2f9f4931d4,"2023",Income Tax - Resident Individual,0.00,0.00,0.00,0.00,0.00,0.00
b8fa2f9410854726b2bf9024304f29b363eaaf60ff4cd93dd7286225cea3cbeb,"2024",Income Tax - Resident Individual,0.00,0.00,0.00,0.00,0.00,0.00
"2ded139f0820abd9116fac474c1cbc21fe3a0151ed320afcd2272d12b586d431","2023",Income Tax - Resident Individual,0.00,0.00,0.00,0.00,0.00,0.00
"3dfa47f684a9d33157f0eee8af9622fbefec6da35118c89543d860bc0b345f65","2023",Income Tax - Resident Individual,13158.00,0.00,0.00,0.00,0.00,1214534.00
e7a1bff5d240dd5e2993a55ed930ae947e0624fa4cc8127fdafd0108645db697,"2023",Income Tax - Resident Individual,0.00,0.00,0.00,0.00,0.00,0.00
"81ad11829bfd2bcfd925a0d952d4993c49e4fa70a4634480486caa3f73dbd358","2023",Income Tax - Resident Individual,0.00,0.00,0.00,0.00,0.00,0.00
a04c907420cfb0e2b67aec4ea62ca2b17a0b505c67980a932a46cd1e7d89d010,"2024",Income Tax - Resident Individual,0.00,0.00,0.00,0.00,0.00,24182.00
"275c6c013f68e466586264d2bcd70088c15dcf55c488c5f921f99b06f0298e4c","2024",Income Tax - Resident Individual,0.00,0.00,0.00,0.00,0.00,-5000.00
"853164aaaeb18a5d9fe9f0240cefbdba5f4f3276661afb1d5318c7ac5050c152","2024",Income Tax - Resident Individual,0.00,0.00,0.00,0.00,0.00,227604.00
"9b557b7f5f768b6ba0e081ad60b1b7b37307b5f4dd360b83a879381adbeeff07","2023",Income Tax - Resident Individual,0.00,0.00,0.00,0.00,0.00,47455.00
"71c6742a88e70bbf9d4daf34a4ce393d2c2d0c5d239460e95d0bc9508588c645","2024",Income Tax - Company,0.00,0.00,0.00,0.00,261.00,0.00
"5405078f917959549447408d00e39d23ab2c9653574cc196f8e7167245ecd620","2024",Income Tax - Resident Individual,0.00,0.00,0.00,0.00,0.00,272079.00
"00117818759904fb204e2ee3d38af7aa6779c1d70765e5987ce331690b99afac","2023",Income Tax - Resident Individual,0.00,0.00,0.00,0.00,0.00,0.00
"0009db080ff467ea36a2c0cb16d3c8527c0b1838f3da634c999cc8780faee007","2024",Income Tax - Resident Individual,0.00,0.00,0.00,0.00,0.00,596943.00
"0004f4fed567d8b41b20799805836565f4202f87722ba0a1e34a35d30ad130f3","2024",Income Tax - Resident Individual,0.00,0.00,0.00,0.00,0.00,184272.00
"000163087b0a0a06cf3f028bf9e12766defc6ac3ffa13f53ff87289740101328","2024",Income Tax - Resident Individual,0.00,0.00,0.00,0.00,0.00,0.00
"0007bd9f63f120dbe5955a009a125f16418cab6ce8d1abe0089393c8c6732105","2023",Income Tax - Resident Individual,0.00,0.00,0.00,0.00,0.00,189769.00
"000163087b0a0a06cf3f028bf9e12766defc6ac3ffa13f53ff87289740101328","2023",Income Tax - Resident Individual,0.00,0.00,0.00,0.00,0.00,0.00
"793674bfeb499f94714042d838e20dd32b66036bf710a56a3b50c582aea88ef6","2023",Income Tax - Resident Individual,0.00,0.00,0.00,0.00,0.00,0.00
"0d9a386f7ab9f781eddd9d9f05a5a14fa0c77c53e3444b9d879c84fdd6e3b078","2024",Income Tax - Resident Individual,2730458.00,1934600.00,0.00,111400.00,0.00,142738.00
"8c4f6f2c3f881d29102dab72d5e34a795780e35ed7b2b668d5a53c6992b7c838","2023",Income Tax - Resident Individual,0.00,0.00,0.00,0.00,0.00,0.00
b49f145fc4c40ddc1f4a65c8f1be6fbb8378bc4fbcc43f0014eadccdb644d564,"2024",Income Tax - Resident Individual,0.00,0.00,0.00,0.00,0.00,34795.00
a092d4aa3a640190bcf5e837ffe433acc7f554ab235b47d6d2af3833d3d27416,"2024",Income Tax - Resident Individual,0.00,0.00,0.00,0.00,0.00,0.00
"1f93d07d8172966c85fd6569890c5c79150c7f1c1bf3f4d2fa8cef354e26909e","2023",Income Tax - Resident Individual,0.00,0.00,0.00,0.00,0.00,31446.00
"10f3710f3273ac4a12e0596d8e2b0d911f62186b596dd5af9290cbdb1e140f7b","2023",Income Tax - Resident Individual,0.00,0.00,0.00,0.00,0.00,7287.00
"9857158dc02cb540249b76c134853a2cdb4a68a3a69fa787ab596ce527d8898b","2024",Income Tax - Resident Individual,15.00,0.00,0.00,0.00,0.00,1.00
dab83f962a9b7417d54265cf31032fe6af383cb68bc0b4b274161733533ae252,"2024",Income Tax - Company,4742087.00,999822.00,931191.00,367691.00,1677258.00,0.00
"7bab3f8662730e261c20035c17642baf5de5f2da48313d425e027ba141ec98ef","2024",Income Tax - Resident Individual,0.00,0.00,0.00,0.00,0.00,0.00
"7705ff4f23954f5a2f07ed1a0edb7a112f0f92629c2f6612fb3daba51d94ae7b","2024",Income Tax - Resident Individual,509735.00,379679.00,0.00,0.00,0.00,197614.00
"0278c9fd19987b4e746f6f124c6b2a9a034abfaf5ca77bbe993b689858808aef","2024",Income Tax - Resident Individual,0.00,0.00,0.00,0.00,0.00,0.00
eb2864b4849651919d9374eb5a6cbda73053c68b96e703d2b83af774a84315fa,"2023",Income Tax - Resident Individual,0.00,0.00,0.00,0.00,0.00,0.00
"599570533a30056d7581802985e7aee1054369889dda884efc2d72d5bfae43e7","2024",Income Tax - Resident Individual,0.00,0.00,0.00,0.00,0.00,222036.00
db7f62a13eb3e412d15b126bfa7a6f67fa79128437a88d03bbccba649726f18b,"2023",Income Tax - Resident Individual,0.00,0.00,0.00,0.00,0.00,179049.00
e113858e1189ae18d7f9a03aafc9b26045cd41d88252818f08ed42765cebf6c9,"2023",Income Tax - Resident Individual,165120.00,0.00,0.00,0.00,0.00,0.00
"59824f046cefb386c555bef6212396a4c09942f4357617fa8fe6dfec11cf00cd","2023",Income Tax - Company,0.00,20000.00,0.00,0.00,8000.00,0.00
"1122976e686ba31f1fe919012f79d1cfbd1c1560a64872a1726a091ecf416455","2023",Income Tax - Resident Individual,0.00,0.00,0.00,0.00,0.00,0.00
"8af2f7e4f2cbae9fc06ff60d3c5fb12a2b537650eb297da5cde178c5c8489c35","2023",Income Tax - Resident Individual,7847199.00,3574117.00,2520000.00,87476.00,0.00,426871.00
"237fd48efb330a2f0480e8c2fc0a305e7711f30b7e3c3b15272c1a8328ac5f02","2024",Income Tax - Resident Individual,0.00,0.00,0.00,0.00,0.00,198415.00
"8f5f4be038c5f0d4962ed89165904a0031220d7bd03cc3b94902371e90b0264e","2023",Income Tax - Resident Individual,0.00,0.00,0.00,0.00,0.00,153307.00
"6a5411eaa8abacaa60870c75f800fe2fe2ba4721919404bc2d91ef8ec16afcab","2024",Income Tax - Resident Individual,0.00,0.00,0.00,0.00,0.00,49943.00
"000589f7dd1db12b6af0f8b25236ef477aa1b383bf1c5d3c76a3ec42756f6973","2024",Income Tax - Resident Individual,0.00,0.00,0.00,0.00,0.00,5233.00
"0002a1d62fecb1dd0e5d5ff53ff02a22627deaa0a76d65853d10076bb885ed42","2024",Income Tax - Resident Individual,12236078.00,315000.00,0.00,3864.00,54000.00,4196.00
"000cf51fd3ec401cce83d9abb6e6a4d6c64f8a59fd86a0f07d3c932f4e39e90c","2023",Income Tax - Resident Individual,0.00,0.00,0.00,0.00,0.00,0.00
"0015293ca77b39051a1f7184a747fe936e2f9504cec6ee7e0c4637a69867eeaa","2024",Income Tax - Resident Individual,0.00,0.00,0.00,0.00,0.00,0.00
"0018e82d0eeae01748e316bf9dbe7ef2fd7638c86c5c798b7a919c0554c3ac87","2024",Income Tax - Resident Individual,0.00,0.00,0.00,0.00,0.00,203613.00
"000580f658250d7116764f57e293840b8a1c985ef29fd4906f5676e626c1969b","2023",Income Tax - Resident Individual,0.00,0.00,0.00,0.00,0.00,2000.00
"84a9a947992ef44cc46a498ebbf0cfbfa5937c916e3764148cb20854e8626f54","2024",Income Tax - Resident Individual,0.00,0.00,0.00,0.00,0.00,226028.00
"26bb86ec733b7fd1ed22ea7af167980afcf83d2d67c9d0722743e96630f60bb8","2023",Income Tax - Resident Individual,0.00,0.00,0.00,0.00,0.00,0.00
"6ecbbdb17e38f8e0b4b61b9410e51fd22c5498912d19c4183d5cb6bf0d55ca2f","2024",Income Tax - Resident Individual,0.00,0.00,0.00,0.00,0.00,0.00
dae3ed10ae3e98b6e7786fedcb750253471e13ec92dacf5b9bae2ae285fdf6b5,"2023",Income Tax - Resident Individual,0.00,0.00,0.00,0.00,0.00,0.00
"62103b25077b71dd6cbe7c48f264ce492a654cecf82e143cd0011dca4fb78141","2024",Income Tax - Resident Individual,0.00,0.00,0.00,0.00,0.00,0.00
"082f2ab77516357a6df68da9f89dff33b6a7693918708fa78a9ea2efb791cb79","2024",Income Tax - Resident Individual,0.00,0.00,0.00,0.00,0.00,0.00
"51865a7992c7f8c974952d652becd3d3185de350451851cedd129aeb5b2e3a0c","2023",Income Tax - Resident Individual,0.00,0.00,0.00,0.00,0.00,1426435.00
"985eb5cc97b8a0c137638a9686f782f77c60b5955abce7b04fb56b38c676ab20","2023",Income Tax - Resident Individual,0.00,0.00,0.00,0.00,0.00,0.00
b03fa35f2a9e74038043bf01b64f309da69456f89e08d1f1b45d0858a1a72acc,"2024",Income Tax - Resident Individual,0.00,0.00,0.00,0.00,0.00,208041.00
"7cb9ad82df4adc24116f1a9748af97100f6014c26a448634544e4de3b79ce29d","2023",Income Tax - Resident Individual,0.00,0.00,0.00,0.00,0.00,0.00
"02e565b896badc5337afe6621e9177e09e849617b1ef2c49a12951748e00998a","2023",Income Tax - Resident Individual,0.00,0.00,0.00,0.00,0.00,0.00
b36572baa07a69784383a6e8f98c4769654e94e289f375a0ed59a782607a3444,"2024",Income Tax - Company,169361.97,75430.00,0.00,1540.00,0.00,1922.97
"9f6d3871ff0c24dc8e59b2f26a886005da80a980f461b8052aed386baa735ddb","2024",Income Tax - Resident Individual,0.00,0.00,0.00,0.00,0.00,127291.00
"65531cb73718fa3683b10fe671ab8f568b61575d474ece88d4b2636c5e505847","2024",Income Tax - Resident Individual,0.00,0.00,0.00,0.00,0.00,4417.00
b5600a2ac426ec5c7e0686a16e904a4a6d857043020b82ec577de2abc2a0d0b6,"2024",Income Tax - Resident Individual,0.00,0.00,0.00,0.00,0.00,0.00
"0010d850ba8269f1b517395ef7e28b84067fcca29e6dac28b8961372a4a4d238","2023",Income Tax - Resident Individual,0.00,0.00,0.00,0.00,0.00,15188.00
"001b7f461ee162950767766e1093f9ab388e9b0236fb2d19d265ba7e230e4ba1","2023",Income Tax - Company,1668722.00,0.00,0.00,0.00,0.00,500616.60
"00081e365f1c765ce20fad49d5b65a75a45cfd57c4d0b078cbb6e617cb4e9f49","2023",Income Tax - Resident Individual,0.00,0.00,0.00,0.00,0.00,0.00
"0006122bd5bd8f67f7e7e5f9333510d854e7bb375e6ac53f6af06a1adede6fec","2024",Income Tax - Resident Individual,0.00,0.00,0.00,0.00,0.00,0.00
"001485e184617601ec059902a48bce7727d5ebacc9a165978c7f413d9a648180","2023",Income Tax - Resident Individual,0.00,0.00,0.00,0.00,0.00,146613.00
"25f13a5b0f919fca2b4eabe2984ed633154551b72348e7e5c93c18c6ee461ff9","2024",Income Tax - Resident Individual,0.00,0.00,0.00,0.00,0.00,223510.00
b846d50830d08cb5df3862f75e669926e834ec560ee4b65eb10987384362cb52,"2023",Income Tax - Resident Individual,0.00,0.00,0.00,0.00,0.00,0.00
f49440c1f7032aa8176b7936212effb1053880223bf7b8b74b07016702adb6b3,"2024",Income Tax - Resident Individual,0.00,0.00,0.00,0.00,0.00,29504.00
f2299269d6ff4d9be7928d23488adacb928adf831440eaddcc819c9b41fc226f,"2023",Income Tax - Resident Individual,0.00,0.00,0.00,0.00,0.00,124266.00
d15fa97b2fa2753d220b7ce05c3fcfa420dd828b9e5344a238663696cb3ef1fe,"2023",Income Tax - Resident Individual,0.00,0.00,0.00,0.00,0.00,0.00
"73d19a93a9ebbe2edb7b097f3178d6df1cfe0487ace3e3bc52a2c09edd66b65b","2023",Income Tax - Resident Individual,0.00,0.00,0.00,0.00,0.00,340056.00
"4c88ad8edb832def3b70fd98207b86efd65f0b1241cd67b8c4205ca8364e6c71","2023",Income Tax - Resident Individual,0.00,0.00,0.00,0.00,0.00,2336976.00
"64702a92874b3cffb8264c9051509a618de364e6b26faf91ccc53be30daf8ca9","2023",Income Tax - Resident Individual,0.00,0.00,0.00,0.00,0.00,215269.00
"7c09d214f33a9337fdb862a5028f73e43edc116a52e27eb1b74fe1e0ce315c60","2024",Income Tax - Resident Individual,0.00,0.00,0.00,0.00,0.00,0.00
e3afc96efe40b16c1175ec21f1356c8deb4e22ec77dd5c65f7b054d39a109005,"2023",Income Tax - Resident Individual,0.00,0.00,0.00,0.00,0.00,39230.00
eed395ed6ab2ca6f759f3fbe63cdebb6edce3dc33000fb6cc9dc230ccb7ce8ab,"2023",Income Tax - Resident Individual,0.00,0.00,0.00,0.00,0.00,14449.00
b95375974584c5ba85a88ad1706a45cb1931fe2cdffd54cff899bd9c8585d2ee,"2023",Income Tax - Resident Individual,1325310.00,51570.00,120000.00,0.00,67750.00,2548.00
"58780e53f37e9620ff19251bbad0b1c7756d4963740a497b66c6a673d0fa3d42","2023",Income Tax - Resident Individual,0.00,0.00,0.00,0.00,0.00,0.00
"295f1c514f1745e3d08fa44d6ea72ea9939a455e739e129133f1bfff82b147f7","2024",Income Tax - Company,2206139.00,1482400.00,960000.00,495648.00,2582201.00,0.00
fb7b4f612ef7198296b609b178b2fbbc5378e1e48e4a7f444eac14d54e7ae7f4,"2023",Income Tax - Resident Individual,0.00,0.00,0.00,0.00,0.00,0.00
"20ad623f311591e14d5770464117afa3d3686c830a39a074548ef07d8e670999","2024",Income Tax - Resident Individual,0.00,0.00,0.00,0.00,0.00,0.00
"0a5430ffb3fd87a7fc36660a579f1c6e770fa1ba35a4231d5108fd5015dbc552","2023",Income Tax - Resident Individual,0.00,0.00,0.00,0.00,0.00,0.00
"0003adbe8516e7381cb6b92727b24d302a4af81f701295fc9b5350c279bdc605","2023",Income Tax - Resident Individual,33825.00,21844.00,0.00,0.00,0.00,122739.00
"0001ebac6996969070b15faa540cfcfe1dca59df112870310359ce089ba9844f","2023",Income Tax - Resident Individual,0.00,0.00,0.00,0.00,0.00,55187.00
"001485e184617601ec059902a48bce7727d5ebacc9a165978c7f413d9a648180","2024",Income Tax - Resident Individual,0.00,0.00,0.00,0.00,0.00,222479.00
"0014935c795da6ef721a7047aa953b6f7d509dcfd0b21626c193d6a0222fc4a6","2023",Income Tax - Company,54931985.00,2635165.00,684200.00,85226.00,3061652.00,996335.45
"0001ebac6996969070b15faa540cfcfe1dca59df112870310359ce089ba9844f","2024",Income Tax - Resident Individual,0.00,0.00,0.00,0.00,0.00,81676.00
"00131a022f24f4960afbc6247a8ec0ba41bfb99961e6a72374ed1c9751eeb026","2023",Income Tax - Resident Individual,0.00,0.00,0.00,0.00,0.00,0.00
"0003adbe8516e7381cb6b92727b24d302a4af81f701295fc9b5350c279bdc605","2024",Income Tax - Resident Individual,41172.00,28000.00,0.00,0.00,0.00,146761.00
f308ee8abb96bd39ddd980c336bc777655956198d3acf9ec9162e368860dcf75,"2024",Income Tax - Resident Individual,0.00,0.00,0.00,0.00,0.00,0.00
"45b34d72a1d572365cf7afcf6a2e615c7de25e789a60c77475fdf172e269a01a","2023",Income Tax - Resident Individual,0.00,0.00,0.00,0.00,0.00,50381.00
"0ddb4db694aa52903de2d7433e9b27a748e3c75dc3327bd3c75073fdf51014f3","2023",Income Tax - Resident Individual,1714197.00,298000.00,0.00,0.00,1049817.23,19595.00
"9f7205890a30c534fad30e31e00e0ab5282865965102f2c53de2420f9262ba17","2023",Income Tax - Resident Individual,0.00,0.00,0.00,0.00,0.00,0.00
"5f4641e6e2f922b2781364459297fc52afe62073260000a6873bb5905f8370aa","2024",Income Tax - Resident Individual,76720.00,0.00,0.00,0.00,0.00,494902.00
"60d378a93fdbbf66a9f4f54c453d3cc41273d6b4d2452ff240aa811ebef125da","2023",Income Tax - Resident Individual,0.00,0.00,0.00,0.00,0.00,0.00
"300be7d202e75fa89927912bacc235a37e89d0aaf5ff69eeab6076797a1ce412","2023",Income Tax - Resident Individual,0.00,0.00,0.00,0.00,0.00,1224250.00
"38713dac6d1015e7ffe0982690de7b08dfcdb2a6ae9fa091af317ea74b52f16e","2024",Income Tax - Resident Individual,0.00,0.00,0.00,0.00,0.00,148052.00
a23ce1e1929118633e95fd99c82928a480c3bfe19e7e356e072250a7dad590ba,"2024",Income Tax - Resident Individual,0.00,0.00,0.00,0.00,0.00,70060.00
d6f519f9f86093ad1361f59a319cc6a58bb9032c9cdf4efefbeb412b888e073e,"2024",Income Tax - Resident Individual,0.00,0.00,0.00,0.00,0.00,0.00
"00137dfab1fca70a4dd373c7de79659c6ee78398263bc23daf44606732706af9","2023",Income Tax - Resident Individual,0.00,0.00,0.00,0.00,0.00,0.00
f1187d227aa16afb0d1d23256a70524076123d8033caf0f5a111afb89e79e288,"2024",Income Tax - Resident Individual,0.00,0.00,0.00,0.00,0.00,0.00
"87990672781cb84225cfbe73f6e838e0e59fc1ad68ce4b860c00861c017fc028","2024",Income Tax - Resident Individual,750950.00,61190.00,0.00,7560.00,449640.00,728.00
"6e93a64bcf7c5448fea535403ace3b4a06b8a040ff75949a9e991a8b9c45e110","2024",Income Tax - Resident Individual,0.00,0.00,0.00,0.00,0.00,0.00
f72a6de836941ec026faa666cfa1f33ca054bb3e4011cb505a39e7df8f8cf0b0,"2024",Income Tax - Resident Individual,289520.00,139544.51,0.00,0.00,0.00,13398.00
"84b82d2a68eaa9923d7b6eb4679f992da5681b516b89a4594ef35b7e4e76025a","2024",Income Tax - Resident Individual,0.00,0.00,0.00,0.00,0.00,50575.00
bab7a8972e1937a570d11d9ba1bbf6df702fb8291262d1804699286bffbe5612,"2024",Income Tax - Resident Individual,0.00,0.00,0.00,0.00,0.00,748804.00
d875fbf9c038c30b81c5418d4baa0a2e27a93e465ee493d8191f5d7109af5aa9,"2023",Income Tax - Company,0.00,72700.00,0.00,0.00,908617.00,0.00
f0b27fbd8697f6eccd6108dac75c2e584bb7051e9f95adc3114615ff945d768f,"2023",Income Tax - Resident Individual,391710.00,0.00,0.00,0.00,0.00,0.00
ac8f601f1c224623586d763ef0ab59f70ff6bee863d5d28bb6edab1468f0a151,"2023",Income Tax - Resident Individual,546400.00,0.00,0.00,0.00,374640.00,17176.00
"24204118e3504888b1d84625f071e1e48b3c0a68a0fdfd613f7bfc78f13fda7c","2023",Income Tax - Resident Individual,0.00,0.00,0.00,0.00,0.00,0.00
f2edb0a2e45bfbfbefe34e154408fcf07b2b305fa581d2c24b1b02fafd16ccf1,"2024",Income Tax - Company,5597794.00,0.00,0.00,0.00,2540701.00,915320.40
"2149ab73b39703e89994067309cad37a71fa28ccef89a1062a145cb0268a1583","2024",Income Tax - Resident Individual,0.00,0.00,0.00,0.00,0.00,0.00
d4dad862f686938bb979c5c9feaefd5290860de89b359e14e8a3def13670a7a9,"2024",Income Tax - Resident Individual,160554.00,0.00,0.00,0.00,0.00,0.00
ac80514a1f6478250c45366d878a801e7b5d844e9341996285f8f0496005c037,"2024",Income Tax - Resident Individual,0.00,0.00,0.00,0.00,0.00,56155.00
ba3592616248373562c6a92022b94fc52c6334a302b5f5f086d41eaf0a280e9d,"2024",Income Tax - Resident Individual,0.00,0.00,0.00,0.00,0.00,462565.00
"00049b3ce8851763b56057d816dbc102cec8eac37bbf23672c1e10032064c3a8","2023",Income Tax - Resident Individual,0.00,0.00,0.00,0.00,0.00,172937.00
"00095d30c69d118d905e0188a63095313ee58a646efda477f9ef1fffd329e77f","2023",Income Tax - Resident Individual,0.00,0.00,0.00,0.00,0.00,0.00
d35da24654c6ae061880e907bf58809ceb808e6b64139231cbcb746f99681fa5,"2023",Income Tax - Resident Individual,0.00,0.00,0.00,0.00,0.00,0.00
"6ccf0ecbb56eedbb4486d052c9d03d82bcfc5973c205623cf3e884df8467f404","2024",Income Tax - Resident Individual,0.00,0.00,0.00,0.00,0.00,0.00
"874890308ed8fc8b41af505de7ddc5aa1e6d72df2b68edd39a679978b03cad3c","2023",Income Tax - Resident Individual,0.00,0.00,0.00,0.00,0.00,176002.00
"8c370addfb1d0bcde0d632a50567d9e15e76d92c27d6efb7a9026094709d9e7d","2023",Income Tax - Resident Individual,0.00,0.00,0.00,0.00,0.00,0.00
"3ee0d5c4afc248c8bb6c2eaf8c7a0f72650fc4bca6c321dd877335957076a733","2024",Income Tax - Company,3146552.00,60073.00,151491.00,6750.00,14000.00,0.00
"4851167d16b1ec0175df49749fd3a921d38f43c73beafcfd7e7dbbb8b7f8a205","2023",Income Tax - Resident Individual,0.00,0.00,0.00,0.00,0.00,0.00
fcf7cc0e06c112b2bdc4d80d1ebeac5541456e60ba71818709f29f380e74207e,"2024",Income Tax - Resident Individual,1.00,0.00,0.00,0.00,0.00,366664.00
db1dcfa9eb23418025d54a1aba9f5352f221fa0c34d495c536bce7301ef18ca9,"2023",Income Tax - Resident Individual,1985.00,0.00,0.00,0.00,0.00,164558.00
abb84356970ecdd2fc6a2da559232b69479f328107562e3010d1afbae5e1e969,"2023",Income Tax - Resident Individual,0.00,0.00,0.00,0.00,0.00,259734.00
"92a8cb5882e7e522ed72c9f905a251b7708fdbe8792ae58d104905b2327d27ed","2024",Income Tax - Company,2152453.00,584985.00,805164.00,0.00,0.00,1007.70
"97efd0c3ea56085984706b306c64396257b6e1561ee90547399cd5e961a9b0eb","2023",Income Tax - Resident Individual,0.00,0.00,0.00,0.00,0.00,121251.00
"43195629402ecae4763f27eafc336878c3b3b9679bed3b19e428e7c06a72d06f","2023",Income Tax - Company,17738889.00,3466172.00,9524167.00,124573.00,1341404.00,0.00
"000c2c9766e665f44e7f0675401e5c7a45d463f4d36faf4de89e0f9a4a719b0a","2023",Income Tax - Company,16324396.00,501786.00,245074.05,1036234.00,3314457.76,29850.60
"001937c23ee0446a689b98b039fccace895418f555fee1282e2148d9107aa12b","2024",Income Tax - Resident Individual,64000.00,42668.80,0.00,0.00,0.00,0.00
"001937c23ee0446a689b98b039fccace895418f555fee1282e2148d9107aa12b","2023",Income Tax - Resident Individual,25000.00,0.00,0.00,0.00,0.00,14774.00
"000c2c9766e665f44e7f0675401e5c7a45d463f4d36faf4de89e0f9a4a719b0a","2024",Income Tax - Company,14914924.00,768520.00,191731.00,1089211.00,2386122.00,56496.30
"000d0fd1a1ff4158b33ea1720f211e872d6fc0087b3c645901168e9db1c0dea5","2024",Income Tax - Resident Individual,0.00,0.00,0.00,0.00,0.00,38332.00
"000be602334af19723f95a1764ebe1f77c3adbe140b897ffdee88a9021b92666","2023",Income Tax - Resident Individual,229730.00,0.00,0.00,0.00,0.00,22973.00
f49441f46e23a1e1bf2caecc355e865e64f1c59785f90cfec57b1b993986bbb2,"2024",Income Tax - Resident Individual,0.00,0.00,0.00,0.00,0.00,18083.00
"0a7e7044c4822cee50914186e31b6e931e8b1938116c73ab6e19fe71a73d6807","2024",Income Tax - Resident Individual,0.00,0.00,0.00,0.00,0.00,73471.00
e7c3cccaab840276470330e6d5bf7163e7fb7316120ad82e559008ce68f54096,"2024",Income Tax - Resident Individual,0.00,0.00,0.00,0.00,0.00,73745.00
"89e8f53c7b4269cdd04b85ca6f94417d5d0c6f9ba5a0b87941b375363a160dd1","2024",Income Tax - Resident Individual,19544200.00,2864790.00,0.00,0.00,5034818.00,465766.00
a5ca0b2cde68bb84fccf1034c2050ae151affd705fd4a653410aacda70d74530,"2023",Income Tax - Resident Individual,158700.00,0.00,0.00,0.00,0.00,116736.00
a191f37fbe1ee70c75eda015388aaf0e9d5d4844c94d105e393d5935d2c76a37,"2023",Income Tax - Resident Individual,0.00,0.00,0.00,0.00,0.00,52938.00
"4bd36722f28879bd62d85bba197ca5eac43a2c45902343e609a2c4c70855cafa","2023",Income Tax - Resident Individual,0.00,0.00,0.00,0.00,0.00,0.00
d0a4f61d8480ccdf3d48b8eae9df2222674cb0c36de63f6f2540a94d13706861,"2023",Income Tax - Resident Individual,1.00,0.00,0.00,0.00,0.00,1371664.00
c14e60c4f273f62be86dd3f6b9d215cb1a521f8d11aab016f3e60ab436c104fd,"2023",Income Tax - Resident Individual,0.00,0.00,0.00,0.00,0.00,853734.00
"9538a50f01d92603a3b74e8f6253f74af253ce6f60c8be475cc6a0c2e8b193ee","2024",Income Tax - Resident Individual,0.00,0.00,0.00,0.00,0.00,70876.00
"57bc9d8838e52b3953f0566d31b35b4f4a3c4b0b575f2827980b22fa7fae8933","2024",Income Tax - Resident Individual,0.00,0.00,0.00,0.00,0.00,57940.00
"001845958c0d49e83e550e5995c3aa5bf2e23eb08ba4e1716adbf71676f31c87","2024",Income Tax - Resident Individual,0.00,0.00,0.00,0.00,0.00,0.00
"000151b762d5641f71c43d4840847ec98a684ee67980433c13bd0a0cac6f9f32","2024",Income Tax - Resident Individual,0.00,0.00,0.00,0.00,0.00,101315.00
"00147703c115b0fbd3faf9829801f6c72b592b584b93ed13a7d85beaef229c6c","2023",Income Tax - Resident Individual,0.00,0.00,0.00,0.00,0.00,0.00
"000a7eed826c1b2f1a26a9d0ea95f8b888c571395b734dd77737b3aab3b9116c","2023",Income Tax - Resident Individual,0.00,0.00,0.00,0.00,0.00,62849.00
"00147703c115b0fbd3faf9829801f6c72b592b584b93ed13a7d85beaef229c6c","2024",Income Tax - Resident Individual,0.00,0.00,0.00,0.00,0.00,0.00
"000185872af9f638f3542191d36be6554313cdfbc838e6617f66aaca807d1fc3","2024",Income Tax - Resident Individual,0.00,0.00,0.00,0.00,0.00,78790.00
"07595d58754be6b2eb52cd96b6ba7f24ebe90c3d371ec70270266123c32de14d","2023",Income Tax - Resident Individual,629840.00,0.00,0.00,0.00,211227.00,62984.00
c97760b58c2125fb6cbe58b6136cdf596132f336e8d6a50e523bfd6dcb8831d8,"2023",Income Tax - Company,100000.00,97000.00,0.00,3000.00,0.00,1215000.00
b52b566ed5cff1a8233111be5f86eb5d610e743299189cd1da8d99346b480869,"2023",Income Tax - Resident Individual,0.00,0.00,0.00,0.00,0.00,571421.00
a0ae96f6992b58599f552a9f084b94ab04d676aaa40f4f3ca44ec9b8042b9642,"2024",Income Tax - Resident Individual,0.00,0.00,0.00,0.00,0.00,23943.00
f2ad9bd821660782771cba9ef1bdaff9105e27952484ac91dce59c7ae9e29e6a,"2024",Income Tax - Resident Individual,125180.00,0.00,0.00,0.00,0.00,12518.00
"8185a3594a11e3011531fec717f0b9d6e3ceceabc0f872049c800f9c34112806","2024",Income Tax - Resident Individual,437400.00,158000.00,0.00,0.00,58000.00,112171.00
"47d3c5296272de8b5c9abdbd2655072f484a2a8cad785c4a4bc8771739a7be1e","2023",Income Tax - Resident Individual,0.00,0.00,0.00,0.00,0.00,0.00
dd49b9362f2a41cdeaa18e6d93b5e6a480063ca8910f3e49e38e6c58e621b955,"2023",Income Tax - Resident Individual,0.00,0.00,0.00,0.00,0.00,0.00
"7bdd5d0d646a26d04b2ced5be2c7d0b7f04e23540622072bc758653cea3c2562","2024",Income Tax - Resident Individual,0.00,0.00,0.00,0.00,0.00,0.00
d247ce43f71acf3c26aa3a15c79b15bea0b96efb26bd2ae20384572e46b01ded,"2023",Income Tax - Resident Individual,0.00,0.00,0.00,0.00,0.00,0.00
"16302ebaacc4eecaf9d42ab03f8d8c4559abba101a0ae4f9f7b3918edfdced94","2023",Income Tax - Resident Individual,47480.00,39567.46,0.00,0.00,0.00,346646.00
"72c7c338c0f3c19135018e9cb8e274d3f8b3e8f8fd4409b5d2052780944143a1","2023",Income Tax - Company,8553320.00,73015.00,978950.00,3213.00,0.00,278787.60
"34443fdf89c997a62775b1ef3d7464b29948cb41a82a1ca1a48f961884cf8673","2023",Income Tax - Partnership,182096371.00,591170.00,1926411.00,10578484.00,4267132.00,0.00
e27a2a811bd39ebf34b694885a68bf50d3db4b48429f8bc28be50882a181589d,"2023",Income Tax - Resident Individual,0.00,0.00,0.00,0.00,0.00,0.00
"8434cf969b8c458ae09bfbe4c277eabfc7575d5bfa2e7c0bae95b4dffbeceda4","2024",Income Tax - Resident Individual,0.00,0.00,0.00,0.00,0.00,2606.00
"0018f99f0052d1ea706368f4b2c0b663a05f72e5bd028ff6a199dc2a9c4b0a0f","2024",Income Tax - Resident Individual,0.00,0.00,0.00,0.00,0.00,3880.00
"00105fcbe5c69f049085bc3e0cdd186b61970c12db23b09b34efffb94cf23717","2024",Income Tax - Resident Individual,0.00,0.00,0.00,0.00,0.00,134063.00
"00047713f64ca511ea076f99fc294051622ee49e456b01155289dcac46ba6242","2024",Income Tax - Resident Individual,0.00,0.00,0.00,0.00,0.00,74678.00
"001484ac85ee31ccd4275ee5072efd614cc9d4b8c0be1e7c15461238f3cc71c6","2024",Income Tax - Resident Individual,81319.00,0.00,0.00,0.00,0.00,224413.00
"001484ac85ee31ccd4275ee5072efd614cc9d4b8c0be1e7c15461238f3cc71c6","2023",Income Tax - Resident Individual,0.00,0.00,0.00,0.00,0.00,305388.00
"00105fcbe5c69f049085bc3e0cdd186b61970c12db23b09b34efffb94cf23717","2023",Income Tax - Resident Individual,0.00,0.00,0.00,0.00,0.00,117956.00
"0007bdb67cce17040615a009ff6a04942ac39a600c87b00cc682d835f5db141e","2024",Income Tax - Resident Individual,1.00,0.00,0.00,0.00,0.00,1.00
"0007bdb67cce17040615a009ff6a04942ac39a600c87b00cc682d835f5db141e","2023",Income Tax - Resident Individual,20870.00,0.00,0.00,0.00,0.00,2087.00
"000185872af9f638f3542191d36be6554313cdfbc838e6617f66aaca807d1fc3","2023",Income Tax - Resident Individual,0.00,0.00,0.00,0.00,0.00,56845.00
"00125037f5717816f977e111e63a6910f3a846c76dc9738ad9ff8d59467de2b6","2023",Income Tax - Resident Individual,0.00,0.00,0.00,0.00,0.00,469004.00
"0018e9ab9f97564b9e72b91de9b7746337a4b8399e82f0a64b2dff90135d68d0","2023",Income Tax - Resident Individual,37080.00,0.00,0.00,0.00,30900.00,168017.00
"000b3f9edcebf71917c1ff14b7cc3dba8994104f4ac3a2c3dfca0b633701e08f","2024",Income Tax - Resident Individual,0.00,0.00,0.00,0.00,0.00,0.00
"44d859ac23357c0e71d30b046a6a4c3616bade601bca4343b2db134235f63040","2023",Income Tax - Resident Individual,0.00,0.00,0.00,0.00,0.00,0.00
"624af22b920c2a102442c0ec67d3ab78080a6621a83f81826784d9c1a77ce901","2024",Income Tax - Resident Individual,0.00,0.00,0.00,0.00,0.00,238060.00
f0c4c7a17fc1eff978bc577a12ce7feaa0c391b89eade2f34d88e261fa851c21,"2024",Income Tax - Resident Individual,0.00,0.00,0.00,0.00,0.00,223943.00
e997eeff9f2b9d7ec16c8eba3c6793b2101ff9892e410f7146164475cbe3a110,"2024",Income Tax - Resident Individual,0.00,0.00,0.00,0.00,0.00,3000.00
ff7cc3874d64c3eeac033c3f8c948c3f87ceb17612c6cec4d6c34ca0cd8670d8,"2023",Income Tax - Resident Individual,0.00,0.00,0.00,0.00,0.00,0.00
"8e0459bf0d229e0529e1a90e42ad81cdf5e5720a0825ebae00912ed0219e9d3a","2023",Income Tax - Resident Individual,0.00,0.00,0.00,0.00,0.00,148852.00
fa191d094dbc66e34f9754c6ceedfc0f7e6a4dfb86dbf8f9e0940119dd59d8a6,"2023",Income Tax - Resident Individual,1826.00,1826.00,0.00,0.00,0.00,109548.00
"70488ef34bbd841407e53f550ea10c789b825885b9409c2c55a835999dbd3949","2023",Income Tax - Resident Individual,3034200.00,1078522.00,724582.00,6000.00,1001685.00,0.00
a60fd8c6aade62e8a7e7bf68dd8e7b2ea3654729f3f2f72aa62680f19be303ed,"2023",Income Tax - Company,3094108.00,134895.00,69827.00,7536.00,19900.00,42800.43
eed6cdd2f7db8b88c784ebd75446bb66f6e2302011a1264ea5a3ad1b426ba0bc,"2024",Income Tax - Resident Individual,0.00,0.00,0.00,0.00,0.00,459501.00
"4b8d8dfe47be7b29e18515559b459699cd28ca7d567019fda17d520aba0a16c2","2023",Income Tax - Resident Individual,0.00,0.00,0.00,0.00,0.00,0.00
"0018e9ab9f97564b9e72b91de9b7746337a4b8399e82f0a64b2dff90135d68d0","2024",Income Tax - Resident Individual,0.00,0.00,0.00,0.00,0.00,182575.00
"00083443cd4eb4468680c06fecfc01b1bf9160c56d27a939d4afcdd99cb15904","2023",Income Tax - Resident Individual,0.00,0.00,0.00,0.00,0.00,0.00
a62a11246976a19babd9d4829980a7631ad06e2cfcb468a3f52157a00f76c75b,"2024",Income Tax - Resident Individual,0.00,0.00,0.00,0.00,0.00,0.00
ee7abd52469e1c4b46f4d5d10221bc3df66ed8c6f3d922b31d808f35ef1e2474,"2023",Income Tax - Resident Individual,0.00,0.00,0.00,0.00,0.00,635583.00
"378877a3d74166e076aaf2361f17937f0b2f28999a0784ad84419e1f8d65d035","2024",Income Tax - Resident Individual,0.00,0.00,0.00,0.00,0.00,0.00
"96c711b43a3cfd75b154f873682264c3b16941e68c9e639281b1463f8a61d836","2023",Income Tax - Resident Individual,0.00,0.00,0.00,0.00,0.00,0.00
"6c4b72b94702443cae7b3bf1991b8c5239d28f4df97a8019f50886be0884ea06","2024",Income Tax - Resident Individual,0.00,0.00,0.00,0.00,0.00,8881.00
e44c4ae5c1cb4c776bf713f66d787ea48ca053057ccc376556c58b8bf132f90b,"2023",Income Tax - Resident Individual,0.00,0.00,0.00,0.00,0.00,192759.00
"09963832d3859aeef95919f179910a2720c3b38ca6c1ed24c00937299f50b5f4","2024",Income Tax - Company,303580.00,20000.00,135504.00,2.00,10000.00,0.00
e29e8ca4e4ecffc891445540c85f3084f929840210c0aeefff50bf0725a23b22,"2023",Income Tax - Resident Individual,0.00,0.00,0.00,0.00,0.00,0.00
"9c621dc0645638aa55b98e329ac41a8455133f44a53c692a8e1f45d9172ee206","2024",Income Tax - Company,212900810.40,9197018.00,12441351.00,424398.00,1020851.00,0.00
"44d63f75aefa4eff1ec1e3fc511dd520c2e6a7bca5490ba5f54ff3f35294244e","2024",Income Tax - Resident Individual,0.00,0.00,0.00,0.00,0.00,65866.00
a93bef213675a3e5f53fd61b7a93a3a542d81b8f9cc8e0f00d1c7587978e3016,"2024",Income Tax - Resident Individual,0.00,0.00,0.00,0.00,0.00,381184.00
d238e417507619a3b3734f7a9b2a88b27b414349ce45c6fe6846327a95db1236,"2023",Income Tax - Resident Individual,0.00,0.00,0.00,0.00,0.00,0.00
"420075c8b03824ac21d045319fde7a2563b89a890f087da40ebe877f27801c43","2023",Income Tax - Resident Individual,0.00,0.00,0.00,0.00,0.00,37601.00
"459b51fadd0cd917b18f705c47c165fca9dcd904096b60abc515d3ce8daaddec","2024",Income Tax - Resident Individual,0.00,0.00,0.00,0.00,0.00,0.00
"000d4cd4fd3cb9295a132b2e2c942a00b6bda9c66393430b4b94d1bece0f7bb5","2024",Income Tax - Resident Individual,0.00,0.00,0.00,0.00,0.00,109400.00
"000d4cd4fd3cb9295a132b2e2c942a00b6bda9c66393430b4b94d1bece0f7bb5","2023",Income Tax - Resident Individual,0.00,0.00,0.00,0.00,0.00,101245.00
"00015714273bd554122f164033a0880da049481c258110bb7cb79c209f32a09d","2023",Income Tax - Resident Individual,0.00,0.00,0.00,0.00,0.00,0.00
"0015ae75cb4834a45fe4afa771fcb2ea507014c5e8fe34ca146859e6be39e0ca","2023",Income Tax - Resident Individual,0.00,0.00,0.00,0.00,0.00,268803.00
"00170a2ff2a173c1fc0866439ab7111140e520b14b590d488b128ed9a854924b","2023",Income Tax - Company,2273765794.00,4853876.00,181898113.00,73567959.00,1978703505.00,15647840.10
"001467c78fe27a73da6701c3cf1d99261a05dabaadc2a8346b434cdfc836b821","2023",Income Tax - Resident Individual,0.00,0.00,0.00,0.00,0.00,21356.00
"1a851f0e7758db4051ff7034af726a26e524d26a430c1e9cad92eb9f9f8c851c","2023",Income Tax - Company,4949955.00,0.00,0.00,0.00,0.00,1484986.50
fd152ebbbd83691bdf05f19d8be020bd4e4728e8fd16294af65165dcb651ac9e,"2024",Income Tax - Resident Individual,0.00,0.00,0.00,0.00,0.00,48179.00
f4577339a265aaddcdd0e3abe657afbf689bc06a51a7273e0492e27056abd7ab,"2023",Income Tax - Resident Individual,0.00,0.00,0.00,0.00,0.00,76021.00
"93d6714c05bb5fcfb7720a2efac573e1a54f818910c5bfc4b21870249721938e","2023",Income Tax - Resident Individual,0.00,0.00,0.00,0.00,0.00,45325.00
"7b102f41a9980381ed8b3146c4607bfdb51d5c455c5110e997fa023b3f10427e","2024",Income Tax - Resident Individual,0.00,0.00,0.00,0.00,0.00,0.00
"30184d5afc325062f1f74493a9144bc1ebab3bb3078fd0eefd32f83b6de81458","2023",Income Tax - Resident Individual,0.00,0.00,0.00,0.00,0.00,0.00
"5df3c1e6adde4017ac4dead19ee20853c94726997bfe09ecf6d73f0fb39c19dd","2023",Income Tax - Company,23082852.00,1228152.00,4158892.00,902337.00,2633815.00,0.00
"84f1b4eb521803730140bbacce8501a9e648ca4b24c066ae95024d3fc8623548","2024",Income Tax - Resident Individual,0.00,0.00,0.00,0.00,0.00,88102.00
"39c06556242c3b72fdf65b9443e766b3193bcf5dfc7ab7982ef094b6ba4ac8f3","2024",Income Tax - Resident Individual,0.00,0.00,0.00,0.00,0.00,0.00
"7eecde5e4e1f464e9d59dd26f220d056c54bc8f5e32d06ab03dc5123c0c49e90","2024",Income Tax - Company,1869802.00,138800.00,0.00,29844.00,1240200.00,7048.20
e2542937e29b19974aafafc44c16051d4a12290f029504e6f53ff3f80de2dd37,"2023",Income Tax - Resident Individual,0.00,0.00,0.00,0.00,0.00,80303.00
e272e542e86f3efb7cb6f2341dd8fcd1a25a322020b64bb9090bc18991fbb611,"2023",Income Tax - Resident Individual,0.00,0.00,0.00,0.00,0.00,13825.00
"1ad4ac74c51a79303d23663d28cd330191b9edd59bf24cba9c9eac824cec6dce","2024",Income Tax - Resident Individual,0.00,0.00,0.00,0.00,0.00,0.00
"00170a2ff2a173c1fc0866439ab7111140e520b14b590d488b128ed9a854924b","2024",Income Tax - Company,2592415039.00,13463220.00,181937283.00,60455062.00,33227552.00,14210228.78
"00028ebce9f2cf45c0935994180484bd84f51b3a58752498d7c03aae4fc4c341","2023",Income Tax - Resident Individual,985700.00,10000.00,0.00,0.00,681715.00,1497.00
"00028ebce9f2cf45c0935994180484bd84f51b3a58752498d7c03aae4fc4c341","2024",Income Tax - Resident Individual,1105450.00,10000.00,0.00,0.00,800880.00,1643.00
"000380836c84bfde37d3702cd8c22b8430d82582b90fc534bc0bd2071c28f5f9","2023",Income Tax - Resident Individual,0.00,0.00,0.00,0.00,0.00,0.00
"000b24efb8d49f132422ee4f4dcdecd759d74a80ed485d7bdfe0fb00c454cc95","2024",Income Tax - Resident Individual,0.00,0.00,0.00,0.00,0.00,201394.00
"000b24efb8d49f132422ee4f4dcdecd759d74a80ed485d7bdfe0fb00c454cc95","2023",Income Tax - Resident Individual,0.00,0.00,0.00,0.00,0.00,177892.00
"001467c78fe27a73da6701c3cf1d99261a05dabaadc2a8346b434cdfc836b821","2024",Income Tax - Resident Individual,0.00,0.00,0.00,0.00,0.00,7046.00
"00126a72c4629e4e398b977a7647a1cba4afbe5728ac528ff03bcdd0df532bd0","2024",Income Tax - Resident Individual,0.00,0.00,0.00,0.00,0.00,0.00
"000380836c84bfde37d3702cd8c22b8430d82582b90fc534bc0bd2071c28f5f9","2024",Income Tax - Resident Individual,0.00,0.00,0.00,0.00,0.00,0.00
"00126a72c4629e4e398b977a7647a1cba4afbe5728ac528ff03bcdd0df532bd0","2023",Income Tax - Resident Individual,0.00,0.00,0.00,0.00,0.00,0.00
"0017e3a8dc657a22845c5ee03cffe5f2cebed690282a08dd247ac46fa63b91c2","2023",Income Tax - Resident Individual,0.00,0.00,0.00,0.00,0.00,0.00
"001bd1c5d8b500acd6e48a9f7b35fd3f2e17cf3f6b38899b1c632a583e7a2bd6","2024",Income Tax - Resident Individual,0.00,0.00,0.00,0.00,0.00,3536.00
e9c9e203ad839a0b84567465e506435f1953c2ab40c18232b2afdb47b289b178,"2024",Income Tax - Resident Individual,0.00,0.00,0.00,0.00,0.00,25641.00
"6eff78930871d7cb93dd06f07c3c35a3432977693c0daec1f54f40b3d57c992f","2024",Income Tax - Resident Individual,0.00,0.00,0.00,0.00,0.00,22366.00
"23f8bb79b1822874d934b36d0b1ccbcfbc70979daa8060f76b44450ce1c05e61","2024",Income Tax - Company,16844653.00,900239.00,5288906.00,28990.00,10812467.00,0.00
"981b8c40d401c2c72f35078fc536322f8b7990d504c98a13caacb6e223fcce55","2024",Income Tax - Company,12282780.00,229689.00,12116.00,102444.00,729764.00,252763.20
"3d8a350a782c037351a22dee82b0ab3d774876572855c554beddbe91ece1b420","2023",Income Tax - Resident Individual,0.00,0.00,0.00,0.00,0.00,0.00
"532870d65f92b3675161ad27ce7f608d5dc3a7065b6b77c64440235a0183af79","2023",Income Tax - Resident Individual,0.00,0.00,0.00,0.00,0.00,0.00
b361591392bdd74c7d0e82758c55a5e0dcd2f956bd5e3b3d603e4702e9da55ba,"2023",Income Tax - Resident Individual,0.00,0.00,0.00,0.00,0.00,0.00
b95c4af6d828d2b2020e793647b9e053dbf0c29ad9fad88ee35b21440b5bd831,"2024",Income Tax - Company,1213456.90,43750.00,0.00,0.00,230110.00,3480.72
b87f77c6047d15edcddb46174e159e5f73aa81f5e071cfc8775c0813e7d36bbd,"2023",Income Tax - Resident Individual,0.00,0.00,0.00,0.00,0.00,0.00
f3bcdaafa5c141673fee0548b0b028286e3af6a2edde07aa8f7be9073a7215f5,"2023",Income Tax - Resident Individual,0.00,0.00,0.00,0.00,0.00,0.00
"8e4fa11bee0f301bc53127a97ffa8c21f9eb0717b8cc4eb3d172bdd098703a65","2023",Income Tax - Resident Individual,0.00,0.00,0.00,0.00,0.00,84618.00
"707e223709513765a95a3d990e4a9f170ed6a2e12b99de8af346a296eb0b08a2","2023",Income Tax - Resident Individual,0.00,0.00,0.00,0.00,0.00,124510.00
"0014172d758989ea1dbdd94ead067df3c51609e023bd411b6b6a1737bfe56ca0","2023",Income Tax - Resident Individual,0.00,0.00,0.00,0.00,0.00,82816.00
"001bd1c5d8b500acd6e48a9f7b35fd3f2e17cf3f6b38899b1c632a583e7a2bd6","2023",Income Tax - Resident Individual,0.00,0.00,0.00,0.00,0.00,0.00
"00153f6cbf5e1e78bd72757a0858f00e7d21203d9a520fd4ce087d55742b71f9","2023",Income Tax - Resident Individual,0.00,0.00,0.00,0.00,0.00,128329.00
"000dc328816de6c596bebe706873654e4111ab2be2c2169c89b15561181cd041","2023",Income Tax - Resident Individual,0.00,0.00,0.00,0.00,0.00,90226.00
"408913ac2e60ad001371acf015630032484dd3a41ebb008c50f18e22863a329f","2024",Income Tax - Resident Individual,43320.00,0.00,0.00,0.00,0.00,250662.00
aee466ae547bdad904bb67fefac5553e468bce32f84f21f6f567aec0b479d8d9,"2023",Income Tax - Resident Individual,0.00,0.00,0.00,0.00,0.00,0.00
"324b27683813353c7295399d80c07526e66419f5983f95afcd813d4d69b7d910","2024",Income Tax - Resident Individual,0.00,0.00,0.00,0.00,0.00,0.00
"1bfd8c002820a8419b75d1f6bcabc3b9d1def30e8f78f32b3f65e7da821b9963","2023",Income Tax - Resident Individual,0.00,0.00,0.00,0.00,0.00,649553.00
e91497f7cafeb40295e2d6b35dbd2df284130b4e8f94e4a8c5ccf10daaa63f0f,"2024",Income Tax - Company,106449858.00,1898945.00,6531539.00,1640268.00,3585106.00,286856.40
"48a9d76db0ca5d79d2da0c79cfa88fc1591cf5d155693a2e3131be4ec9cbe12f","2023",Income Tax - Company,3175726.00,259061.00,0.00,2770.00,1147800.00,0.00
"2b34aa2189f3e820a88b80fe0c81671b33c4578b43d0d2eaa4743460e0e616c6","2024",Income Tax - Resident Individual,8611283.00,355000.00,0.00,6674.00,1006726.00,460914.00
e0557ecde2e5296fe1c9b4680b897d6052d8879cdaa3eff549941d6b6ca3f55d,"2023",Income Tax - Resident Individual,3017.00,0.00,0.00,0.00,0.00,251811.00
"9d39e66abb42dd41d1b4a9b53859e6a84fa91d32dba293e4faee066a370e0181","2023",Income Tax - Resident Individual,0.00,0.00,0.00,0.00,0.00,0.00
"9f13b83dcf111cb4289951612f44b7f59fe7e04ca96664f0ef4d4d3ed0ab0b32","2023",Income Tax - Company,9965017.22,0.00,0.00,0.00,1899201.00,0.00
"135ac5a3eb53ca158bd62f85524bb2777fc7364ec782177d674a861324143346","2024",Income Tax - Company,1.00,0.00,0.00,0.00,0.00,0.30
d1a7c4bab172901f548f999ee011916d9f1ecb2151792a3983a52bda4689867f,"2023",Income Tax - Resident Individual,0.00,0.00,0.00,0.00,0.00,14585.00
"2cf2daf1566a6b4213c5d98b05274f8f04043766ad400f03fbf5b22307c527c4","2024",Income Tax - Resident Individual,0.00,0.00,0.00,0.00,0.00,252586.00
"1cb65e8b05ef54329e8ecc238fb89258ea72451e043fdd51d4d79c3ec8f45ffa","2023",Income Tax - Resident Individual,0.00,0.00,0.00,0.00,0.00,3804.00
"358f006525b6457bb846a55319eedf6d2719fd7dbfa55bf0e37c3617573d7839","2024",Income Tax - Company,241114416.00,0.00,0.00,0.00,23322635.00,2216276.00
f9f63d77d97a6a2da5a315e4c76cc183a98451bac53da34020bb842d71477d02,"2023",Income Tax - Resident Individual,0.00,0.00,0.00,0.00,0.00,0.00
e446f992cbbc2e1da2fe30117c12c3f71aed1d53b5ae759f4ba9d51fb492d675,"2023",Income Tax - Resident Individual,42226.67,0.00,0.00,0.00,0.00,3988613.00
"21a3b99b2805f01cda5262928d122fdf173fa306ffd72e0ffbf940c554390195","2023",Income Tax - Resident Individual,0.00,0.00,0.00,0.00,0.00,46244.00
"0004897788a64425284fe2da8f5ce5bf74172ece85547beb764a310da4fc67ec","2023",Income Tax - Resident Individual,55000.00,27500.00,0.00,0.00,0.00,2750.00
"00153f6cbf5e1e78bd72757a0858f00e7d21203d9a520fd4ce087d55742b71f9","2024",Income Tax - Resident Individual,0.00,0.00,0.00,0.00,0.00,152273.00
"00099c1629eb7d26e49122b2f9f6c6c0d0abb940b346cd2c3608f4330e7d433c","2023",Income Tax - Resident Individual,0.00,0.00,0.00,0.00,0.00,0.00
"0002868aae6b392d8e3aa578c1da30210925736ac097d9c2a6d5c6317590ab16","2024",Income Tax - Resident Individual,0.00,0.00,0.00,0.00,0.00,831430.00
"0002868aae6b392d8e3aa578c1da30210925736ac097d9c2a6d5c6317590ab16","2023",Income Tax - Resident Individual,0.00,0.00,0.00,0.00,0.00,828530.00
"00099c1629eb7d26e49122b2f9f6c6c0d0abb940b346cd2c3608f4330e7d433c","2024",Income Tax - Resident Individual,0.00,0.00,0.00,0.00,0.00,0.00
"000dc328816de6c596bebe706873654e4111ab2be2c2169c89b15561181cd041","2024",Income Tax - Resident Individual,0.00,0.00,0.00,0.00,0.00,49304.00
"001c64ef753d6b91cc05769774cf07dbf47f183fcec215e0d3afbdf272746e28","2023",Income Tax - Resident Individual,0.00,0.00,0.00,0.00,0.00,0.00
"763c063786022441987831de9d70451d2d1d2f3c70b83e2bdd1ee11b75b03e7a","2024",Income Tax - Resident Individual,3530.00,0.00,0.00,0.00,0.00,353.00
"2e4dce9dc1ad5de121341a82342565bda7440cca1ab9052a11364ad58c93d674","2023",Income Tax - Resident Individual,700000.00,0.00,0.00,0.00,229995.00,49602.00
"1e8f5e68bdbea8d44ec43e0f435487a99d9cabda1551384f01685f6d6f2c3b00","2024",Income Tax - Resident Individual,0.00,0.00,0.00,0.00,0.00,88050.00
e586d832663670a105976047d3b2491d0d93d56987480289f9a9ba6167944382,"2024",Income Tax - Resident Individual,0.00,0.00,0.00,0.00,0.00,20406.00
be5d6967a0c4570ed7bc0fb118a848344c161f33ba05e1a085798fc491813dcb,"2024",Income Tax - Resident Individual,0.00,0.00,0.00,0.00,0.00,0.00
"1516050414433866b1a79ba607a061fc7c225c264fca30dd2fe53267219be664","2023",Income Tax - Resident Individual,0.00,0.00,0.00,0.00,0.00,113367.00
"94b79d3f55d3b6516124f2b2561c560f05b76b5b42bf87ebdb90d1280ee4ec1c","2023",Income Tax - Resident Individual,0.00,0.00,0.00,0.00,0.00,33629.00
c37ccf2411ae0c1b7b5608bb50ea7d1f697d03d2e652735de167cfe0d0ff02a9,"2024",Income Tax - Resident Individual,0.00,0.00,0.00,0.00,0.00,140250.00
"9926af6aceb0dac9eeb0df7b61237637029dc93e6b9d9f69d9bf96798114d6ee","2023",Income Tax - Resident Individual,0.00,0.00,0.00,0.00,0.00,142152.00
a3c3dd54c0ef04130b09181f7006fe0a603c813b40572e6bba1c76b0a624325e,"2023",Income Tax - Resident Individual,0.00,0.00,0.00,0.00,0.00,16508.00
"4513c74cc05d478308d57656abc7600fdeec87a68d811f838d571de73651b1d5","2024",Income Tax - Resident Individual,0.00,0.00,0.00,0.00,0.00,0.00
"7b5d87cd9343de1f2634f58f876f08230d155302de3a8ed18bb418ce6ab5d0fc","2023",Income Tax - Resident Individual,1284065.00,1000.00,0.00,14987.00,0.00,1206.00
"5f91e65c8941f17fcf46c0673a44dc006ee8b06bc7fe0bfe89b3ab844758d58a","2023",Income Tax - Resident Individual,5150210.00,0.00,14161.00,0.00,743574.00,0.00
e856595fe77273d91ca2f7c0c3459ecbbef778266f6434b1cbfad1d5132e3473,"2023",Income Tax - Company,22862637.00,623305.00,140652.20,44279.00,357961.00,0.00
"9f77b4f983fa1b63bdff520e3b7f21b3e012da2b56caf5b8bf06f2f1b891de36","2023",Income Tax - Resident Individual,0.00,0.00,0.00,0.00,0.00,0.00
"00057a44f528365980b44e34e8ec8c267526ce7b8e5f9b88d6729a71b64d942d","2024",Income Tax - Company,10.00,11.00,0.00,0.00,0.00,0.00
"0005d2a5198d6df3f2e85ec054a68049ff107598dc85a67e910aafb5d8682673","2024",Income Tax - Resident Individual,0.00,0.00,0.00,0.00,0.00,0.00
"0005d2a5198d6df3f2e85ec054a68049ff107598dc85a67e910aafb5d8682673","2023",Income Tax - Resident Individual,0.00,0.00,0.00,0.00,0.00,0.00
"00057a44f528365980b44e34e8ec8c267526ce7b8e5f9b88d6729a71b64d942d","2023",Income Tax - Company,10.00,11.00,0.00,0.00,0.00,0.00
"000014d18e841b67d1a51c6562b5d0056600c7825b0ef1fe66d0dd76c26c03d8","2024",Income Tax - Resident Individual,0.00,0.00,0.00,0.00,0.00,0.00
a9bb7f9007203d9e28f1c8d8dab7931bc08953ea3a5f5d7719d4ed67c1b8914a,"2023",Income Tax - Resident Individual,0.00,0.00,0.00,0.00,0.00,0.00
db5deb3dea26203f484e8089a6ed9a9c2bee4c5bfb593dc3396ad59689262f32,"2024",Income Tax - Resident Individual,0.00,0.00,0.00,0.00,0.00,267387.00
f9e54ae2317b0a0c6ad0d46770d89d0a6aa91a48b9bea940379fe839de704cee,"2023",Income Tax - Resident Individual,0.00,0.00,0.00,0.00,0.00,86459.00
"66d85b69472ce4bf776d4ee67a449e2fc06ccf76c48b803eee50f5b22db9f670","2023",Income Tax - Resident Individual,0.00,0.00,0.00,0.00,0.00,2298647.00
df55799b6f877a84e200a51b4814555bb7e3c48a1d350693c506f17fbb8eaa3b,"2023",Income Tax - Resident Individual,0.00,0.00,0.00,0.00,0.00,0.00
"0bd9519696d7af14314e98f245ba8a8323670b24300a22117bcf7d7f9d2cb16f","2023",Income Tax - Resident Individual,0.00,0.00,0.00,0.00,0.00,0.00
"94cedbcf4f3f3dfc63eeed05ba1e04570b2f2e6d2342bdb2848a313645054e7d","2023",Income Tax - Resident Individual,0.00,0.00,0.00,0.00,0.00,0.00
"4730da0acdb7c7ef9a1f6a17f1e61d5fa968ed2effd9a6c17f9024f436000e17","2024",Income Tax - Resident Individual,3550000.00,969258.00,0.00,136880.00,1790186.00,2346010.00
"1768fd5af1557e11b23dd3cf31b2680814b2456925e090ca74ac34f5f162d93d","2023",Income Tax - Resident Individual,0.00,0.00,0.00,0.00,0.00,209375.00
"0015baed1811fcbec7ff20db8453a9458657f17a722aacb640849484cef6751f","2023",Income Tax - Resident Individual,0.00,0.00,0.00,0.00,0.00,45885.00
"0004c23cdb4adaa817ae1bdedc29eebd373ec452ebda4f71e3e16bca3734dcee","2023",Income Tax - Resident Individual,0.00,0.00,0.00,0.00,0.00,0.00
"001c40e0b3d10b010d5be577e052d06feb248391a64584821e49153221bb0c55","2023",Income Tax - Resident Individual,0.00,0.00,0.00,0.00,0.00,0.00
"000923ed717550619c9f18384f83231402295622d1c7ad9783efeb3e9a585fc9","2023",Income Tax - Resident Individual,0.00,0.00,0.00,0.00,0.00,0.00
"000f6322fa66b99ff66579ebb2df6acde8e9e93cb65f54fa8218e98e772762ca","2023",Income Tax - Resident Individual,0.00,0.00,0.00,0.00,0.00,0.00
"001c40e0b3d10b010d5be577e052d06feb248391a64584821e49153221bb0c55","2024",Income Tax - Resident Individual,0.00,0.00,0.00,0.00,0.00,26071.00
"0005bd9c536d18847d0d08315687c1f4665b685a462a88b5ecc0fccb7dd50e31","2023",Income Tax - Resident Individual,0.00,0.00,0.00,0.00,0.00,178280.00
"0000ef49328c6fe536721e8067bcf1098bca864198bc68ae9512984bb17f37a4","2024",Income Tax - Resident Individual,1445050.00,710515.00,198000.00,3600.00,0.00,108381.00
"0015baed1811fcbec7ff20db8453a9458657f17a722aacb640849484cef6751f","2024",Income Tax - Resident Individual,0.00,0.00,0.00,0.00,0.00,61057.00
"0000ef49328c6fe536721e8067bcf1098bca864198bc68ae9512984bb17f37a4","2023",Income Tax - Resident Individual,1212640.00,463261.00,136500.00,0.00,0.00,121264.00
"000014d18e841b67d1a51c6562b5d0056600c7825b0ef1fe66d0dd76c26c03d8","2023",Income Tax - Resident Individual,0.00,0.00,0.00,0.00,0.00,0.00
"29b7669ce74a6533e12f9f016c54aeabff1654b7fc421f909e6948abc724a2ad","2024",Income Tax - Resident Individual,0.00,0.00,0.00,0.00,0.00,162400.00
"7be9e44cba3131699484f6ae783e0baead5c602d2d203588fc38767d71f9b4d5","2023",Income Tax - Resident Individual,0.00,3609.00,0.00,0.00,0.00,510076.00
a61801bf2c170c61572afacb139d7a7e72f9e506907221cf851697239b471e33,"2024",Income Tax - Resident Individual,0.00,0.00,0.00,0.00,0.00,277137.00
"4ee999e3b125f9015b41b084963efba379274983ed0d24b542e43dd891f9d78b","2023",Income Tax - Resident Individual,835650.00,676373.50,0.00,20000.00,0.00,325676.00
"3e87ccddedb4c44d15773a46d8051ceaf8bff0da8a95a1faf4437cb287e419b8","2024",Income Tax - Company,29977728.00,0.00,101378.00,0.00,1693336.00,48465.32
ec1ce3871b890a256697d58aa64324cf60f071707b29a61ca53ddcc99a3bf49d,"2024",Income Tax - Company,0.00,46400.00,49090.00,114536.00,52739.00,0.00
"9f084668b856069d5d97440e7d78b2f0c8dd83dd5756b8dab558e8addb79c762","2023",Income Tax - Resident Individual,0.00,0.00,0.00,0.00,0.00,0.00
"0840b7a9c7163f5951fd5f26909706f2d12e94e7855979e3a105ccb7bed25e2a","2023",Income Tax - Resident Individual,0.00,0.00,0.00,0.00,0.00,113758.00
"2be32e66093d185f93346ebdf363de4297264f847d08537728b066e2ec0aedcb","2023",Income Tax - Resident Individual,0.00,0.00,0.00,0.00,0.00,0.00
"6aa288773f39a7359075751c6bf0898cb743e7021fef05ee44a01d30c410dea2","2023",Income Tax - Resident Individual,0.00,0.00,0.00,0.00,0.00,28036.00
"0f0e7594e1e36e015418dc66131304b1f08e58b2160d0e76d479b30dd0754b3b","2023",Income Tax - Resident Individual,232350.00,96550.00,0.00,0.00,17000.00,11880.00
"0f55169f97e39776a68a82069ede24600f867d7b912980181b9ab9ef9de044c4","2023",Income Tax - Company,48798840.86,1579566.04,2733324.00,176274.03,1049681.00,2009266.31
c9a761bf88564f2a67f992197bb56dbc367b3a88fc19007bb1f89b02fef6ccba,"2024",Income Tax - Resident Individual,0.00,0.00,0.00,0.00,0.00,0.00
"7a7abcfb7353183e38bd664d34890200440c0082f87ff0570049b4f2248e3fe2","2024",Income Tax - Resident Individual,0.00,0.00,0.00,0.00,0.00,0.00
b4f06160e4adb53e76e109fe3ba6e11e06bec8f68fd2328926d135fd195b95b0,"2023",Income Tax - Resident Individual,0.00,0.00,0.00,0.00,0.00,0.00
"0a7b71f8e9b7f662e239c2f0170fb4e1a5344343bb14f9f29d6752b66c6fcef2","2024",Income Tax - Company,2415502.00,183212.00,573268.00,5970.00,417239.00,0.00
"60dc7f6ba585b39eac9f72ff2c5fdf93b54582ffe8250306c076c032752c09a0","2023",Income Tax - Resident Individual,0.00,0.00,0.00,0.00,0.00,0.00
"04c9136efad5376b04c6c16b01832b0c265b3a8f7e4669065c0a9b38e47e4dfe","2024",Income Tax - Resident Individual,0.00,0.00,0.00,0.00,0.00,139834.00
"636585de91d1fae1b56e19c01566847ddc56684a35c2a5a75f6c613d6b509594","2024",Income Tax - Resident Individual,0.00,0.00,0.00,0.00,0.00,119948.00
"000666f4ce92e7297901737b57128ec5dfa1d886728fd5bbf8db9d872958d8a3","2023",Income Tax - Resident Individual,0.00,0.00,0.00,0.00,0.00,0.00
"000666f4ce92e7297901737b57128ec5dfa1d886728fd5bbf8db9d872958d8a3","2024",Income Tax - Resident Individual,0.00,0.00,0.00,0.00,0.00,0.00
"000dc26947dd0be1c4c7cc91b8aeaf23b47e06f7d72436dc45eca6b2aa202f8b","2023",Income Tax - Resident Individual,0.00,0.00,0.00,0.00,0.00,517442.00
"6f91fb5800b7838eac78c3877f7baa8f8d55b14538a0986cd5ea3cfd0896e454","2023",Income Tax - Resident Individual,0.00,0.00,0.00,0.00,0.00,0.00
e2da8d3534c831e47da0283ddad7e5fac6a602fd20690361ad63f07772f61ae9,"2023",Income Tax - Resident Individual,0.00,0.00,0.00,0.00,0.00,0.00
e48cca25f35c75f143c9d96bb779fccfbb7a3f1c759c620160345bc032ae0369,"2024",Income Tax - Resident Individual,0.00,0.00,0.00,0.00,0.00,375060.00
"553c4af4e3af9306545089dfa334168881df6b3a6e8b8c4f199d463e42f9d40d","2024",Income Tax - Resident Individual,0.00,0.00,0.00,0.00,0.00,9014.00
"3533d5314e2efd8d10682e389fe4716632f1cb36a1b8f074d4d874610d163962","2023",Income Tax - Resident Individual,0.00,0.00,0.00,0.00,0.00,23427.00
"28866ba2ed43d2f35a679fc7fe703f27979b452f29647e624618875c421e000f","2024",Income Tax - Resident Individual,0.00,0.00,0.00,0.00,0.00,561562.00
"660367936b07df0f7ad43c3f350f56e00870912ceda63b8e3a7d0b16ef1ef57b","2024",Income Tax - Resident Individual,0.00,0.00,0.00,0.00,0.00,280393.00
"47005a91f90ff5ec977818c6899229478f121da9f5075257ae65918ad21d60ef","2023",Income Tax - Resident Individual,0.00,0.00,0.00,0.00,0.00,205013.00
b7a261aa9715ca4a937131fc9e34f54a044ab63f64ab59d0211424a546f2a806,"2024",Income Tax - Resident Individual,0.00,0.00,0.00,0.00,0.00,31677.00
f512de9490610027bc0175f714efdf728d4ec5b881954c0568dfb94c57a970a5,"2023",Income Tax - Resident Individual,0.00,0.00,0.00,0.00,0.00,0.00
a1ddd0351e25698a24b996db6226bd06e536b191944756b842f3c06ac78173e6,"2023",Income Tax - Resident Individual,0.00,0.00,0.00,0.00,0.00,56896.00
"001b3f5fb9d1945d7bfa462332ae8daf584381a50dc7d819e1e3c989678aff17","2024",Income Tax - Resident Individual,0.00,0.00,0.00,0.00,0.00,14440.00
"000f899322845eea4525e4879ac38a4b96cfae684ed9939003357dbb2eb55640","2024",Income Tax - Resident Individual,0.00,0.00,0.00,0.00,0.00,0.00
"000f899322845eea4525e4879ac38a4b96cfae684ed9939003357dbb2eb55640","2023",Income Tax - Resident Individual,707659.00,0.00,0.00,0.00,434052.00,9328.00
"001b3f5fb9d1945d7bfa462332ae8daf584381a50dc7d819e1e3c989678aff17","2023",Income Tax - Resident Individual,0.00,0.00,0.00,0.00,0.00,12110.00
"000dc26947dd0be1c4c7cc91b8aeaf23b47e06f7d72436dc45eca6b2aa202f8b","2024",Income Tax - Resident Individual,0.00,0.00,0.00,0.00,0.00,754769.00
"00051ed86e5ab3ed568ae75657f145edaa4d929e32f6c639b266641758f047f2","2024",Income Tax - Resident Individual,0.00,0.00,0.00,0.00,0.00,172082.00
"0015e5812469bfa9a672e9d1a310efc5e3a7bcdff49c9a15b0279df9637ddb20","2023",Income Tax - Resident Individual,0.00,0.00,0.00,0.00,0.00,0.00
"00051ed86e5ab3ed568ae75657f145edaa4d929e32f6c639b266641758f047f2","2023",Income Tax - Resident Individual,0.00,0.00,0.00,0.00,0.00,125625.00
"0015e5812469bfa9a672e9d1a310efc5e3a7bcdff49c9a15b0279df9637ddb20","2024",Income Tax - Resident Individual,0.00,0.00,0.00,0.00,0.00,0.00
ab95b8d2fca8487f12dcdaa85fbcdc5638b5bbcb7077aa00175067c56486a229,"2023",Income Tax - Resident Individual,0.00,0.00,0.00,0.00,0.00,0.00
"7c709be2dea91b1b176108cf864e41fb43561b98fadc81dd1daecf0478f460c7","2023",Income Tax - Resident Individual,0.00,0.00,0.00,0.00,0.00,0.00
e18a4140bc28a6ef0040d885edcf1646618749a3f81c61a7c134d07284be8f8d,"2024",Income Tax - Resident Individual,0.00,0.00,0.00,0.00,0.00,919255.00
"6e5f7842afffc2fe94f437f6b7ed37fe36b6a9e058d99211e9d6d694bfe6286b","2023",Income Tax - Resident Individual,0.00,0.00,0.00,0.00,0.00,0.00
cf063232756e8810ae9fff588c82ee8e510e021ac2c89b5c4ec952e2429d5c3d,"2023",Income Tax - Resident Individual,0.00,0.00,0.00,0.00,0.00,0.00
"38ba88e9b3bdf428f81c4f21e951f76afad55694162c5d542060ecd4c0a76fa4","2023",Income Tax - Resident Individual,0.00,0.00,0.00,0.00,0.00,90877.00
"6598df2f7b6d31055966a9557a9dc785fe4ffe1baeacb8398948704ba9f98b90","2023",Income Tax - Resident Individual,0.00,0.00,0.00,0.00,0.00,910.00
"865d9fa997ad44480302dd29d9a2136366d1f62b271caf23130e499b5f92987e","2024",Income Tax - Resident Individual,1956.00,0.00,0.00,0.00,0.00,320886.00
aaf87bae41fd4826251514b4c4ba5df4fae975ec039e275faebef656a4779352,"2024",Income Tax - Resident Individual,0.00,0.00,0.00,0.00,0.00,372725.00
b39ff9c92141aeee8c223fb2141ba6887ae117db844e987c2644a0d78462ca3b,"2024",Income Tax - Resident Individual,0.00,0.00,0.00,0.00,0.00,0.00
fe42805514c28e99d36cd4f2aa9362f5fb3ade9fd631e49bd39ac510a8f42a2c,"2023",Income Tax - Resident Individual,0.00,0.00,0.00,0.00,0.00,275978.00
"0cceaf17b1412889a89d08a9529a1c296ba99f4e79b4c838c56507a5e1e611f8","2024",Income Tax - Company,90574224.00,0.00,1062314.00,0.00,90468245.00,21436.80
"825bd938d346da91026f6fe1296218bb69adc89613aea97480f6af7c89d1cb8e","2024",Income Tax - Company,4773020.00,3061592.00,2221774.00,9281.00,0.00,0.00
"0d083640b4188aa21b48a3dac82902d46f0245b9cc07924217e6e5511fbde6bd","2023",Income Tax - Resident Individual,0.00,0.00,0.00,0.00,0.00,120729.00
"93b1536e03719c2aa2dbf106b0282a5458b5a6618b39af5c42cc23fbb2fe206c","2023",Income Tax - Resident Individual,0.00,0.00,0.00,0.00,0.00,0.00
"000f2260a4810e5385fc32327bec40308156b3fe5f06696c1852e487166952ee","2023",Income Tax - Resident Individual,5005988.00,1175156.00,109090.00,5540.00,215982.00,16823.00
"000f2260a4810e5385fc32327bec40308156b3fe5f06696c1852e487166952ee","2024",Income Tax - Resident Individual,8282254.00,1414281.00,115592.00,17362.00,220542.00,27605.00
"62bb8ffef14b3d669042256340b143b22ad7cae221db9541a5ea3b6503595247","2023",Income Tax - Resident Individual,0.00,0.00,0.00,0.00,0.00,0.00
"93cd686045b8d9e96bc63b6031adbcdc7d0c0ef777abed1161a934d11f20a32f","2023",Income Tax - Resident Individual,0.00,0.00,0.00,0.00,0.00,0.00
e3dfd1d3c95983d4a550ea7502c21a0e4e81293f717658e418065988f116bd7c,"2023",Income Tax - Resident Individual,0.00,0.00,0.00,0.00,0.00,333912.00
a7f777062943cffe61aedc800e0c408e94106e6c3be89f4cf60584326f1e0a1e,"2023",Income Tax - Resident Individual,0.00,0.00,0.00,0.00,0.00,0.00
fe95b6e23dcbf027d343a0e1098a5f8b1312042cfb367b41a82c918769ae1010,"2024",Income Tax - Resident Individual,0.00,0.00,0.00,0.00,0.00,0.00
"87e1fd577128a459defb12cef95356e1b9721d7f669ce66e450de0d5fe3c1f67","2023",Income Tax - Resident Individual,0.00,0.00,0.00,0.00,0.00,0.00
"3ea72a2f1b80cef19a8c163b91f1d463ae32d39aff740ed4941c53c2a31c2650","2023",Income Tax - Resident Individual,0.00,0.00,0.00,0.00,0.00,70553.00
"0b1f725dc17f855998142f4faa72ba9e0b8f2fc6e32e8085ae5324a037514f15","2023",Income Tax - Resident Individual,0.00,0.00,0.00,0.00,0.00,59508.00
bfe8c596cdc5c0cab19b65f7d30c1a054620ec2c59a5aff113fa3453f559a56f,"2023",Income Tax - Resident Individual,0.00,0.00,0.00,0.00,0.00,113722.00
a737b876a0ac06d05f7ca8f003e3f46827babf96a409365f16682cce775ce4aa,"2024",Income Tax - Resident Individual,0.00,0.00,0.00,0.00,0.00,0.00
"0882c3ee8b4471eaae3b73ea95a8f19724aba08737a5094ff8793ca8704867c2","2024",Income Tax - Resident Individual,0.00,0.00,0.00,0.00,0.00,0.00
"75c4965f00a3d402068e9496471264f3f4748f0b57e4e02ae6b4d8c172227511","2024",Income Tax - Resident Individual,0.00,0.00,0.00,0.00,0.00,88294.00
bb6a231e5b7a59ccf8710f639eee094ae03960ccc07f753f8e7d1dd36ec24f4e,"2023",Income Tax - Resident Individual,0.00,0.00,0.00,0.00,0.00,0.00
"005d405edf787749f9ec71b022d0512344e9409ff7fb623a3c58a63580fdb558","2024",Income Tax - Resident Individual,0.00,0.00,0.00,0.00,0.00,0.00
"65459c18682aa27893a8926f089c69eddeca499e0c5d22a15c0bbc851dc213df","2023",Income Tax - Resident Individual,25702.00,0.00,0.00,0.00,0.00,208856.00
"0011d02b0c406454a8e24d8a17919df938836fe1b7891b40f612790e31782ba3","2023",Income Tax - Resident Individual,0.00,0.00,0.00,0.00,0.00,61594.00
"001b5b22e58bfe65e0628a6702649068d6bbfc42699b45da490b2fc6c7077228","2023",Income Tax - Resident Individual,0.00,0.00,0.00,0.00,0.00,0.00
"000a9f7909628b00b6eeabac208554df9d71b1b23185021b2109ce87d7b480d0","2024",Income Tax - Resident Individual,0.00,0.00,0.00,0.00,0.00,267274.00
"000a9f7909628b00b6eeabac208554df9d71b1b23185021b2109ce87d7b480d0","2023",Income Tax - Resident Individual,0.00,0.00,0.00,0.00,0.00,253429.00
"001b5b22e58bfe65e0628a6702649068d6bbfc42699b45da490b2fc6c7077228","2024",Income Tax - Resident Individual,0.00,0.00,0.00,0.00,0.00,0.00
be81c5248ef640ac1c32bd8e21e97f799341e82bb1b17c84ba8f1d352b6133ad,"2023",Income Tax - Resident Individual,0.00,0.00,0.00,0.00,0.00,0.00
"525974b3067ecdc7356a0e5cd908afaf89966418dc1a3f5b9d8cd6b3be9389c9","2024",Income Tax - Resident Individual,0.00,0.00,0.00,0.00,0.00,109117.00
f4fbfb8f6d4ac308c84324da3443fbd6aa9e32e7fdc1d4584b3d683b719b6a87,"2024",Income Tax - Resident Individual,0.00,0.00,0.00,0.00,0.00,96560.00
"6ca6901a980156347cbfe2d49dce5295ba396822e2f71e8a09bfc5b38841837b","2024",Income Tax - Resident Individual,0.00,0.00,0.00,0.00,0.00,43454.00
b3d0bd714ec66b0183456233a355c6b7fdf0a7c50f5ec6e0537054b915513e02,"2024",Income Tax - Resident Individual,0.00,0.00,0.00,0.00,0.00,50888.00
d2c37e7e13b80e4a4204434bb09aef1b419fa8de8aea772206e805e03c87b7eb,"2024",Income Tax - Resident Individual,0.00,0.00,0.00,0.00,0.00,176458.00
"478bab17ea55dbb4c1710edeee3755ca99dc8435ccb87d3947b191d72ebfeb1b","2024",Income Tax - Company,122040684.00,0.00,0.00,0.00,105741007.00,0.00
"5a9725b39b818ebc9c317d81e64d13987c37f8d65106ab10814b7d224c1d1823","2023",Income Tax - Resident Individual,0.00,0.00,0.00,0.00,0.00,0.00
"580c9461b7a1347818045265023b1dcb832259473ac5f243ca922b1fa6d8f227","2024",Income Tax - Resident Individual,9750000.00,7815362.00,0.00,0.00,0.00,488992.00
e7650186158d87de2eeef2dfc7f1a2d879d7438a17bd014b524c279be5c966c6,"2023",Income Tax - Resident Individual,0.00,0.00,0.00,0.00,0.00,54389.00
"1d312baa673dfdf59681c7c1400bb351fbe8a288930d5a5e741f5cf868d8b969","2023",Income Tax - Resident Individual,0.00,0.00,0.00,0.00,0.00,242976.00
ff3b11658ed8f6cb4b48ebf54d7b98480070a3c40d539e5a776378785a480ee7,"2023",Income Tax - Resident Individual,0.00,0.00,0.00,0.00,0.00,918167.00
db0430123db22f152e136ace4ba319202ae8fae4a946d8fb4e2894655f62fd75,"2023",Income Tax - Resident Individual,0.00,0.00,0.00,0.00,0.00,0.00
"5e9689070df2fdc182943f0bc2003d43ce4bb0de2cec08ab285ff08299a818ce","2024",Income Tax - Resident Individual,0.00,0.00,0.00,0.00,0.00,57269.00
"7ca747c565c238a57951eec161f345d276541696249a466af1183abf97f5032c","2024",Income Tax - Resident Individual,0.00,0.00,0.00,0.00,0.00,667904.00
f6c24af553417d5e104d84102c89fbf8555dcc0985098c625cd692e17fc3b52a,"2023",Income Tax - Resident Individual,0.00,0.00,0.00,0.00,0.00,306434.00
fd69a9de7b62609e4f626510494ec037d5c141b76773cbdc6b17b3d15c0cdde2,"2023",Income Tax - Resident Individual,0.00,0.00,0.00,0.00,0.00,89847.00
"35ddefb94e56409f949e6cc34ec0e518e95455f3a916b7a4e7e8a2d93dcdaa62","2023",Income Tax - Resident Individual,42140.00,0.00,0.00,0.00,0.00,176604.00
"000bd5672a3da7d5ff68a762472338d9379293769ed36428a38ea52c2313738a","2024",Income Tax - Company,111200.00,52865.00,2266.00,8604.00,22700.00,0.00
"0006213cd199dd92757e1756df3485f590f1bae72545227a55c856ec796334e1","2024",Income Tax - Resident Individual,0.00,0.00,0.00,0.00,0.00,467601.00
"0000992de558deaeaa863867774697ccd7ab5c66a39677dbb542deac655c3225","2023",Income Tax - Resident Individual,0.00,0.00,0.00,0.00,0.00,0.00
"0006213cd199dd92757e1756df3485f590f1bae72545227a55c856ec796334e1","2023",Income Tax - Resident Individual,0.00,0.00,0.00,0.00,0.00,442552.00
"0013661523e67330c84e6d3d6c113fe2e5dcc8194d5ba7042183cfe3a17a2f05","2024",Income Tax - Resident Individual,0.00,0.00,0.00,0.00,0.00,0.00
"0001179d105a524d74fec7d2c73f2ceb547af49110649d2f2c631572383f38ec","2023",Income Tax - Resident Individual,0.00,0.00,0.00,0.00,0.00,95020.00
"0001179d105a524d74fec7d2c73f2ceb547af49110649d2f2c631572383f38ec","2024",Income Tax - Resident Individual,0.00,0.00,0.00,0.00,0.00,106056.00
"805826d96d0d811d4edebcdf1d019a662d0bd94b0401987efab979d8c5162087","2024",Income Tax - Resident Individual,0.00,0.00,0.00,0.00,0.00,0.00
"615b6a51019f22a0b5ea9ca63507a99bb54ad433551c3d13ba7384ab110bb05d","2023",Income Tax - Resident Individual,0.00,0.00,0.00,0.00,0.00,0.00
"4cff76b06cfd30126de21eafaf3c7632a782a2b4156fc79e2e3b8c6bf904b660","2024",Income Tax - Resident Individual,0.00,0.00,0.00,0.00,0.00,6984.00
bd518e1e208f45fdb1f1dc2f10f7d4816c5b59d2601f087cf52752bc4f4857a8,"2024",Income Tax - Resident Individual,1020001.00,1.00,0.00,0.00,0.00,1742631.00
"3ccd61a26343032d9e03b42aa13510bf5ceb5035cc2482c8396670086ca86804","2023",Income Tax - Resident Individual,0.00,0.00,0.00,0.00,0.00,0.00
"5b0d9627f577eb8f772de649d249cabde479fb7bde8eba10fec4f2fe64d713ac","2024",Income Tax - Resident Individual,0.00,0.00,0.00,0.00,0.00,77289.00
"4e659c1ac41f8495692fd32c62cbd2d65acc8635b404ef019e5bc08f790fbb6a","2024",Income Tax - Resident Individual,0.00,0.00,0.00,0.00,0.00,4740.00
bd2d439017a3682cf889954fdd1b5086e81e7356eb3e828a7999454ce53a7cf6,"2024",Income Tax - Resident Individual,0.00,0.00,0.00,0.00,0.00,18345.00
"9d5d87f146506e3ac554d2940b934970668ba0a512b67ca14ec2fa1615544c93","2024",Income Tax - Resident Individual,5580.00,0.00,0.00,0.00,0.00,0.00
"6da01c1cbeef99e372f4eb635cec7a1ec55a52776a734c16f38d1a96aeeff89e","2024",Income Tax - Resident Individual,0.00,0.00,0.00,0.00,0.00,404878.00
a8099528c0630fbb56436c1319b56477bbf5b1ce0c849a7f268e9cd3fb318bef,"2024",Income Tax - Resident Individual,0.00,0.00,0.00,0.00,0.00,446035.00
a541d6fc66309ba3cba6bd5dc2b0a31f7222ffded16865056501625e1ce22c64,"2023",Income Tax - Company,1354569582.00,448148504.00,362358518.00,327663734.00,237702376.00,37245397.25
"3890dee3cadfacf13ecba900455f0514edeed0e7164ae461ee09e0ab3afc0d96","2023",Income Tax - Resident Individual,0.00,0.00,0.00,0.00,0.00,239543.00
efcb937b58abf52ac452c1804bed2a78add8143af2fe4e86447553fc61b40a1a,"2023",Income Tax - Resident Individual,2.00,0.00,0.00,0.00,0.00,1.00
"3a7024255cc102e5a549c5625a832be193d99a83e39e7fd31667f82611ad61a9","2023",Income Tax - Resident Individual,9450.00,0.00,0.00,0.00,0.00,88801.00
"0013cdcd384625b031279215c293c85bdf0eaebea0cccc24994a50e382f51a21","2024",Income Tax - Resident Individual,0.00,0.00,0.00,0.00,0.00,187542.00
"0002ec4ffbbb2543cecfa8efe96c8f86285b883eade8c4f7019e506cfe2cbeab","2023",Income Tax - Resident Individual,0.00,0.00,0.00,0.00,0.00,183472.00
"0000407d530d0db62d5f4f26ef5d93c8d47a5ba42f05387a67c18c0d75f793db","2024",Income Tax - Resident Individual,0.00,0.00,0.00,0.00,0.00,0.00
"0015de386288a0852ec58c80b684e834c7e0e08ab41d74db3a3d4ed6bd76a970","2023",Income Tax - Resident Individual,0.00,0.00,0.00,0.00,0.00,144761.00
fde9c7e17aa93b151d7cb49321697b30496baa764c8bbf8e48f9b00a5f9effaf,"2024",Income Tax - Resident Individual,0.00,0.00,0.00,0.00,0.00,0.00
f1264530260e1f6bbccb01ae725fc738faddff23a919fb85b9422abe8247e60a,"2024",Income Tax - Resident Individual,0.00,0.00,0.00,0.00,0.00,0.00
f07546362b416929869aae028582b28ae83dc640be49cf66fb49f5c909b871f4,"2023",Income Tax - Resident Individual,0.00,0.00,0.00,0.00,0.00,826416.00
"079227ca23b3cacf6db4a266f20afa781650bc2754a238ae0880d58e464bacf2","2024",Income Tax - Company,1900060.00,0.00,3668.00,14448.00,1459000.00,0.00
be2333484b948a70c7037373de25da26309a4658ef503e0ef8d1b6cabca6c495,"2024",Income Tax - Resident Individual,0.00,0.00,0.00,0.00,0.00,179306.00
ee1fcf033587cdb8b2e137d11dddc9beead77076df6a1c26d82f712a1ddeb8ef,"2024",Income Tax - Resident Individual,0.00,0.00,0.00,0.00,0.00,261130.00
a119d0d73a3ba0fb3a34496711a2722a7a8493b25ebee472264a6715d2583718,"2023",Income Tax - Resident Individual,47940.00,39950.80,0.00,0.00,0.00,397737.00
"5124ef3fb6e29d96cda6a189853d45aaaaeaf43ed4a50cfb065f53a755cdc4d9","2024",Income Tax - Resident Individual,0.00,0.00,0.00,0.00,0.00,93156.00
"126de4767b71a918bcd69fc17592f5dd7ecbe779e97d993ba619bfc51dadc99c","2024",Income Tax - Resident Individual,0.00,0.00,0.00,0.00,0.00,0.00
"53a77f6f1994bab9399e5a09cb3d01669b64f6d84a5358d2da939e2fa95a13f0","2023",Income Tax - Resident Individual,0.00,0.00,0.00,0.00,0.00,0.00
"256a3a5ae701d17d7cb3af9ead04ea1888e450bbb5e7b7dd1f0d5ffa105aae91","2024",Income Tax - Resident Individual,24000.00,0.00,0.00,0.00,0.00,32804.00
"934eaac098e7353f2b2833c1b612af42d7ddb9744317fb63be29df435f461be2","2024",Income Tax - Resident Individual,0.00,0.00,0.00,0.00,0.00,128873.00
e00e582c5890f309d7c61d746bb2190bc40b83c1c03927f075d5e1e4316f9827,"2023",Income Tax - Resident Individual,0.00,0.00,0.00,0.00,0.00,865151.00
"37507d79d773f49b42a9be615ecb23bc4813d08dc6ed4ab4db45d0b8ed711a72","2024",Income Tax - Resident Individual,0.00,0.00,0.00,0.00,0.00,138598.00
af3ca4e3fe999d8e89012e25829957456268eb539a7e3c6f7a57d3ffcfb6f2dd,"2023",Income Tax - Resident Individual,0.00,0.00,0.00,0.00,0.00,0.00
"00134cfd194468b6f7668de9469fcd327648d3451c628527ffe69ba79516d130","2023",Income Tax - Resident Individual,0.00,0.00,0.00,0.00,0.00,0.00
"0018c175a41baa9d73e683bb5afbcc69bc6fbfb8a43dc00966f60ffc60527083","2023",Income Tax - Resident Individual,0.00,0.00,0.00,0.00,0.00,50692.00
"0018c175a41baa9d73e683bb5afbcc69bc6fbfb8a43dc00966f60ffc60527083","2024",Income Tax - Resident Individual,0.00,0.00,0.00,0.00,0.00,61093.00
"000b75860e544f646a7e2eb969230e9c005671654be0f33e588259a7cf741b0b","2023",Income Tax - Resident Individual,0.00,0.00,0.00,0.00,0.00,286690.00
"00026cefebf882f6177f66d37ba38e779c8f0ffbf05fcc363892fd46145d09f6","2023",Income Tax - Resident Individual,0.00,0.00,0.00,0.00,0.00,368396.00
"000b75860e544f646a7e2eb969230e9c005671654be0f33e588259a7cf741b0b","2024",Income Tax - Resident Individual,0.00,0.00,0.00,0.00,0.00,337098.00
"00026cefebf882f6177f66d37ba38e779c8f0ffbf05fcc363892fd46145d09f6","2024",Income Tax - Resident Individual,0.00,0.00,0.00,0.00,0.00,339650.00
"000a3d2bf2b0c3064b3a2862743a554ff59d8b6c56d6212fe917fcce15c8696c","2024",Income Tax - Resident Individual,0.00,0.00,0.00,0.00,0.00,0.00
"001a7f9f9ccec7daedf0cc3d6e8e6a4b5c5d108f52ffa6ac7a21fdf9ab07a047","2023",Income Tax - Resident Individual,0.00,0.00,0.00,0.00,0.00,3982.00
"0b6a0704ee42e46f48228cfd96175ebe2d8e2357b5bffdd500908498d0342630","2023",Income Tax - Resident Individual,0.00,0.00,0.00,0.00,0.00,0.00
c9a1d4913280f5c9705168ac7affb2ef8f31c83bbd35d770b146668eca364663,"2023",Income Tax - Resident Individual,0.00,0.00,0.00,0.00,0.00,206613.00
"9afb8c171060bb4b08615e8c43a5729518c5d56cd8147533d7d2882b30ec7f0b","2024",Income Tax - Resident Individual,0.00,0.00,0.00,0.00,0.00,0.00
"424e15b47fcdeb8c98cd852e2d2d7ab7067b175257b22c8651358754a9142acd","2023",Income Tax - Resident Individual,0.00,0.00,0.00,0.00,0.00,0.00
eb663111f6dfbd6992090bb207493ed14eb7afe9fd23b7781e2c1b01ed0277dc,"2024",Income Tax - Resident Individual,0.00,0.00,0.00,0.00,0.00,26615.00
"70264d97e02b8405a30529a3cbb1116a9240b2ccb56510f4fcc2b94e9dab14dd","2024",Income Tax - Resident Individual,0.00,0.00,0.00,0.00,0.00,200409.00
d0aebfd317f9f5e74809838dec033531fb86a0c74d21110a3556c3176a5d99d7,"2024",Income Tax - Resident Individual,1571720.00,1569920.00,0.00,5400.00,0.00,0.00
"3e6c247f44b14da2c9e98453b20eaa944ec88e96b70744166921e8e8a471d59b","2023",Income Tax - Resident Individual,0.00,0.00,0.00,0.00,0.00,95371.00
ca89a396a933dc4a21fd3e74e9192235309a974210da6cfd3db24599f59057aa,"2023",Income Tax - Resident Individual,0.00,0.00,0.00,0.00,0.00,0.00
"1e128ce4d1626b3463a14928c40bc1fc811cb8444625f1e9d3b41ece3b46d966","2023",Income Tax - Resident Individual,183100.00,115033.77,0.00,4000.00,65172.41,0.00
"12bc85371b1ad42c9687986022d1d6383930c17d7469d6e33dcd89a08a6ef2de","2023",Income Tax - Resident Individual,0.00,0.00,0.00,0.00,0.00,105346.00
"805a6d2930240d322acbf9f716c11c9c51c730a703032f0373e37ca606552f73","2024",Income Tax - Resident Individual,0.00,0.00,0.00,0.00,0.00,305805.00
"1f3b2ab6e78e43f141b79c141ee47e32f96907cfdc68bf09aedccbcc61cce159","2024",Income Tax - Resident Individual,0.00,0.00,0.00,0.00,0.00,0.00
"19e40fb923b24c308391645f1d668af6b4f5dad60821962b54f5def684585808","2024",Income Tax - Resident Individual,0.00,0.00,0.00,0.00,0.00,0.00
"7bb4c6c1520b8dd0ee581cd6bc1189150414b6deeaae753a0e130a2540681858","2024",Income Tax - Resident Individual,0.00,0.00,0.00,0.00,0.00,42475.00
"1f307089bd7ac976c0c6029d0b1703f77eb651d9a69fcd952653f436eb540c5a","2024",Income Tax - Resident Individual,0.00,0.00,0.00,0.00,0.00,78422.00
cf4b9e0b45bcd66fa6eff5084c3dc3d90effd69cc21c76d5a0dcda8ccb32457b,"2023",Income Tax - Resident Individual,0.00,0.00,0.00,0.00,0.00,286768.00
"169b317c19d71bea1579777dd19a25bf6705108756745a5836cc8b172f1a4e41","2024",Income Tax - Partnership,616661.22,20161.44,0.00,1563.78,0.00,0.00
"78ad1f2c8ba8e7c6b83081164f8e966bf690b3ee500d011324c9d2b15b0db8a4","2024",Income Tax - Resident Individual,4026663.00,677000.00,1053700.00,2340.00,168660.00,400664.00
"0003235f6d979aedcedfb357fe696897cecd1acf954d37e3eeb085e111925110","2024",Income Tax - Resident Individual,0.00,0.00,0.00,0.00,0.00,264598.00
"0003235f6d979aedcedfb357fe696897cecd1acf954d37e3eeb085e111925110","2023",Income Tax - Resident Individual,0.00,0.00,0.00,0.00,0.00,0.00
"000f28df9c00a2d59e18ff03c8da9305c404317440c64ef5f50b2aa7035598e0","2023",Income Tax - Resident Individual,0.00,0.00,0.00,0.00,0.00,0.00
"001810c3325134b6cf68ed2822fce1e97d596a25ea7f6c84e5a1fe03a472e9be","2024",Income Tax - Resident Individual,0.00,0.00,0.00,0.00,0.00,0.00
"09cfb724595dce831a51c9be0c17e6e5e94d88889ca5bc185a68148b0ffd0490","2024",Income Tax - Resident Individual,41040.00,34200.00,0.00,0.00,0.00,184851.00
"11aa0dbd22bf2c8bb29e137a3e3845eed8bb14018a6cad2030d8d1e406556f5b","2024",Income Tax - Resident Individual,1413240.00,30500.00,7500.00,0.00,0.00,16218.00
"2c3ed8af172ac0efcdce7c68086bf2afc751e0bf8b74512688e5249524ab1752","2023",Income Tax - Resident Individual,0.00,0.00,0.00,0.00,0.00,0.00
"380c1552a0cdad76b260333529bbeef63ea19dba1e0a8b7485808e640053dae5","2023",Income Tax - Resident Individual,0.00,0.00,0.00,0.00,0.00,137056.00
"0db9c76053d0eebf268c2505909390ac1b0879c21da3c505a558e08cd60f39e3","2024",Income Tax - Resident Individual,0.00,0.00,0.00,0.00,0.00,111757.00
cb3ef1970aed4ac018e8e7259cb3727b20d7f3bc031fd5e8a566dd49bd280433,"2024",Income Tax - Resident Individual,0.00,0.00,0.00,0.00,0.00,0.00
f707426a8b7cf211a5e79a76970e43411f272d0a550c732cb15c4104a7abe4f8,"2024",Income Tax - Resident Individual,0.00,0.00,0.00,0.00,0.00,0.00
"3d0d3f7f4e369439b84e5346266bedf44f5b026fc9f14c0b41d21e8997303aaf","2024",Income Tax - Resident Individual,0.00,0.00,0.00,0.00,0.00,0.00
aea2ebbb75dcd3328e2d3c65556302f1dc308068489a56ba2a6c7df7d24bb69e,"2024",Income Tax - Resident Individual,0.00,0.00,0.00,0.00,0.00,83052.00
d003295639b58e926a722a73b73ea26ea01ae35abddad9e8ed0008af79afeb16,"2024",Income Tax - Company,5901903.00,183307.00,0.00,18660.00,848725.00,0.00
cf7e2d2baaa067a0e8098197b5a9c7ec883483c27812ebbfc066ce65fcd079b2,"2023",Income Tax - Resident Individual,0.00,0.00,0.00,0.00,0.00,6409258.00
"904b4d196e5f885d9e00eac0937e305d1010af919b017455d06ab40782bceebe","2023",Income Tax - Resident Individual,0.00,0.00,0.00,0.00,0.00,0.00
f23935db079d947e23f63e3ef2ead2044f39a12f68ae5ed7946faa8f3a8bdf41,"2023",Income Tax - Resident Individual,0.00,0.00,0.00,0.00,0.00,0.00
f41028f652a416d2a52539d13683673536d6bc72c02722e9db48593e8cf91859,"2023",Income Tax - Resident Individual,0.00,0.00,0.00,0.00,0.00,0.00
"0b83d7a90a278c026727952723248669364ba477908466ba6a141274242c38e5","2024",Income Tax - Resident Individual,0.00,0.00,0.00,0.00,0.00,2861463.00
c4d98ecc9716a0ba8bae1c0f28ecc7e89db7d60f16074e6b9233be8509295edd,"2023",Income Tax - Resident Individual,0.00,0.00,0.00,0.00,0.00,13360.00
"40f829a819caaafb8318bbd3f866b7dff1c092f03a3a782d5f3ce400cff7f4db","2023",Income Tax - Resident Individual,33660.00,28055.61,0.00,0.00,0.00,123418.00
"9d32f9549c32f552522f9fb45ae8c3fa804f88f33c72f792fc6320951f1b12b9","2024",Income Tax - Resident Individual,0.00,0.00,0.00,0.00,0.00,157321.00
ee493ec05afabe0d345bd24a3ce4006156c983b2950adafb0ba033f2fed4e803,"2024",Income Tax - Resident Individual,0.00,0.00,0.00,0.00,0.00,168818.00
"6145beda55383e25ce34209b2d4e97d072e2ceec982d98bc1402f8e88dd665c8","2024",Income Tax - Resident Individual,0.00,0.00,0.00,0.00,0.00,20144.00
"000cda9a2a676ee3d494b23809af159b52b5999f6110d8f4e5a5bba045fa21d8","2024",Income Tax - Resident Individual,0.00,0.00,0.00,0.00,0.00,153883.00
"00039ebf6a34333920379b1e64e86e8f7cef5e14905a6aa3fb4b619ae380d8a5","2024",Income Tax - Resident Individual,0.00,0.00,0.00,0.00,0.00,102.00
"001396a792cc526bb4ca80178ce957cf676a6f8af863e06bfe2b98bf62c96363","2023",Income Tax - Resident Individual,0.00,0.00,0.00,0.00,0.00,116373.00
"001810c3325134b6cf68ed2822fce1e97d596a25ea7f6c84e5a1fe03a472e9be","2023",Income Tax - Resident Individual,0.00,0.00,0.00,0.00,0.00,0.00
"000cda9a2a676ee3d494b23809af159b52b5999f6110d8f4e5a5bba045fa21d8","2023",Income Tax - Resident Individual,0.00,0.00,0.00,0.00,0.00,67308.00
"000cda9a2a676ee3d494b23809af159b52b5999f6110d8f4e5a5bba045fa21d8","2023",Income Tax - Resident Individual,0.00,0.00,0.00,0.00,0.00,67308.00
"000cda9a2a676ee3d494b23809af159b52b5999f6110d8f4e5a5bba045fa21d8","2023",Income Tax - Resident Individual,0.00,0.00,0.00,0.00,0.00,67308.00
"000434c5d592813bf8592224adeffdfcd33294c9279ba1f08d7d2297bbbf8670","2023",Income Tax - Resident Individual,0.00,0.00,0.00,0.00,0.00,166176.00
"001a6ae50540b144dc348de972402617ccbfa3fca5baa9e2dca2ddbda9266356","2023",Income Tax - Company,6149043.00,494624.00,448011.00,67396.00,170310.00,32583.00
"0013518fb137376dea9b0ce238ec7000c25e4d4a7da4ad1a3428d697b8245489","2023",Income Tax - Resident Individual,0.00,0.00,0.00,0.00,0.00,34312.00
"5dc4e261e6ed819aabc19d22ee03d7eaefa3e8788c6019f02b340898222c43c2","2023",Income Tax - Resident Individual,0.00,0.00,0.00,0.00,0.00,0.00
fdea61e4521877a7d54c110dfd93362835f088cc493077af592b06f45d16f2f7,"2023",Income Tax - Resident Individual,0.00,0.00,0.00,0.00,0.00,0.00
c4192877bbed6b626c74f958a487690fda56e4e9cd6e73e5767086fd7b6a32b0,"2023",Income Tax - Resident Individual,0.00,0.00,0.00,0.00,0.00,3294.00
dc5d62a51b8df1404e99f21337825950b3a06285edeafdb38ff8bd19e66dff61,"2023",Income Tax - Resident Individual,0.00,0.00,0.00,0.00,0.00,0.00
"73ace45463943cc0bd032a13f034d60c1a6259dd128a27267a83d1a05f025d68","2023",Income Tax - Resident Individual,0.00,0.00,0.00,0.00,0.00,0.00
bf97a67ecab5b66a13c8ef529c104aa5ea23e397dfe0f6b497655048dbf44ac4,"2024",Income Tax - Resident Individual,0.00,0.00,0.00,0.00,0.00,17885.00
a7b59ab977699865300f01d277e18a2c9be3903ba664a83604dc986482f61964,"2024",Income Tax - Partnership,14290911.00,2225976.00,2116285.00,140785.00,729550.00,0.00
ffadffa9accbb1a2426770068d270a0eef133cf60a1c98d0094d88a723f94ac0,"2023",Income Tax - Company,126000.00,0.00,0.00,0.00,84000.00,12600.00
"7b4d4286a199e8f8d21626d61a74f6a5160936f113128ac91239b8181520e4ad","2023",Income Tax - Resident Individual,0.00,0.00,0.00,0.00,0.00,0.00
"75ae3525a1fa2b69ec53eefab27ab22aa733be794f7a63b6a2fabea5b4cf25cd","2023",Income Tax - Resident Individual,0.00,0.00,0.00,0.00,0.00,132528.00
"999f3cef1542ea701bb36930afdeb79c1d6bbf14e97f36b38307c98c13cd70a9","2024",Income Tax - Resident Individual,0.00,0.00,0.00,0.00,0.00,0.00
"8a30839fda4a481ec48d15534651f38831270c1fb599610aeca097fc9fd4f715","2023",Income Tax - Resident Individual,0.00,0.00,0.00,0.00,0.00,0.00
fb77e823f3ee1652a59eda8f3c20016bad492de1956642ae1b6034cd6be0df1b,"2023",Income Tax - Resident Individual,0.00,0.00,0.00,0.00,0.00,259921.00
f4672d1d7ed9ff39b0a2c8b1e5aecdaf497cdd2f6e1f2aa448889ca22d2d93cb,"2023",Income Tax - Resident Individual,0.00,0.00,0.00,0.00,0.00,0.00
"6c02081029848b41ed81efb2c5d76d6aeada91169bca6106f4c626f3387ed911","2024",Income Tax - Resident Individual,0.00,0.00,0.00,0.00,0.00,78109.00
"000df6970743eacfca9e73a095ca9fb4fd4efaee7b6359ba4e32d8f18ae3c9da","2024",Income Tax - Resident Individual,0.00,0.00,0.00,0.00,0.00,44067.00
"000df6970743eacfca9e73a095ca9fb4fd4efaee7b6359ba4e32d8f18ae3c9da","2023",Income Tax - Resident Individual,0.00,0.00,0.00,0.00,0.00,49360.00
"0013518fb137376dea9b0ce238ec7000c25e4d4a7da4ad1a3428d697b8245489","2024",Income Tax - Resident Individual,0.00,0.00,0.00,0.00,0.00,33948.00
"001a6ae50540b144dc348de972402617ccbfa3fca5baa9e2dca2ddbda9266356","2024",Income Tax - Company,10318195.00,493229.00,833623.00,529293.00,422187.00,78020.70
"0013503355cc63394557484664c15bf2764d70b7a1794323d9032d52e20ace03","2024",Income Tax - Company,17630800.00,449841.00,3227731.00,34150.00,9261236.00,1397352.90
dfafe9999419d9202a71fea17ae4de4d8c8ae5523897dfd58f4193273987be8a,"2024",Income Tax - Company,2827989.00,73880.00,33291.00,226992.00,2475550.00,5483.06
e07b4830f1bd13e0a325cddf224bf8e6d0111e26fd62f78befb6f42bf6c16a4f,"2023",Income Tax - Resident Individual,0.00,0.00,0.00,0.00,0.00,259489.00
b95aff52a3bf22cd66c81ba510c4c17a7ed6177d7fe3ebe219664564b4fc6dc0,"2024",Income Tax - Resident Individual,1.00,0.00,0.00,0.00,0.00,148304.00
f2e4cfba08e170c25758042acc5fbcb382723f3c600a9d4badb23e2bd80b1851,"2024",Income Tax - Resident Individual,0.00,0.00,0.00,0.00,0.00,0.00
d1f146a044c43a8ef80be5fb5b36bc338ef6fc9ed0f871bc2c70029baf8ec810,"2024",Income Tax - Resident Individual,0.00,0.00,0.00,0.00,0.00,113015.00
"357c1c02071157c6ed268674882b1884bb138925830624aad72d96b94c9c1916","2024",Income Tax - Resident Individual,0.00,0.00,0.00,0.00,0.00,104315.00
fd81fd6d0efcc6958cbb63568d13b9b46fe2b4bff7225ed0c53926a1ae50cb5f,"2023",Income Tax - Resident Individual,0.00,0.00,0.00,0.00,0.00,253102.00
"6027e5f6fc538b5b20c26db86404afdd785be24d45fba37dd5c331c035e32f4a","2024",Income Tax - Resident Individual,0.00,0.00,0.00,0.00,0.00,0.00
"85b1ce82ed82dfd2d2be67244ee52bacf9cdf0536c28598b43f3bc41f3e2cc12","2023",Income Tax - Resident Individual,0.00,0.00,0.00,0.00,0.00,97300.00
"7d5c97544d1a53f6532af91d35697eec239c16e94f427597e0a0aea58690f65c","2024",Income Tax - Resident Individual,0.00,0.00,0.00,0.00,0.00,295814.00
"2e457d80541283bbe80cd000ee8d379508c12b49f774ec8c5138a106482fb4e9","2024",Income Tax - Resident Individual,0.00,0.00,0.00,0.00,0.00,0.00
"760cfafa193afd7b1fd1aa4eb8e994545abc0d011b72c1e40692c34ef3c31d37","2023",Income Tax - Resident Individual,0.00,0.00,0.00,0.00,0.00,82458.00
"5476cb911c97121a0f6b7e6e770193151825fc29480a64d0e94b9efc4a8a895b","2023",Income Tax - Resident Individual,0.00,0.00,0.00,0.00,0.00,195355.00
"0009712806baefd1788f1d3ecc34c9d6ee8873c11f5e2c474e39ccb97ed5f729","2023",Income Tax - Resident Individual,0.00,0.00,0.00,0.00,0.00,173283.00
"0013503355cc63394557484664c15bf2764d70b7a1794323d9032d52e20ace03","2023",Income Tax - Company,16798000.00,436765.00,2724570.00,26120.00,9016000.00,1378363.80
"0014a62b0d29398692777ae1c10dc3b8cb7547d8ad93d6a8ae3688e1dff24bda","2024",Income Tax - Resident Individual,0.00,0.00,0.00,0.00,0.00,0.00
"00127f68cdf466668371ef33bc676d81b80b29b81d37c67f7bd65a13aca3b59f","2024",Income Tax - Resident Individual,0.00,0.00,0.00,0.00,0.00,0.00
"0010eacf1b834d35ff332fc749cb67bd2e41e7813931dc8850cd93527d95f759","2024",Income Tax - Resident Individual,410526.00,214926.00,0.00,3600.00,0.00,5852.00
"001b19f477736e97d8304d6b85d6a4f2f9e9793c1fb8a65e66eac28c83a782e6","2024",Income Tax - Resident Individual,0.00,0.00,0.00,0.00,0.00,0.00
"7010d5353f12663ec537dce790f7ea5010dec2f804bac282484836788cfa5734","2024",Income Tax - Resident Individual,0.00,0.00,0.00,0.00,0.00,126092.00
"0b10f06ad6f2aceb72597278a1ccb0821f7307ef2741fa77bcecc23bd77569ef","2023",Income Tax - Resident Individual,0.00,0.00,0.00,0.00,0.00,0.00
"2949aabb2a938135b3b2b322e55632b345c36a6d3982b89aa666a675f968c50e","2024",Income Tax - Resident Individual,0.00,0.00,0.00,0.00,0.00,0.00
bb62539bc2669315b00d75771bf164fa6495d094eeba4a4b3f359bd67656a37d,"2024",Income Tax - Resident Individual,0.00,0.00,0.00,0.00,0.00,2025.00
"5e83bec2d8c3b59dbbc7a22e9b8b649bfc615f46a13bab8cb795f143268bd9c1","2024",Income Tax - Resident Individual,1272900.00,85400.00,0.00,0.00,136200.00,257447.00
c5453ea0fc80fb769be851343ce81584abcb9256d825cbb040ad371077e1df84,"2023",Income Tax - Resident Individual,0.00,0.00,0.00,0.00,0.00,0.00
eecd66db58ccb0f023d299aee4d23792a2bfb22b82aadb97aee557f6a86e1fa2,"2024",Income Tax - Resident Individual,118749.00,96300.00,0.00,0.00,0.00,247924.00
"015b63b2e58e509f78d195e0c3f6d6885e7737d410c7efadd56f58bbab01521e","2024",Income Tax - Resident Individual,98605.00,0.00,0.00,0.00,87600.00,332848.00
"6ec7ee2bc47386accbcf774ed7eb9f429b84e8c2c5d428cd208af1846655fc01","2024",Income Tax - Resident Individual,264.00,0.00,264.00,0.00,0.00,262225.00
"820e9fe6c49d7d9456a30fcd73086cad975226a1a764d2ee63c2597f67456e0b","2024",Income Tax - Resident Individual,0.00,0.00,0.00,0.00,0.00,0.00
"43031bf7bf142796839f9edd7f671233a764cc67a173fe4179993ba360cf33ef","2023",Income Tax - Resident Individual,0.00,0.00,0.00,0.00,0.00,0.00
d082bb12a0df80d8ffb8b23a0274b0135ebc3524f2af04863b2a3e2086c0fb02,"2024",Income Tax - Company,153.33,0.00,0.00,0.00,0.00,22.90
bd237ca4bc7d880d8810ae014f6fc6a91c60c22fd3fd3d0393e8083c39e656f3,"2024",Income Tax - Resident Individual,0.00,0.00,0.00,0.00,0.00,0.00
d8377295f463b014156a1da3c26551e38a66c3465ba74c52e22b8088255385a6,"2023",Income Tax - Resident Individual,0.00,0.00,0.00,0.00,0.00,76522.00
"3df6336520c102629732933a5f55cfa8c554d4aa75fd0a886912fe694fd4e292","2023",Income Tax - Resident Individual,0.00,0.00,0.00,0.00,0.00,0.00
"554855fea9446d7458e745f23a62fee51c83fa0c129630458fd4b0ae190238a6","2023",Income Tax - Resident Individual,0.00,0.00,0.00,0.00,0.00,56825.00
"820e9fe6c49d7d9456a30fcd73086cad975226a1a764d2ee63c2597f67456e0b","2023",Income Tax - Resident Individual,0.00,0.00,0.00,0.00,0.00,0.00
"000f706358689d8fef8bdd583f5d8cfeb370cbaf6deabb30bf39ef3a171c3082","2024",Income Tax - Resident Individual,0.00,0.00,0.00,0.00,0.00,88741.00
"000fd9f4a1f2882322c12245947e1e885706a498f5acff3fcaf8cce7411b8117","2024",Income Tax - Resident Individual,0.00,0.00,0.00,0.00,0.00,281471.00
"000a05da0660201b48a85428bd914076f9108f155676aedb619f10a8125bc9c6","2024",Income Tax - Resident Individual,50560.00,0.00,0.00,0.00,0.00,3034.00
"00089412c29ebca2e0d5ac00df1438d8422ab2ddb7d3c9d6407ab34e5d7d665c","2023",Income Tax - Resident Individual,0.00,0.00,0.00,0.00,0.00,0.00
"00089412c29ebca2e0d5ac00df1438d8422ab2ddb7d3c9d6407ab34e5d7d665c","2024",Income Tax - Resident Individual,0.00,0.00,0.00,0.00,0.00,0.00
"0019e5b978f438397284ec4d1ac968372c661c4bf7ace3bdc44d2483a76a9339","2023",Income Tax - Resident Individual,0.00,0.00,0.00,0.00,0.00,0.00
"000f706358689d8fef8bdd583f5d8cfeb370cbaf6deabb30bf39ef3a171c3082","2023",Income Tax - Resident Individual,0.00,0.00,0.00,0.00,0.00,63951.00
"0001b2631f445a5d9dc39a36e2ef8c839c5bc428edd8ab0cfce4894fe2b47332","2023",Income Tax - Resident Individual,0.00,0.00,0.00,0.00,0.00,0.00
"60fe55cd5b47f2a2434c9a372a79449839e545c46f8416f6a8f31527e17261d5","2024",Income Tax - Resident Individual,0.00,0.00,0.00,0.00,0.00,88577.00
"1cede14337eddd0f7e4b9e5d333305cc928dd210cf1a9223b808ace0e5184dcb","2024",Income Tax - Company,1465065.00,0.00,0.00,9895.00,980763.00,0.00
ca8ece6817eefac76318e5ea2e244f9972fcc32d6b2829ce4cb3ff3455aefb23,"2023",Income Tax - Resident Individual,0.00,0.00,0.00,0.00,0.00,0.00
"3e180d0d2cb21134cff09f120df168165d84dfa7ffff3fc339801cb82de54ef8","2023",Income Tax - Resident Individual,0.00,0.00,0.00,0.00,0.00,120764.00
c92b0736d4aa9ab7953bc2c30c3f59cd0d32183c30540298efe950a69e3b0639,"2023",Income Tax - Resident Individual,0.00,0.00,0.00,0.00,0.00,188486.00
"629989db4c8e3f55d74f83c70db09179db43ca813a129a544c3d7ede1fcc198c","2023",Income Tax - Resident Individual,343200.00,0.00,0.00,0.00,0.00,34320.00
e59c9ea90c2fe76ca573af2c081f13a0472fd937e24c404228981cff23f12087,"2023",Income Tax - Resident Individual,450.00,0.00,0.00,0.00,0.00,45.00
"62e72bb9ab0d59a37425bc5e861d56f8523fb70b308e861bdee4dd98a5af4cb2","2023",Income Tax - Resident Individual,0.00,0.00,0.00,0.00,0.00,369182.00
"8e029eef2266e9573a6adcd4d36025ceedbc2b56ac0160b3d2735d6a722751d1","2024",Income Tax - Company,0.00,0.00,0.00,0.00,15740.00,0.00
"177054c5aeda318f31dd7baa0d1100d20e1572d2f83ff6d367f438410fd2772c","2024",Income Tax - Resident Individual,0.00,0.00,0.00,0.00,0.00,0.00
bb0aa954d0fcf861a36d2cff000b4002426f3e6dada1c3fd2db15cfb38121a37,"2024",Income Tax - Resident Individual,0.00,0.00,0.00,0.00,0.00,0.00
b68b5b4c97d601209aa2191839d64ea8a6708065263cf212aa0b47ccbc8b49be,"2024",Income Tax - Resident Individual,37866.00,36900.00,0.00,0.00,0.00,200655.00
"48b2c6040f83b8d1a481ab6ef8e7642a2613a97a14b68122291e0cf7c8c7c208","2023",Income Tax - Resident Individual,0.00,0.00,0.00,0.00,0.00,4667.00
"1d5771cd306b368d396cdb8ecbedd99d7ba5681fe85fd969949a2916154ef308","2024",Income Tax - Company,19379816.00,3582370.00,2553592.00,3428757.00,4117545.00,559367.79
"471a79d2b150d3844a1386cc21edeb62676cf538b03bbad5d7cb7e5a0ef0220b","2024",Income Tax - Resident Individual,0.00,0.00,0.00,0.00,0.00,275020.00
e4c49f2445defa20b44dde827f2f6c90eef2e899caaf8180677b390032099d11,"2024",Income Tax - Company,17936402.00,2026170.00,2650345.00,1454683.00,4250515.00,143447.10
"6499c1f6d5d324258eab87ae456eb4fc55b19ac4e37bb308534453ffcf7096a8","2024",Income Tax - Resident Individual,345750.00,0.00,0.00,0.00,0.00,438315.00
be2539dabf8745a60888d11f87563514f2e95970c9cba9714d4263826be23fb1,"2023",Income Tax - Resident Individual,0.00,0.00,0.00,0.00,0.00,187098.00
"4d804aaf9e2503fc13ab269b52d82dc90d234da78a5561615b8ab470681752b5","2023",Income Tax - Resident Individual,0.00,0.00,0.00,0.00,0.00,0.00
"79dbd31e7ddd6f7f04b3e1aa88542a2763f30352c7c1ddba5ac49ff8307133c0","2024",Income Tax - Company,1.00,0.00,0.00,0.00,0.00,0.30
c314f536458a1911be2fbe29510adb8482581267f18dc1010d1fd7bdf561bb2e,"2023",Income Tax - Resident Individual,10000.00,0.00,0.00,0.00,0.00,1576118.00
"23e861787b04864e1099d507b32b80505ec2323a5e8c396932ee138c11a999f7","2024",Income Tax - Resident Individual,0.00,0.00,0.00,0.00,0.00,55271.00
cefdcd3ceca688fc6026eeec2ea39e85c317d2f3afb50f85600643a61b3f5630,"2023",Income Tax - Resident Individual,0.00,0.00,0.00,0.00,0.00,105897.00
df360b4935933a34a6c2a8d83a06add21d9f938186f11bbaeaa30d62d94c37d9,"2023",Income Tax - Resident Individual,0.00,0.00,0.00,0.00,0.00,38736.00
"2fa9e691cffa626374bebd83801dc3661b9ae5812ea282966d2426da339055e7","2023",Income Tax - Resident Individual,0.00,0.00,0.00,0.00,0.00,0.00
"8f2d7ae6748ebc4be46a31102f3dba7dd7305a3e1c02b6eb717adc174fd86ed0","2023",Income Tax - Resident Individual,0.00,0.00,0.00,0.00,0.00,21318.00
eaf7d74d3574d53b0bc7d0ad464d51e953b25f88ab697c58f775ddf72666f018,"2024",Income Tax - Resident Individual,0.00,0.00,0.00,0.00,0.00,0.00
"0013136440d9cae1684712b09c94778483df12e58d43e99163d707c54b7f693a","2023",Income Tax - Resident Individual,0.00,0.00,0.00,0.00,0.00,0.00
"000e01179c7866f4a0b27a124a644cfa3500e15ee8198cbff55ae774695acc22","2024",Income Tax - Resident Individual,0.00,0.00,0.00,0.00,0.00,0.00
"000c05f6d3ea0dbd309da4629cdfe533a939ef9f64f8cad492e45ec571913303","2024",Income Tax - Resident Individual,132000.00,0.00,0.00,0.00,0.00,1464842.00
"0013136440d9cae1684712b09c94778483df12e58d43e99163d707c54b7f693a","2024",Income Tax - Resident Individual,0.00,0.00,0.00,0.00,0.00,0.00
"000c05f6d3ea0dbd309da4629cdfe533a939ef9f64f8cad492e45ec571913303","2023",Income Tax - Resident Individual,144750.00,0.00,0.00,0.00,0.00,968425.00
"7275b090935a437c74f865962afeb1dc1ad0bb40d67fbcae63c3d79d8d4df48b","2024",Income Tax - Resident Individual,0.00,0.00,0.00,0.00,0.00,79271.00
"3c343d296a93c2d64a404e86b031bb8dff6bebc5fbe7cb3ddfbb087fda456417","2024",Income Tax - Company,39491596.00,1498806.00,11375923.00,911758.00,8624123.00,0.00
"89ccf1fc4034717ea2a244a0bc3868fd46045416a4e7e33aab5712fad7f121f0","2023",Income Tax - Resident Individual,0.00,0.00,0.00,0.00,0.00,54214.00
"2f3b6ac3ddcfc75962fe197639c4dad8138dad428e0a8a3de1d3c2cbf7ee16bc","2024",Income Tax - Resident Individual,0.00,0.00,0.00,0.00,0.00,0.00
"9d09fb6f931cedc3f4238f414b4a4172c2fb974a1cce7e2f14e571cf32e641f5","2024",Income Tax - Resident Individual,0.00,0.00,0.00,0.00,0.00,110827.00
b525b07d28a87a77212f58dcf3719b7b1e851528f20aedafb1314d3d9d913353,"2023",Income Tax - Resident Individual,0.00,0.00,0.00,0.00,0.00,209186.00
f95c0ee147f1c424ed94493ce6df883c0cb85d611da294c276e5e89512a4479b,"2023",Income Tax - Company,3558486.34,50262.50,6345.00,1806.42,303545.00,3342.05
"4d8bd76b72549b170b9cd47c0d514af84cd45b3fe413e4652c44a1281181ffff","2023",Income Tax - Resident Individual,0.00,0.00,0.00,0.00,0.00,0.00
"27c1dde616793c962e0111bb4da470b6ebbcf7ad3570c1ce3c792fe609f985d6","2023",Income Tax - Resident Individual,0.00,0.00,0.00,0.00,0.00,0.00
"19681ea6791ade04ca843a00a2bea6018b6fd543b1ed053ff6ca7a376f3fc19d","2024",Income Tax - Resident Individual,0.00,0.00,0.00,0.00,0.00,0.00
"91ebf64c44b09baea99f898c9adcdef296542efbed0b8b37dd113437eea318c2","2023",Income Tax - Resident Individual,0.00,0.00,0.00,0.00,0.00,64191.00
"000e0fdaa2ae4c3c4639db97fd5ed416c3e622ba7587326a22f9e2743580033e","2023",Income Tax - Resident Individual,1247900.00,0.00,0.00,0.00,0.00,31792888.00
"000834aa5f840816f3bae99c50b0907091b3f88ceacec7a8f4c43e555e227b36","2023",Income Tax - Resident Individual,0.00,0.00,0.00,0.00,0.00,34137.00
"001ca76f2ebef48e601ed26c9f30920298beb241171b61db284577f145125748","2023",Income Tax - Resident Individual,0.00,0.00,0.00,0.00,0.00,42136.00
"000fe209852ea0cfc8d880f096f4b5d3b3b9b9c89d6cc26f924342f44f1f14fe","2024",Income Tax - Resident Individual,0.00,0.00,0.00,0.00,0.00,0.00
"3803411995296e0c05b321e109ca458089bd1f7cedb8e0f8cfe8500412663f6d","2023",Income Tax - Resident Individual,0.00,0.00,0.00,0.00,0.00,1167387.00
d7e9a32ac860f4201e0fae6f0dce6b752b074b2891b0e48e40c4afa8e95d32c7,"2023",Income Tax - Resident Individual,41780.00,34817.00,0.00,0.00,0.00,160677.00
c2ba80a87e119d862d91d04d68316132bb31f69cb97433775dfdd17703bcfb64,"2023",Income Tax - Company,256550.00,39826.00,0.00,0.00,0.00,0.00
f4d26eed615fb8a3881ffc4a3e27b025ddf587512136e1db8c496c1df0c66fa7,"2023",Income Tax - Resident Individual,0.00,0.00,0.00,0.00,0.00,238905.00
"1181dafebe88571e2a7ca369785b18f136cdb644078b64ee5e0da72a5bbe95d0","2024",Income Tax - Resident Individual,0.00,0.00,0.00,0.00,0.00,5001154.00
"1a52d038eda5d790d9adb974f385c84b0f57c74bfae41b3ed9d0c7075045f622","2023",Income Tax - Resident Individual,0.00,0.00,0.00,0.00,0.00,10600.00
c9cc2ece439b66070190caa5374d13d6764435ffbaa928507849f4204531d4ee,"2023",Income Tax - Resident Individual,0.00,0.00,0.00,0.00,0.00,0.00
"1af93339a5d8420d42e1149f5c2dcf8f4284218011c8d78ac456ffbdaa24cd74","2024",Income Tax - Resident Individual,0.00,0.00,0.00,0.00,0.00,0.00
f8f4d2ce7298b2b34edfd278fc51b050dfbc86ef68f22a67a110220ca38ff971,"2024",Income Tax - Resident Individual,0.00,0.00,0.00,0.00,0.00,0.00
ca5c517752c42cbfcba3dc06ef40493fd3d2d8391b87e17fc2ef254554483f1e,"2023",Income Tax - Resident Individual,0.00,0.00,0.00,0.00,0.00,0.00
dac16d637ea00d29f11a256042b2a8afc4fd577d79d8c98888617639d1296b00,"2023",Income Tax - Resident Individual,0.00,0.00,0.00,0.00,0.00,0.00
"77a1120359a5b566e1aa45b2c420c1feff20aec9f26d136f58310bd3a34147ca","2023",Income Tax - Company,1930080.00,26500.00,0.00,516.00,0.00,570919.20
"454911f825d7e4e9ac8f8cb2276498d57cae43e4d5555b977828b875bc502fb5","2023",Income Tax - Resident Individual,0.00,0.00,0.00,0.00,0.00,0.00
"0b40a19a8f895fa63b8c65c0d9258e54a148cf8c9a0f3c6bc923717ee1cc2b87","2023",Income Tax - Resident Individual,0.00,0.00,0.00,0.00,0.00,0.00
d052ecaf06c0d797199ddb2823adabf16105f68170d2735f95f24ce401fa3eae,"2023",Income Tax - Resident Individual,0.00,0.00,0.00,0.00,0.00,239543.00
c17de1af1c4e97a491e274010d0a18cfda9128bb634fdc328d3ebe0f6f040917,"2024",Income Tax - Resident Individual,568000.00,0.00,0.00,0.00,60000.00,0.00
"8fadca7b7a3005cf04f50a48ba530b1fb83e594911ba7ec811f329d8f44ed11f","2024",Income Tax - Company,47119982982.00,449074895.00,428622314.00,208833414.00,293819248.00,1326764481.06
"000d5aff6d48c35b756c512aabadcb62f833c7c2356111d3e63493d18d090af7","2023",Income Tax - Resident Individual,0.00,0.00,0.00,0.00,0.00,12814.00
"0014d36bf3b41e2fb5ac188a04f076e3af54f9a38eadb085054e5b8a22ff1b3e","2023",Income Tax - Resident Individual,0.00,0.00,0.00,0.00,0.00,0.00
"00021b7b9cf03c37ab186d7a47c55a7c128b68d23cc6f460ff950c3c2fa66300","2024",Income Tax - Resident Individual,0.00,0.00,0.00,0.00,0.00,32440.00
"0002d8c5066d236fcdfff875539c4c7844e7c0a71ad69747f3511b4bc0347705","2024",Income Tax - Company,852369.00,0.00,0.00,0.00,783442.00,20678.10
"00167e43908490bed6792e1f33e6616998d18ae893b4cfa544f6de0b8031843e","2023",Income Tax - Resident Individual,0.00,0.00,0.00,0.00,0.00,536318.00
"00182dce7e4ae7bd98b6b455eff208ce999eab97003b976c9079b6dcadbafe5b","2023",Income Tax - Resident Individual,0.00,0.00,0.00,0.00,0.00,0.00
"00021b7b9cf03c37ab186d7a47c55a7c128b68d23cc6f460ff950c3c2fa66300","2023",Income Tax - Resident Individual,0.00,0.00,0.00,0.00,0.00,22604.00
"000227479d14e10c2e72fcf811d3d6ac40a8a054b1c8a3fc23d218c78fa73aec","2023",Income Tax - Resident Individual,88600.00,0.00,0.00,0.00,0.00,0.00
"00167e43908490bed6792e1f33e6616998d18ae893b4cfa544f6de0b8031843e","2024",Income Tax - Resident Individual,0.00,0.00,0.00,0.00,0.00,564867.00
"000d5aff6d48c35b756c512aabadcb62f833c7c2356111d3e63493d18d090af7","2024",Income Tax - Resident Individual,0.00,0.00,0.00,0.00,0.00,20171.00
d5305271bfa5109db28d04b255bc433b2868e71da9ba76ddd3a94c45e2ce000a,"2024",Income Tax - Resident Individual,161100.00,63600.00,0.00,0.00,0.00,0.00
"6c9f9b8bbf10ac47e55815c86a6ec735baefae1bf335d615b9f6bdd54c9c4c26","2023",Income Tax - Company,3597060.00,1421817.00,432000.00,54226.31,0.00,0.00
c190c27473d7d699499531442b13a2493bebb152a5a4cfb222cea0819317c6ba,"2023",Income Tax - Resident Individual,0.00,0.00,0.00,0.00,0.00,94034.00
"6fa935b2d094073432f8685e9db8d4e776606e70ba417995d9abd049c46eea9c","2024",Income Tax - Resident Individual,0.00,0.00,0.00,0.00,0.00,74968.00
fab1ffa0b84d7db0ea716be6af959bae39131036be2c74a34062a3c169fe7130,"2024",Income Tax - Resident Individual,0.00,0.00,0.00,0.00,0.00,360394.00
"425224caae3a4d47e93180af2c3f5611d564876b07fee9b853ce6427d74af50c","2023",Income Tax - Resident Individual,0.00,0.00,0.00,0.00,0.00,0.00
f1bf66f126112fc68e2ad226772d4621c0619f4c7246be6e5cece42a9355130d,"2023",Income Tax - Resident Individual,0.00,0.00,0.00,0.00,0.00,0.00
d4c476c049d84c482e33c9299c441f3ad59b1bc41e618838e09a598bc57184f4,"2023",Income Tax - Resident Individual,0.00,0.00,0.00,0.00,0.00,109485.00
eff0da1b91056656bcc56a3c962c19c10e000d64197309a87b467d3345511e57,"2024",Income Tax - Resident Individual,0.00,0.00,0.00,0.00,0.00,0.00
aa0514cc7473698791a9132b83b344cea8acee7225e9bea2069319078eeb803e,"2024",Income Tax - Resident Individual,0.00,0.00,0.00,0.00,0.00,33706.00
"9bb1ae99ddcf6c4452f5f871888024b21e72a328f51318bd58a192bf52b44698","2023",Income Tax - Resident Individual,0.00,0.00,0.00,0.00,0.00,0.00
"7a235d5ca7c103887e10cde4091a5b362b020f8df6d6ae5fa1c766d91b942f32","2023",Income Tax - Resident Individual,0.00,0.00,0.00,0.00,0.00,264254.00
ebea510771720c4b05aeb1f67bca517a877596d8e4e71130ce969cbffc487913,"2023",Income Tax - Resident Individual,0.00,0.00,0.00,0.00,0.00,0.00
"8d865d4dc19a5a8b684e0f8a1ed0c741796d8e781bb2380d489191392aa14007","2024",Income Tax - Resident Individual,0.00,0.00,0.00,0.00,0.00,56026.00
"2db50aa7e5b2a3d59b8559c5e18ee23963aac297a4895da115aab97b25f1ea23","2023",Income Tax - Resident Individual,0.00,0.00,0.00,0.00,0.00,85360.00
"000e5715fb49a7304e12f76515a092e6d35e0914d0fb58fa04f0ed46c6b9c673","2023",Income Tax - Resident Individual,0.00,0.00,0.00,0.00,0.00,155570.00
"00080ff0b2c0b96b2bbb47c5a042465e18d62074ac45bea160ee32375acea473","2023",Income Tax - Resident Individual,0.00,0.00,0.00,0.00,0.00,0.00
"00107dbc9099d5fbea046da472371d6c5c29cdf35ec174535897635b9e7bea6c","2024",Income Tax - Resident Individual,21150.00,20400.00,0.00,0.00,0.00,68873.00
"000e5715fb49a7304e12f76515a092e6d35e0914d0fb58fa04f0ed46c6b9c673","2024",Income Tax - Resident Individual,0.00,0.00,0.00,0.00,0.00,175713.00
"00107dbc9099d5fbea046da472371d6c5c29cdf35ec174535897635b9e7bea6c","2023",Income Tax - Resident Individual,57160.00,0.00,0.00,0.00,0.00,7708.00
"488dedf3570da87d3e161c2fdc0ec75a900fffe6ade38df45491ca2ebd58df2d","2023",Income Tax - Resident Individual,0.00,0.00,0.00,0.00,0.00,0.00
b08b980064563d5bf5bb920bedc00e6a7de0a71c3140ff391aacfd23b98a0b3d,"2024",Income Tax - Resident Individual,0.00,0.00,0.00,0.00,0.00,468280.00
f914e0cf48e65f130f8f57220ac36cb05e2dd4f0421d45f8675a67dd3c8a152f,"2024",Income Tax - Resident Individual,10.00,10.00,0.00,0.00,0.00,329490.00
"404c8edd5b406121121e4b3c73ca1f08d9a3936ca8db8fa5adeb5465925400e5","2023",Income Tax - Resident Individual,0.00,0.00,0.00,0.00,0.00,0.00
"09204942c4733d53d29c0d83aeef6623df9d99088ed612f00027206e75431a4c","2023",Income Tax - Resident Individual,0.00,0.00,0.00,0.00,0.00,0.00
a514a76877ed4646abe1e9656bf895292b5a7855e9feab342808a5f9e37759e3,"2024",Income Tax - Resident Individual,0.00,0.00,0.00,0.00,0.00,9184.00
ea0cb6971a5c2a2d15c279109767d7f57852b477ef730d2d892240ff7b5bd15b,"2024",Income Tax - Resident Individual,0.00,0.00,0.00,0.00,0.00,69551.00
"03cc3945942ac6c19679dcf8b5a8e4264c618941611d6416550128b7a6f16e5a","2023",Income Tax - Company,1225879.00,251823.00,27844.00,9218.00,864447.00,20140.03
"6f28ca01a36d5a19604900bc9f8bc1f89dd2ed061f0b3e610c2fd952423fea83","2024",Income Tax - Resident Individual,0.00,0.00,0.00,0.00,0.00,126642.00
"9bfc9f2ec8cdfe8e6ef63a48443992f9322820dcbda6b13a2272a7865866fec6","2023",Income Tax - Company,20399967.00,183433.00,4328821.00,296896.00,5011359.00,78291.30
caff207cc6be048ade896e41ca05ddbd26042b20f4b8822caba2c300dd1cd7d8,"2024",Income Tax - Resident Individual,0.00,0.00,0.00,0.00,0.00,0.00
c7c6cf3007f1c6576e080f7006fddcb3e4cc84ccc915651a3e7e4f5e6ffc7b43,"2023",Income Tax - Resident Individual,0.00,0.00,0.00,0.00,0.00,0.00
e136ef676ad3cbafd4ad5554350c82f0895470cc7dab27953776bb513196106b,"2023",Income Tax - Resident Individual,0.00,0.00,0.00,0.00,0.00,0.00
"6d5caf60a3290cc4049ea08f919f30038c0a6efaa4126ad06463a6bf5d2f1bab","2024",Income Tax - Resident Individual,0.00,0.00,0.00,0.00,0.00,473543.00
"0a455336c0d2fc5c5107e7ee42f3cdbea390762718d3fec2bef3d9c4b4a19a4f","2023",Income Tax - Resident Individual,0.00,0.00,0.00,0.00,0.00,0.00
"13f80cbe37e0601e0d96886f430031c39b92afce2629ffb9c3f6d66e3e13d0a6","2024",Income Tax - Company,1453980.00,0.00,0.00,0.00,269766.00,2432.70
f1d414057e1667c9ab97c5fbc37bd689279670cae86e1907fba4dc2aeb3e6829,"2023",Income Tax - Company,4731681.00,459259.00,0.00,0.00,0.00,3808.29
d5843700c6764f0b2123f5e6d3e2ec4331dc1d6f5cd9dd08b80066c5545b19da,"2023",Income Tax - Resident Individual,0.00,0.00,0.00,0.00,0.00,217676.00
"7a6fcbfffe7bad4efc5bf1087409af2442f7687ec301924f0b1d827e2c9515e9","2023",Income Tax - Resident Individual,0.00,0.00,0.00,0.00,0.00,9284.00
daaa594ad768a835ca20443548481c7ab7cf59905e03d57226490c7ea22824e2,"2023",Income Tax - Resident Individual,0.00,0.00,0.00,0.00,0.00,0.00
"0019dc464f665cc8b477b44153558b45b8d7328009ed09060cfecdc72fc212fa","2023",Income Tax - Resident Individual,0.00,0.00,0.00,0.00,0.00,122800.00
"000135031fe0daa9690337193a6b17a71cd7bd6af3cf89589d24121729355a77","2023",Income Tax - Resident Individual,0.00,0.00,0.00,0.00,0.00,182789.00
"00001f619ba644b1eb3667848b9ebc88386144d66f6f33c13ab2e4dbfa414496","2024",Income Tax - Resident Individual,0.00,0.00,0.00,0.00,0.00,113638.00
c3e425d27c1712e98cce9e9a37aa8f5b2dec9c4d1bcbe1f2f4daa31ec109c766,"2023",Income Tax - Resident Individual,0.00,0.00,0.00,0.00,0.00,550098.00
e1c1b09b992cfa5120caec68771e14d9df64baae55d7d09e810f1479532fccec,"2023",Income Tax - Resident Individual,0.00,0.00,0.00,0.00,0.00,150188.00
"5b9fc44d28a803c158b54ab6b307f7c05d3d353dd857f64ab204453b135d6a7c","2024",Income Tax - Resident Individual,0.00,0.00,0.00,0.00,0.00,840.00
"197644171ed7f9b09c3d1105fbb4fb0b192ded2a5c1f921a7616444ac465d3a7","2023",Income Tax - Resident Individual,0.00,0.00,0.00,0.00,0.00,0.00
"032490e73bf99b3123c0aad0475633ce6e0dc49ce0de3b71e158dd84fe49a07a","2024",Income Tax - Resident Individual,0.00,0.00,0.00,0.00,0.00,285291.00
"347c27c10d18e2d0099ff59804239c1d3cc57d3d112faf24e9508284d8bb62b7","2023",Income Tax - Resident Individual,0.00,0.00,0.00,0.00,0.00,40644.00
"211ffc7937a09d5f74fd387b6d1ecc85e46514949fdfa556391d7521f48d62e1","2023",Income Tax - Resident Individual,0.00,0.00,0.00,0.00,0.00,51880.00
"8dc95d037d11fee5c41624c2935a285353d9bec32fb2188d80b12adda71538bd","2024",Income Tax - Resident Individual,150000.00,0.00,0.00,0.00,0.00,0.00
e9e91f492759f9880af370eb824fc466ffa037e33d6166e5415457364d1a4746,"2024",Income Tax - Resident Individual,0.00,0.00,0.00,0.00,0.00,113957.00
c18755530862a929c722171448c4ffb737e9d11546a5ca4346170c8d7a6880eb,"2023",Income Tax - Resident Individual,0.00,0.00,0.00,0.00,0.00,602329.00
"9162dffc5db8c645d6176b881d9251467bcf9b12aaf742e3959251a7bd90e7c6","2023",Income Tax - Resident Individual,0.00,0.00,0.00,0.00,0.00,212095.00
"3144f6113ac7d457fa9baa6a9ac7aa8750fb0676806a76fc035871e1010300f6","2023",Income Tax - Resident Individual,0.00,0.00,0.00,0.00,0.00,163962.00
"000135031fe0daa9690337193a6b17a71cd7bd6af3cf89589d24121729355a77","2024",Income Tax - Resident Individual,0.00,0.00,0.00,0.00,0.00,198849.00
"0010a0920d9e810c59622735efa1f427c01aefd3379461211ab4b7efe3fdca59","2024",Income Tax - Resident Individual,0.00,0.00,0.00,0.00,0.00,0.00
"0019dc464f665cc8b477b44153558b45b8d7328009ed09060cfecdc72fc212fa","2024",Income Tax - Resident Individual,0.00,0.00,0.00,0.00,0.00,154381.00
"0010a0920d9e810c59622735efa1f427c01aefd3379461211ab4b7efe3fdca59","2023",Income Tax - Resident Individual,0.00,0.00,0.00,0.00,0.00,5155.00
"0010b3a8d7a764e7fbaf5c6b32fb58f35131005943da6ab9947a1a974268be68","2023",Income Tax - Resident Individual,0.00,0.00,0.00,0.00,0.00,0.00
"00001f619ba644b1eb3667848b9ebc88386144d66f6f33c13ab2e4dbfa414496","2023",Income Tax - Resident Individual,389100.00,0.00,0.00,0.00,332560.00,17122.00
"001ba577a05e7a654e64cbcace2a9725ba0049a4ffcac676f49414fbaf755296","2023",Income Tax - Resident Individual,0.00,0.00,0.00,0.00,0.00,0.00
"14acf3e1651e931f439ba066f939d1c2651b9892a640b7ba594db02e35578bf5","2024",Income Tax - Company,0.00,0.00,0.00,815.00,10000.00,0.00
"8b097de00991ec3a18acd65412aa1a99e6047f4050fca65a59f2a335a3652251","2024",Income Tax - Resident Individual,0.00,0.00,0.00,0.00,0.00,0.00
"09c8451db770c7d49819d587ae35b850228f5b4114328551a4d6e5e42aeda2bb","2024",Income Tax - Resident Individual,0.00,0.00,0.00,0.00,0.00,28133.00
"9516e5f59c13c696427fc2e48d767e647811db37f11744d5f54a8d11f7ff3a68","2023",Income Tax - Resident Individual,0.00,0.00,0.00,0.00,0.00,0.00
eac04617cb1d32399d90a101548667163e696cb10f7cfb71faeddde59a137e76,"2024",Income Tax - Resident Individual,0.00,0.00,0.00,0.00,0.00,11087.00
be42e015a0a63b7ff7276dc3005603ea6f1339093b2e228f9eca7abebc5b6d77,"2024",Income Tax - Resident Individual,0.00,0.00,0.00,0.00,0.00,73672.00
df7d58ad933279fe4f259883821620a8ef7f66b4ddb447aa67caf5938dd5c788,"2024",Income Tax - Resident Individual,0.00,0.00,0.00,0.00,0.00,0.00
"22957ec070ade555bc420bf1b0f0f0df20b0181a4490439988f7bbf473ca5f7e","2023",Income Tax - Company,4990000.00,137235.00,900000.00,0.00,1055751.00,869104.20
"1fa1293a5ed586556ae3b6d63b3280c0b9d92002530acd83ebabf3cc651a4cb8","2023",Income Tax - Resident Individual,0.00,0.00,0.00,0.00,0.00,380067.00
a663eb83a475632722760b616948e4f0ed4f16396a3b30d4d60c22ba73a90047,"2024",Income Tax - Resident Individual,42980.00,35817.38,0.00,0.00,0.00,151271.00
"0011a85b79772017976becff5e7fd4edbbf100d7fc02eee3d05c02901110312f","2023",Income Tax - Resident Individual,0.00,0.00,0.00,0.00,0.00,0.00
"000db7bf73ec9b18c61d19e67a60e99aae1e427eefbc2c5bf06f23730dbd5e57","2023",Income Tax - Resident Individual,0.00,0.00,0.00,0.00,0.00,0.00
"0011a85b79772017976becff5e7fd4edbbf100d7fc02eee3d05c02901110312f","2024",Income Tax - Resident Individual,0.00,0.00,0.00,0.00,0.00,0.00
"0014a7feddd4382e8a2ba194fbc45c795b87d87ebc8b00c881bb9d4275cf122e","2023",Income Tax - Resident Individual,0.00,0.00,0.00,0.00,0.00,5412.00
c89fd0767013f78e83a245c194d6bef228dd57fad3b305077fa356aa10cccf93,"2024",Income Tax - Resident Individual,0.00,0.00,0.00,0.00,0.00,37196.00
"855a789e91ace8a67c1e7d1c93f366d5286d8e980bd156d70310b459aa8d5340","2023",Income Tax - Resident Individual,0.00,0.00,0.00,0.00,0.00,0.00
"7b8fe5ead7ecabcd60faa45ab2f5e54025953f9155be3f2855e4bbcd530f422b","2023",Income Tax - Resident Individual,0.00,0.00,0.00,0.00,0.00,0.00
fae71d8da5cd39214d1187a362a26c2a1d5ed57db9469ad26578270f80de06f6,"2023",Income Tax - Resident Individual,0.00,0.00,0.00,0.00,0.00,16360.00
"758150ebbca39e429dfe8e2d77b771687ddf28f7160782efcd30f104042fcd3b","2023",Income Tax - Resident Individual,0.00,0.00,0.00,0.00,0.00,105128.00
"8ef9ba52f3d1442ae469b833d3ddfaf34c394a9677451ece4480298fa3c5a267","2023",Income Tax - Resident Individual,0.00,0.00,0.00,0.00,0.00,0.00
"6c224b1180ee2e33659ad69e58974218c57887164e3c54fe07bc77c657b9e94b","2024",Income Tax - Resident Individual,0.00,0.00,0.00,0.00,0.00,0.00
b0ccb7e389657333c8bf004a5d97d9508fa6c322a191e7f8b09f6a58f8fdf9cc,"2023",Income Tax - Resident Individual,0.00,0.00,0.00,0.00,0.00,0.00
"0045f2909de5034fe748a0629c43b0ba12461c87dd39a143a7ea19202b5182af","2024",Income Tax - Resident Individual,0.00,0.00,0.00,0.00,0.00,583458.00
"0004d5edef76cb822afc91a6e506b4f14cc81cd7cab5dd8a15685d7d29f349f1","2024",Income Tax - Resident Individual,0.00,0.00,0.00,0.00,0.00,0.00
"0018097fcb1a6d1c50f5d273d5fe93e287c1dc01dd3dcc180c28379dcee2cadf","2023",Income Tax - Resident Individual,0.00,0.00,0.00,0.00,0.00,69095.00
"000d3aa307db0512c55ab4e4375241fd55af3def16f8cd92f58242a0a2637aab","2023",Income Tax - Resident Individual,0.00,0.00,0.00,0.00,0.00,268642.00
"000d3aa307db0512c55ab4e4375241fd55af3def16f8cd92f58242a0a2637aab","2024",Income Tax - Resident Individual,0.00,0.00,0.00,0.00,0.00,327387.00
"0018097fcb1a6d1c50f5d273d5fe93e287c1dc01dd3dcc180c28379dcee2cadf","2024",Income Tax - Resident Individual,0.00,0.00,0.00,0.00,0.00,73453.00
"0010abd1cc92b0d8a120cdcad20fae6b0b89140cb664342d74b0a62fc91f2f1c","2023",Income Tax - Resident Individual,0.00,0.00,0.00,0.00,0.00,751176.00
b2b7fd8fd241176a5aad92a8c275bc3905bd8806295fbb39da105a8c0bf7a20e,"2024",Income Tax - Resident Individual,0.00,0.00,0.00,0.00,0.00,103435.00
a2fc40e7cfc952996e3b560652f8b8bbad75fb5faa7503b995bbe85815185efd,"2024",Income Tax - Resident Individual,0.00,0.00,0.00,0.00,0.00,0.00
f34183542060a0d19fbae5c3e8c238dfe89ebfce2d525ef71d9f66e68f08a9ec,"2023",Income Tax - Resident Individual,0.00,0.00,0.00,0.00,0.00,11953.00
aa96dce4726df7d997f5de5b03057de74de52ce070f479351181774dc35d65f1,"2023",Income Tax - Resident Individual,0.00,0.00,0.00,0.00,0.00,234124.00
"63bd2e983d68a07742f1a366aff66f1628683bb0950af52e8691d7d342918dd0","2023",Income Tax - Partnership,1139833.00,1150733.00,0.00,0.00,0.00,0.00
"0a4673af3603f82a476b78747c660b517b482d1dfe4ebf0478db5fb31fd6c5ea","2024",Income Tax - Resident Individual,0.00,0.00,0.00,0.00,0.00,56694.00
df3d18e919eb49d5fa90fd041b930588305f9155a8f342f22d2d3d0212e4703f,"2024",Income Tax - Resident Individual,0.00,0.00,0.00,0.00,0.00,0.00
"794d7211f7a2143e5d1087703f1b480e72daaa0bfc17dbabe9a975a142bc8414","2023",Income Tax - Resident Individual,0.00,0.00,0.00,0.00,0.00,65123.00
"0bb246a0c73c07aa593f8892b771780aa61d0edd563d52878fbc7653fad2effc","2023",Income Tax - Company,2634774.00,0.00,0.00,0.00,0.00,790432.20
"457defa193f8d78d7f5e0c50638e1d0f93e4f985afe71cfbf7e20005868126ab","2023",Income Tax - Resident Individual,0.00,0.00,0.00,0.00,0.00,0.00
"3249ae2ecfdbc0aaa065ec9844eed52f20669197f7aa948b483a41e8b3bbadaf","2023",Income Tax - Resident Individual,0.00,0.00,0.00,0.00,0.00,0.00
"5bb70ef3a94d9415ba25d86413447716f5f8fb5d82ac778386843312e1d81dc8","2023",Income Tax - Resident Individual,0.00,0.00,0.00,0.00,0.00,661353.00
"8c0e342b73c44507e074664c304f1ceb43c3f8bf41143c546ee406bd79efc4d8","2024",Income Tax - Resident Individual,0.00,0.00,0.00,0.00,0.00,106867.00
"4d732e608f6f9ba3092f185010fa18b1426306fb2f655358d19ff0562b9be758","2024",Income Tax - Resident Individual,0.00,0.00,0.00,0.00,0.00,0.00
"8a637d35c5255936f0dc72ef97d05a7def8982a9b48490f6b2f08b619cd5ac5b","2023",Income Tax - Resident Individual,0.00,0.00,0.00,0.00,0.00,0.00
"35945bc2711e66d65bf169034ee72a9d794651af95e73eb55e693c53d45bec80","2024",Income Tax - Resident Individual,0.00,0.00,0.00,0.00,0.00,3571.00
"4f9dd75d752581129587854b076c797e51556ab213167d8011be58fdc3dfe9d6","2023",Income Tax - Resident Individual,0.00,0.00,0.00,0.00,0.00,149795.00
"208b29aee56d820a55db5761a7d54467db3662196c3140674c97967187f49717","2023",Income Tax - Resident Individual,0.00,0.00,0.00,0.00,0.00,0.00
fc3ffb0c3a440ae61ab2a62994944d1f8da00bc5062e2a97d60fa893e1433cb6,"2024",Income Tax - Resident Individual,0.00,0.00,0.00,0.00,0.00,35342.00
"834941cbfc12d05379d9e668d7f253009c84574eae90a2cfc4dfd4ee75303f5e","2023",Income Tax - Resident Individual,0.00,0.00,0.00,0.00,0.00,164393.00
"0010abd1cc92b0d8a120cdcad20fae6b0b89140cb664342d74b0a62fc91f2f1c","2024",Income Tax - Resident Individual,0.00,0.00,0.00,0.00,0.00,801615.00
"0006daa53602d16929f7531d25fb7a39dcada8a1535e797d6cfabd9b9392d179","2023",Income Tax - Resident Individual,0.00,0.00,0.00,0.00,0.00,448281.00
"0002a3d74137535eb1e0040977848fece63a3dcedbbfb796718595e4d17c6712","2023",Income Tax - Resident Individual,0.00,0.00,0.00,0.00,0.00,0.00
"0004a5a3ca7187405144ac5d9fd8338eb2d6ee6192e16e347557a70be1d3326c","2024",Income Tax - Resident Individual,0.00,0.00,0.00,0.00,0.00,0.00
"0004a5a3ca7187405144ac5d9fd8338eb2d6ee6192e16e347557a70be1d3326c","2023",Income Tax - Resident Individual,0.00,0.00,0.00,0.00,0.00,0.00
"0000058e5e67997e3a7323bcf31eb971d16faaab99b244b40266969da13e7dad","2023",Income Tax - Resident Individual,0.00,0.00,0.00,0.00,0.00,136257.00
"0006daa53602d16929f7531d25fb7a39dcada8a1535e797d6cfabd9b9392d179","2024",Income Tax - Resident Individual,0.00,0.00,0.00,0.00,0.00,570629.00
"00035770453579cb82fb417e960248edf52e34bb4fc8b03d49f26015ca12769b","2023",Income Tax - Resident Individual,0.00,0.00,0.00,0.00,0.00,0.00
"0000058e5e67997e3a7323bcf31eb971d16faaab99b244b40266969da13e7dad","2024",Income Tax - Resident Individual,0.00,0.00,0.00,0.00,0.00,199385.00
"0012d965529de8ca793e642a41dbe0a40cef9a6c6b1c332c2115f94e8d2e35f2","2023",Income Tax - Resident Individual,0.00,0.00,0.00,0.00,0.00,195619.00
fc7536f2e1a36dd07c6f2491b65df3f9e1f9d712cdecbb5e31a58f485525aa4e,"2023",Income Tax - Resident Individual,0.00,0.00,0.00,0.00,0.00,0.00
"30cc95d25f0826496291e2e50c5b5925537143701af3cf51b445d4bb80881ea7","2024",Income Tax - Resident Individual,0.00,0.00,0.00,0.00,0.00,1758406.00
cf988a756f65a6bfbd1754f92fb466a358663498ca76df0c5053d65b54b9d6a0,"2024",Income Tax - Resident Individual,0.00,0.00,0.00,0.00,0.00,156876.00
"3d43dd46237344f089373606c9c234e1433d0c5a7ce0ff73eb034585b09d3d45","2023",Income Tax - Resident Individual,0.00,0.00,0.00,0.00,0.00,19100.00
"43c8b3e11c348bca9d1e6a109add629f4df5f63843c92cce1c940fc35a5f6eda","2023",Income Tax - Resident Individual,0.00,0.00,0.00,0.00,0.00,494246.00
a0c22a3fa9c3b073bbf6c9b9abbaedccfca94d3da2a704429ec67bce205baa80,"2023",Income Tax - Resident Individual,0.00,0.00,0.00,0.00,0.00,56552.00
"3d273ddbc14a3afbc418ac2e39f6a4365d3657257f2cd5398f6694362b3e008b","2024",Income Tax - Resident Individual,0.00,0.00,0.00,0.00,0.00,16535.00
d7954d48724b5ab18509c4dd3ebd4c0f69fc6fac483b4d4a7b8609c37ad36137,"2023",Income Tax - Resident Individual,0.00,0.00,0.00,0.00,0.00,61370.00
a741f3ea50052dbf8c0b664a33e6f2981b53d3ae40a4ff52a12974f4faac8ec2,"2023",Income Tax - Resident Individual,0.00,0.00,0.00,0.00,0.00,404349.00
"93f5bfd95ff6e3e0ba5fbaa94d08847eb5b876c53bd97f0f0c02b64312a06a88","2024",Income Tax - Resident Individual,0.00,0.00,0.00,0.00,0.00,103005.00
"62ec500b84f26cb55168983bebba9b433c28281a069e7a4c9647b3b753e04e11","2024",Income Tax - Resident Individual,0.00,0.00,0.00,0.00,0.00,0.00
"4af19f663fc7ede1ad80ff137fa29c7eff7bee1beb85adbd19714b96156c9d84","2024",Income Tax - Resident Individual,0.00,0.00,0.00,0.00,0.00,542623.00
bd1dcd8f04f66cd300f91b8ebb3d8ed3f2dcf7a5578be58171225b750c4af134,"2024",Income Tax - Resident Individual,0.00,0.00,0.00,0.00,0.00,7059804.00
"8a71076c171fd930ee46260c54726dcd9915979263e07fc61635124583db1c6f","2024",Income Tax - Company,3817896.00,140460.00,0.00,0.00,111465.00,0.00
"251733a32896a9dfc6905d5c87da250a413cd48831befc2cd726d1ce52ac9cc4","2023",Income Tax - Resident Individual,0.00,0.00,0.00,0.00,0.00,0.00
"8e6044e341967f4fd90d457cb0abef0944a15e8b1c260be275984b29e81caee3","2024",Income Tax - Resident Individual,0.00,0.00,0.00,0.00,0.00,0.00
"7f7ad043bcc86021a0126fbc449358fa07789fe43248bb736bdf910cd4cfb717","2023",Income Tax - Company,4618740.00,354414.00,228366.00,45612.00,0.00,94292.40
dd6aaf8b04da9d37136c861d416bbaf87d2ab6b208e096a2b2888f6810a7250c,"2024",Income Tax - Company,12796355.27,2426943.77,2532600.00,494589.00,0.00,0.00
"0016a2b99654c4df653854434fd82cd8dabd02ac45a8166157be9477b54d3c0e","2024",Income Tax - Resident Individual,0.00,0.00,0.00,0.00,0.00,2418176.00
"00090dc1d75ba21ab7df7faf98f366679be3ea56cd62cc0099af7ca4bfa2adc6","2023",Income Tax - Resident Individual,0.00,0.00,0.00,0.00,0.00,0.00
"00002f1812d7d0abb9f478a3869759580a9042fb910a961f5f0936eabd2c5893","2024",Income Tax - Resident Individual,3472094.00,1433160.00,359225.00,16231.50,0.00,5672.00
"00057abd28c90ac475a628f5cbb0f9156a4609b8271a597822bae864c1dd5e07","2023",Income Tax - Company,6.00,0.00,0.00,0.00,0.00,1.80
"00057abd28c90ac475a628f5cbb0f9156a4609b8271a597822bae864c1dd5e07","2024",Income Tax - Company,250.00,0.00,0.00,0.00,0.00,75.00
"000b309ee51a9c722bb834a66cd93138d573f5317264c2ed9c0219e36a50e5e2","2024",Income Tax - Resident Individual,0.00,0.00,0.00,0.00,0.00,0.00
"0017f78f17afeedc3c1092f63be843e143c178b353f8fa45ab418d3fd812d715","2024",Income Tax - Resident Individual,0.00,0.00,0.00,0.00,0.00,46834.00
"000b5d63f81f51bf1b7f03f995868d00e971d50fe9a1a84546f07832cf1b6ba7","2023",Income Tax - Resident Individual,0.00,0.00,0.00,0.00,0.00,0.00
"000dd8d784b94f77030c61f90adef704d69323d4abb7ee18b5c4e85ca997e151","2024",Income Tax - Company,10.00,8.00,0.00,0.00,0.00,0.60
"00002f1812d7d0abb9f478a3869759580a9042fb910a961f5f0936eabd2c5893","2023",Income Tax - Resident Individual,2737499.00,377435.00,277928.00,24772.00,640230.00,9205.00
"0016a2b99654c4df653854434fd82cd8dabd02ac45a8166157be9477b54d3c0e","2023",Income Tax - Resident Individual,0.00,0.00,0.00,0.00,0.00,1899302.00
"0017f78f17afeedc3c1092f63be843e143c178b353f8fa45ab418d3fd812d715","2023",Income Tax - Resident Individual,0.00,0.00,0.00,0.00,0.00,36369.00
"0012d965529de8ca793e642a41dbe0a40cef9a6c6b1c332c2115f94e8d2e35f2","2024",Income Tax - Resident Individual,0.00,0.00,0.00,0.00,0.00,209975.00
"000882cc405c94c87465d2493182728267489662075e61751d35cac2e0691818","2023",Income Tax - Resident Individual,0.00,0.00,0.00,0.00,0.00,0.00
"000b309ee51a9c722bb834a66cd93138d573f5317264c2ed9c0219e36a50e5e2","2023",Income Tax - Resident Individual,0.00,0.00,0.00,0.00,0.00,0.00
ecba2ee40a932db9273c43664bfb224521df29ceedfed1d5f1e09201a542babc,"2024",Income Tax - Resident Individual,0.00,0.00,0.00,0.00,0.00,0.00
cb3afaa6821eb4142e8803ffc67a07bfd72f1445e4f89e60bd4f77e941417647,"2024",Income Tax - Resident Individual,0.00,0.00,0.00,0.00,0.00,0.00
e9237019d87edaa5c1674a6c0ea1ac7e1ea94cd45729c8d6bf2d8a1ea675a9af,"2023",Income Tax - Resident Individual,0.00,0.00,0.00,0.00,0.00,0.00
"10bd96fdd7c930ac5ab8536dd4a3720544a3c121eed89632fff4514b88797175","2024",Income Tax - Company,1224147.70,104000.00,2768.50,32600.00,674000.00,89613.07
"30fec6e3e8b543fd8aa9a85c44e06ecf0ccbd9156dd805ea4f33382fa0f66390","2024",Income Tax - Resident Individual,0.00,0.00,0.00,0.00,0.00,149736.00
"43f5e7c9e9b5e18fc72dac7dea0bc2c9bbea34915de6d44810c3bd6850653176","2023",Income Tax - Resident Individual,0.00,0.00,0.00,0.00,0.00,80620.00
"39c262fc073d5e7749532ce4c206d403c9ecf0dc6760070273d4f932997a6716","2023",Income Tax - Company,10791306.00,1101591.00,0.00,462262.00,6961039.00,0.00
"622dd2ab84c42096115344d1fc1e2de3be7e5c1557bc21c6f3422659e54ff7e6","2024",Income Tax - Resident Individual,0.00,0.00,0.00,0.00,0.00,219637.00
"37e4c9210bff308e5d46e8738272d925b9160c3e8b857550872b8444845b4a20","2024",Income Tax - Resident Individual,0.00,0.00,0.00,0.00,0.00,374935.00
"251775942729829b117aa0b8d15775f5119b0ca6e6a577cdd73cb52248a8188a","2024",Income Tax - Resident Individual,0.00,0.00,0.00,0.00,0.00,134140.00
"27e0350faef5518f4376cc1a631ca73d15894259c36295aedd27fc9ce6c3bbce","2024",Income Tax - Resident Individual,0.00,0.00,0.00,0.00,0.00,117769.00
f39c214480aceccd34a6a47f75d0972511d1993068745b00ebaba285c53169cf,"2023",Income Tax - Resident Individual,0.00,0.00,0.00,0.00,0.00,0.00
"687ea2588430f3da867915488b0876f39da3a0b47288322c847a99446afcb6ee","2024",Income Tax - Resident Individual,0.00,0.00,0.00,0.00,0.00,0.00
dd3ff37ddb13ee3847ac6d55455ca3bc758e5e8d4f20cd0c9d5e7aab3aed431d,"2024",Income Tax - Resident Individual,0.00,0.00,0.00,0.00,0.00,140663.00
e3b7f5c746dcec14eaed4ad6d23c3af7c77fc0b25862afd3c7e4baf7c0e4afea,"2023",Income Tax - Resident Individual,0.00,0.00,0.00,0.00,0.00,0.00
a01488593b56f3b42ed73e7f4af5421c41a5a03658d29e3bac0bcc9af4e3a488,"2023",Income Tax - Resident Individual,0.00,0.00,0.00,0.00,0.00,136066.00
"000874543e14a32fb8056828820017fc7519f4ff1a6612e2f5beb6d23959f3b8","2024",Income Tax - Resident Individual,0.00,0.00,0.00,0.00,0.00,0.00
"001a0d794fe7a0b8d2ce1ffbe21dd7e806b3416a13aef13447f0b92427ff0c3c","2024",Income Tax - Resident Individual,0.00,0.00,0.00,0.00,0.00,295486.00
"00049f10233cd0362e3df36761e330e2d527d474a60918c7d95955f593375bc9","2023",Income Tax - Resident Individual,0.00,0.00,0.00,0.00,0.00,383096.00
"0001b7e91f0b35f3cc2abd699c18f809d18125d6636acf70b734e17b2364dc79","2023",Income Tax - Resident Individual,0.00,0.00,0.00,0.00,0.00,0.00
"000da07817694aa2158237812f0cc01269b75196053fd531e4a700828a8cf706","2024",Income Tax - Resident Individual,0.00,0.00,0.00,0.00,0.00,0.00
"000da07817694aa2158237812f0cc01269b75196053fd531e4a700828a8cf706","2023",Income Tax - Resident Individual,0.00,0.00,0.00,0.00,0.00,0.00
"001398f341dd26395c4b08535c20bf1a29fd72247b2f7e33e6a6c9567f848db2","2024",Income Tax - Resident Individual,0.00,0.00,0.00,0.00,0.00,124009.00
"00115cfcd4544c808adcce117003a118eb398f4914592ab566a5bff092c33191","2024",Income Tax - Resident Individual,0.00,0.00,0.00,0.00,0.00,200869.00
"001398f341dd26395c4b08535c20bf1a29fd72247b2f7e33e6a6c9567f848db2","2023",Income Tax - Resident Individual,0.00,0.00,0.00,0.00,0.00,126877.00
"00049f10233cd0362e3df36761e330e2d527d474a60918c7d95955f593375bc9","2024",Income Tax - Resident Individual,0.00,0.00,0.00,0.00,0.00,0.00
"00115cfcd4544c808adcce117003a118eb398f4914592ab566a5bff092c33191","2023",Income Tax - Resident Individual,0.00,0.00,0.00,0.00,0.00,160429.00
"001a0d794fe7a0b8d2ce1ffbe21dd7e806b3416a13aef13447f0b92427ff0c3c","2023",Income Tax - Resident Individual,0.00,0.00,0.00,0.00,0.00,243913.00
"564550c54d7cb558521dadaf694acf1b7a1edb5fde02119b80074a7bbd3a3589","2024",Income Tax - Resident Individual,0.00,0.00,0.00,0.00,0.00,0.00
"775f293e5f1603f3c17727a8e1bcef7b9fc6142a9ea7ec5200c0566a9e508d6f","2024",Income Tax - Resident Individual,0.00,0.00,0.00,0.00,0.00,591057.00
"48e676ac136b6449945e74fa90266f4c4833e19f392c18b1bc6dedf416d51eb9","2023",Income Tax - Resident Individual,0.00,0.00,0.00,0.00,0.00,267323.00
ef5de12f4014eaa035a4a9ecd72061ee18ab4161497b20cbe7faaf409802b3c7,"2023",Income Tax - Resident Individual,0.00,0.00,0.00,0.00,0.00,0.00
"3d070d231ebb33b27901af8a43beb341307e026f5e5a5eae61fae775c7696e5b","2023",Income Tax - Resident Individual,34810317.00,0.00,0.00,0.00,0.00,1803015.00
"40c0e65bf5527dc42cdf92ab5f1067f3b2dd108d726c32231a19867a5b0ecd19","2023",Income Tax - Resident Individual,0.00,0.00,0.00,0.00,0.00,1143052.00
ee5fc2cdc851e5f065e04aaa12837ae8625645b08434733d79bb517a738e109b,"2023",Income Tax - Resident Individual,2022530.00,0.00,0.00,0.00,256400.00,527460.00
"2b32446c4ea3b4457cd641c3ce37d2a0387b52ac30c323cdd80a47d91fc5ce3f","2023",Income Tax - Resident Individual,0.00,0.00,0.00,0.00,0.00,80800.00
e4ef615b47f3407c6c93a55cbedf377ae6e1bfcf1fce5040c387db7c036b6a94,"2024",Income Tax - Resident Individual,0.00,0.00,0.00,0.00,0.00,92638.00
"671e015d246aa1766416178c9aeadef545a451190289e9b5d27d80bc2415f723","2023",Income Tax - Resident Individual,0.00,0.00,0.00,0.00,0.00,148798.00
a803e3835521e6b98cf658a73b63e8c0687691f363fc1affb8a3ec843e424c57,"2024",Income Tax - Resident Individual,0.00,0.00,0.00,0.00,0.00,127830.00
fb3c5aeb3e1798744d8cd6fd7a74ddba88a61b2428c5098a0a42ea290e5ae878,"2024",Income Tax - Resident Individual,104380.00,0.00,0.00,0.00,0.00,0.00
bddfd894be878cc350dff732f8702c682ac9d2f06de2e896b37f2ee0ab60f609,"2024",Income Tax - Company,18772.00,0.00,0.00,0.00,0.00,5631.60
e0c346e0d4177d9f1c1dd2f939b1d3dbbeff4141b6464c5376a38fac492a72bc,"2023",Income Tax - Resident Individual,0.00,0.00,0.00,0.00,0.00,180756.00
ad4e69997d7ce4cc5d00f37f489061a4b7bf09f4d82da2e27e6cae909bd1d654,"2024",Income Tax - Resident Individual,0.00,0.00,0.00,0.00,0.00,0.00
"000222862075cb25770d63f772b62478cb7ceb8086eb7b8dbcc13dfba0c0b808","2023",Income Tax - Resident Individual,0.00,0.00,0.00,0.00,0.00,0.00
"000da945fa03b6e4eb93d35bed4cab72b5344bc206d47164037d4cc1b14abd52","2024",Income Tax - Resident Individual,0.00,0.00,0.00,0.00,0.00,0.00
"0000b53040bfe91080b33dd34c2f2aff562e51aee002be664b9dd392986adb0c","2023",Income Tax - Resident Individual,0.00,0.00,0.00,0.00,0.00,0.00
"0000b53040bfe91080b33dd34c2f2aff562e51aee002be664b9dd392986adb0c","2024",Income Tax - Resident Individual,0.00,0.00,0.00,0.00,0.00,0.00
"000da945fa03b6e4eb93d35bed4cab72b5344bc206d47164037d4cc1b14abd52","2023",Income Tax - Resident Individual,0.00,0.00,0.00,0.00,0.00,0.00
"001358913b3fd9cdcbdb679b224d3920271ed5eba3410d3f768d98a6f8a89832","2023",Income Tax - Resident Individual,0.00,0.00,0.00,0.00,0.00,47455.00
"330d998278287aed291822c50d95194adabd77dca3a233531a86a6df64ac3cad","2024",Income Tax - Resident Individual,15000.00,0.00,0.00,0.00,0.00,1500.00
"528236c6da9e6de6fe093fad871757dc6915f8e02df1c59670434650f49af7ae","2024",Income Tax - Resident Individual,632100.00,63000.00,0.00,0.00,0.00,0.00
"1d86573267ec176854f82ef587efa21b6feeba27896f90f316d4ad4bee06cf18","2023",Income Tax - Resident Individual,0.00,0.00,0.00,0.00,0.00,0.00
bf5a8ac0d2517b537b65927279e86182fedcb6d0f8d9c2937b735b8f935a2721,"2023",Income Tax - Resident Individual,0.00,0.00,0.00,0.00,0.00,0.00
"6586d62836044b027ed502b736fb87e51e186d0814890ea084aa054ac0bd6826","2024",Income Tax - Resident Individual,0.00,0.00,0.00,0.00,0.00,0.00
e37ecd5fa9c24f0f8a4c2f11a83ff2f83f7c9f51019153eb34596d89a518d143,"2023",Income Tax - Resident Individual,0.00,0.00,0.00,0.00,0.00,0.00
"7c7c60f2f79c9730e148babd53b1af2b222ce4bbbf85d4b4f1a2560f87b1d187","2024",Income Tax - Resident Individual,0.00,0.00,0.00,0.00,0.00,73471.00
c38433fe80f605eb8820fb4eb7119ec46cb0bd79ac3894864ada9c66713bfda6,"2023",Income Tax - Resident Individual,0.00,0.00,0.00,0.00,0.00,52938.00
"643c972497b3ea88a9d8a42e2b9deab49aafe8b5e17d3a1228355de2d6dc6d45","2024",Income Tax - Resident Individual,0.00,0.00,0.00,0.00,0.00,0.00
"95d56c81f0374e0a17d8154bfb7de063f59021e5571de9993405b0d586057d28","2023",Income Tax - Resident Individual,0.00,0.00,0.00,0.00,0.00,47603.00
"1be50451f6a1b5e7d199a08756b6462ad5a983df6d12fb28d7769b858175432d","2024",Income Tax - Resident Individual,0.00,0.00,0.00,0.00,0.00,8975827.00
cd61106ecfdfdbbf90f08a8c6f326d12f241c2ba4a84471bdd2c2b9a10e2b4d9,"2024",Income Tax - Resident Individual,0.00,0.00,0.00,0.00,0.00,401077.00
"9d3919fbfd1d650610b433c6004b719b88f1172ecc88038cd5809fb8c488e4f0","2024",Income Tax - Resident Individual,0.00,0.00,0.00,0.00,0.00,0.00
a10dafbb7116c2f24c5d97ec8f90e571f4c54cf48a09bcf28e8607f61201e4fc,"2023",Income Tax - Resident Individual,0.00,0.00,0.00,0.00,0.00,0.00
"146425857ad85ce60030f8984106f03d62a7e6f47837b1462acc6ee573d371b8","2023",Income Tax - Resident Individual,0.00,0.00,0.00,0.00,0.00,0.00
"0da1863a7729efe029e920886cc65ae5f55bfe8ef2add955dbfc844ba902b65d","2023",Income Tax - Resident Individual,0.00,0.00,0.00,0.00,0.00,45325.00
"2d1e88533eea70e5b9dfd60707d80362c89e9e12895738232e523ce319f5a744","2024",Income Tax - Resident Individual,0.00,0.00,0.00,0.00,0.00,193166.00
"001ab8167281dec3c839b4d7727296fe391da89f537207206eeee527c3a2460d","2024",Income Tax - Resident Individual,0.00,0.00,0.00,0.00,0.00,0.00
"0007d2eb47905431d1f393cd5eeafb2a0b9e48cb7150cab4d7db9eae62503549","2023",Income Tax - Resident Individual,0.00,0.00,0.00,0.00,0.00,0.00
"0013f11d6a4a4e2a645b611935b5c66bb480ff9f94948482729035159c48048e","2024",Income Tax - Resident Individual,0.00,0.00,0.00,0.00,0.00,0.00
"0010c2c02b50f6e16d0edc9c11506b1001eb1392dca4e6396287d68939a6ff3a","2023",Income Tax - Resident Individual,0.00,0.00,0.00,0.00,0.00,311721.00
"001673e68f8fb609a44b74771c69e7abe1ce8d4e8543b26eead7536849442e7a","2023",Income Tax - Resident Individual,0.00,0.00,0.00,0.00,0.00,0.00
"001673e68f8fb609a44b74771c69e7abe1ce8d4e8543b26eead7536849442e7a","2024",Income Tax - Resident Individual,0.00,0.00,0.00,0.00,0.00,0.00
"000dd6396e2f16e1b751cdad79a3bb991ab72e2134d21952b72cd034beeb66b7","2023",Income Tax - Resident Individual,0.00,0.00,0.00,0.00,0.00,0.00
"001303de837f17ea7e62bc358d25ca5a55b5c6d21c07187f2d6edee00ab3063c","2024",Income Tax - Resident Individual,0.00,0.00,0.00,0.00,0.00,20000.00
"0010c2c02b50f6e16d0edc9c11506b1001eb1392dca4e6396287d68939a6ff3a","2024",Income Tax - Resident Individual,0.00,0.00,0.00,0.00,0.00,327939.00
"000bd069c50c389115e077adac4da5a106c624a1cc45e09824caea409dd5c1f7","2023",Income Tax - Resident Individual,0.00,0.00,0.00,0.00,0.00,76903.00
"000fe5378ff3df0c769958a67b2daede36bc5ce93682b89df5f1588bda1bb6bf","2023",Income Tax - Resident Individual,0.00,0.00,0.00,0.00,0.00,0.00
"001303de837f17ea7e62bc358d25ca5a55b5c6d21c07187f2d6edee00ab3063c","2023",Income Tax - Resident Individual,0.00,0.00,0.00,0.00,0.00,0.00
"0007d2eb47905431d1f393cd5eeafb2a0b9e48cb7150cab4d7db9eae62503549","2024",Income Tax - Resident Individual,0.00,0.00,0.00,0.00,0.00,0.00
"001bc4ff7f08b9748bad44b3743815a92563748b772e999dbecedf948a60e68c","2023",Income Tax - Resident Individual,0.00,0.00,0.00,0.00,0.00,190813.00
"6b06ec7f67248b5e369f518f648a4b3580930dff9062dceb9b9c76f70cd7d3aa","2023",Income Tax - Resident Individual,0.00,0.00,0.00,0.00,0.00,0.00
"89a3b5b86691739d4124fa4d289b10a86335da330c33d3324dd05be97a496717","2023",Income Tax - Resident Individual,0.00,0.00,0.00,0.00,0.00,0.00
c4dcd25469a094f595a7ec3595eb6a770b7df761a60b7979d176eb19754f6d14,"2023",Income Tax - Resident Individual,0.00,0.00,0.00,0.00,0.00,60696.00
e0b931d77d8229f418c696a88ab97df393a323c97bcb3a603aa689d1f5c4766b,"2023",Income Tax - Resident Individual,0.00,0.00,0.00,0.00,0.00,154023.00
"3245d76675d275ae10ecb4a67f6bcf688d819c27abe4e228594a8e8d9b6a7ec9","2024",Income Tax - Company,30001.00,30000.00,0.00,0.00,0.00,0.30
"29b6d9e84b9fc4ebd335f64fe4357c2c9fceb7c7b0ac9bd7a4320e4d4dddcd53","2024",Income Tax - Resident Individual,0.00,0.00,0.00,0.00,0.00,0.00
"5114c608ccf75fa86fc1d62a7043a1faf1c9703df29abf3974314a840028c953","2023",Income Tax - Resident Individual,0.00,0.00,0.00,0.00,0.00,0.00
"21686f2318482f7d5328fabc0db0fb1d0072b736987fd526a39eaccbe6e64177","2023",Income Tax - Resident Individual,468000.00,50000.00,50000.00,0.00,76000.00,1000.00
"001bc4ff7f08b9748bad44b3743815a92563748b772e999dbecedf948a60e68c","2024",Income Tax - Resident Individual,0.00,0.00,0.00,0.00,0.00,190813.00
"0018a2eb4ba9fb5e63e68b6205331bc6472d69067610e2b103dba522e83a34bc","2023",Income Tax - Resident Individual,0.00,0.00,0.00,0.00,0.00,0.00
"00039907d12d58518ced2d748d7f99853d170d2580ba3bf20b79b65086b66cd3","2023",Income Tax - Resident Individual,0.00,0.00,0.00,0.00,0.00,12188.00
"0010eb044ee0dec49259b0e75d5aaf63bb3f09a09efbd92f9c971766a5e620cc","2023",Income Tax - Resident Individual,0.00,0.00,0.00,0.00,0.00,277248.00
"000462889bcd01ef8e36b9ef6f16dc91de76dac05ebb5fed09ece5052a1adb42","2023",Income Tax - Resident Individual,0.00,0.00,0.00,0.00,0.00,236861.00
"0010eb044ee0dec49259b0e75d5aaf63bb3f09a09efbd92f9c971766a5e620cc","2024",Income Tax - Resident Individual,0.00,0.00,0.00,0.00,0.00,275146.00
"00039907d12d58518ced2d748d7f99853d170d2580ba3bf20b79b65086b66cd3","2024",Income Tax - Resident Individual,0.00,0.00,0.00,0.00,0.00,1696.00
"0016f30445ae67190d9f6f1caee5dd457260a90eaecc106e884ae289c3d18643","2023",Income Tax - Resident Individual,0.00,0.00,0.00,0.00,0.00,207364.00
"000416666ef55824adfdac091bad1964d3342b82856e18dc2370c03a31ff8bee","2024",Income Tax - Resident Individual,0.00,0.00,0.00,0.00,0.00,155754.00
be33946d16c9777180fe4dee347c586eb6a742df69d383f4a8cb55be49dde565,"2024",Income Tax - Resident Individual,0.00,0.00,0.00,0.00,0.00,449572.00
bd716a6a905a9777600f5d4b49ed727db9a1ce4c7d9650c8ba7fdb44a2393518,"2023",Income Tax - Resident Individual,0.00,0.00,0.00,0.00,0.00,0.00
"7675101bfa1b39d93551e1cf438972b7aa3157bdf17214a871b46cf5018ce797","2023",Income Tax - Resident Individual,0.00,0.00,0.00,0.00,0.00,18307.00
"2046aa496958552dadb513e6effc29fc25a4fed9ec1c420dd8afcab8e613f6cc","2024",Income Tax - Resident Individual,0.00,0.00,0.00,0.00,0.00,0.00
"2108841170ddc7b65676496d2e102bd2b49cd5396cc1c28d3a2a6abf2744b344","2023",Income Tax - Resident Individual,193000.00,0.00,0.00,0.00,0.00,0.00
"3efdcb44516c14a31dbc01dced0f6ba4a58b735fae642fa35d7e1623b36a3357","2024",Income Tax - Resident Individual,0.00,0.00,0.00,0.00,0.00,404374.00
b37762bb071957eae112e01bb632eb5867817651bcefac34a6442f75dfe0deea,"2023",Income Tax - Resident Individual,4940600.00,1295940.00,0.00,0.00,3309075.00,11897.00
"31c1f7abd59397f7ebcefbbebdc9e772c81d2517f946ad6f06ba83123023f680","2024",Income Tax - Resident Individual,0.00,0.00,0.00,0.00,0.00,12000.00
ecd32145db1f6d1995ce5e8666387cb22e080024ff806e33af45d68a32f42d10,"2024",Income Tax - Company,7337673.00,451729.00,3972694.00,38093.00,5617748.00,0.00
"37c393e9e79939bcaf079f905b16aa857a01bd9083f8626e4943948d239b4782","2024",Income Tax - Resident Individual,0.00,0.00,0.00,0.00,0.00,0.00
"6386e7d8444a66631c60a7307c13463a669da3798a015402e6f14b34ab8fdc3b","2023",Income Tax - Resident Individual,0.00,0.00,0.00,0.00,0.00,347332.00
f41213072de43740c45137b44096357662c037eef64306360c8253a969f0b076,"2024",Income Tax - Resident Individual,0.00,0.00,0.00,0.00,0.00,13041.00
"3e73352cf92becd4c65c7f7a53ad987b3197b8d8c4bafb87e0d54befbb38af9a","2023",Income Tax - Resident Individual,0.00,0.00,0.00,0.00,0.00,0.00
ef3f09b44bab65191276a3c7ee60859171491f8af8b9586858fc96f42f896fa9,"2023",Income Tax - Company,117300.00,107300.00,0.00,0.00,0.00,3000.00
"29377f1e5fd4add7d97bb20488f99d3b4892d394086127107364bdba3e2b3f92","2024",Income Tax - Resident Individual,40480.00,20000.00,19822.00,658.00,0.00,60400.00
f1ae63b7409e6b0ed143dcc2b15b9e6b4fa82253b21c413c2a3ebd8c237661fb,"2023",Income Tax - Resident Individual,0.00,0.00,0.00,0.00,0.00,0.00
a1e3147d6953864c20b5604a1827859b94c0f9ae05f9e082a6a6f4fd446c1eaa,"2024",Income Tax - Resident Individual,0.00,0.00,0.00,0.00,0.00,0.00
"10c0301ea5ccbb25afadf6a4eeabef7736e1d81fd554140255de373f742f047d","2024",Income Tax - Resident Individual,105000.00,0.00,0.00,0.00,0.00,0.00
"49aa83d74346d8ed2f997f70f16abfac0291eb1fb7659fc68e5a1e6bb270ac37","2023",Income Tax - Resident Individual,0.00,0.00,0.00,0.00,0.00,0.00
b475c1f03cc2343352a2deb91d8a43e5c40f372b572a1996f6357526937b5505,"2024",Income Tax - Resident Individual,0.00,0.00,0.00,0.00,0.00,0.00
"000cac06733758c502a71d0d4385fa359efee30926f980737eebb884c7e28122","2024",Income Tax - Resident Individual,0.00,0.00,0.00,0.00,0.00,0.00
"00019b46d39fbb86dd115473f744d919c043437e015834e8fa56829a803f2887","2024",Income Tax - Resident Individual,0.00,0.00,0.00,0.00,0.00,494471.00
"0009b78a653f31d3343922978f667f4c57cd2a56aa2bdc7359d3a55401b12ecf","2023",Income Tax - Resident Individual,0.00,0.00,0.00,0.00,0.00,0.00
"8a27b8f41d06801623f6a9eee2230ea7e290cd1953d6c55241353042a2e888f1","2024",Income Tax - Company,1.00,0.00,0.00,0.00,0.00,0.30
"870392ec0672953bb3ccd5ba51a9d251f13c43cc5e5034772bde68231dfb8c6f","2023",Income Tax - Resident Individual,0.00,0.00,0.00,0.00,0.00,0.00
d55e4fa46e76b1f4cb2f924a04b61a6a598beb1c2a83735eaa38bc37aa3d1f8a,"2023",Income Tax - Resident Individual,0.00,0.00,0.00,0.00,0.00,0.00
"281dbf6d2765221ee359ce8980ccd0e80c0a568afefdf8bff451bf736e299d70","2024",Income Tax - Resident Individual,0.00,0.00,0.00,0.00,0.00,347174.00
f89e7fd0ed69d6af711b90491d536556a1d802efb06d32a7c363000627d0af75,"2024",Income Tax - Resident Individual,0.00,0.00,0.00,0.00,0.00,57444.00
"314bd830fca377f8a3611c4c0f37fb0d4f51d1cca00dc3fa4f9afdd4e57d7fc3","2023",Income Tax - Resident Individual,0.00,0.00,0.00,0.00,0.00,0.00
"1ac993cb90421293eace2d1a5a401f55f604eb02228a5cec3d7b9207e4f269a0","2024",Income Tax - Resident Individual,0.00,0.00,0.00,0.00,0.00,10723.00
"9f5297c8cf07eed1f22a103d34f06ebfa8f6ab775a3272305bcda5b65d09e81e","2024",Income Tax - Resident Individual,0.00,0.00,0.00,0.00,0.00,63636.00
"31ac55afa8c99b9edf3254fb7b41b2eacae4de165d620aa74a5108812ba015ce","2024",Income Tax - Resident Individual,0.00,0.00,0.00,0.00,0.00,143476.00
"9e551290d7052df4aa536ba23e14727dd79dca4586edffa8a43a0abfbfd9defc","2023",Income Tax - Company,1389209.00,372255.00,73795.00,370803.00,524525.00,13624.80
"2df46b83a55ca79fe216ca12d879abb952ebb0647ee917404a65c355e60f696e","2024",Income Tax - Resident Individual,0.00,0.00,0.00,0.00,0.00,3600.00
"7ae5f55dd0713845d5a5abd30b68920dd7c568d4648c7fecca08611a32f54218","2024",Income Tax - Resident Individual,0.00,0.00,0.00,0.00,0.00,0.00
"66835a3724910238a446ca46b61d8814d2ec8306644dd24f1a62465c192b14bd","2023",Income Tax - Resident Individual,0.00,0.00,0.00,0.00,0.00,0.00
"7f2a03ded5b7ee0014e1b00d31eaad6232da6b936006e8e4e5aed10451f57e1e","2023",Income Tax - Resident Individual,0.00,0.00,0.00,0.00,0.00,0.00
"001190d3f95d24a1175daa20240122f849b27bdab3790675b21c63720b30e412","2023",Income Tax - Resident Individual,0.00,0.00,0.00,0.00,0.00,0.00
"000c43712f7d5a92ecc046f4af3d5465f7715467a101e4abf2442ef94af0f3ad","2024",Income Tax - Resident Individual,0.00,0.00,0.00,0.00,0.00,188794.00
"000911259097f3cf09efb2fca3be061f18e0e4139fb1cfc5968afae2d39fbd2b","2023",Income Tax - Resident Individual,0.00,0.00,0.00,0.00,0.00,206569.00
"000c43712f7d5a92ecc046f4af3d5465f7715467a101e4abf2442ef94af0f3ad","2023",Income Tax - Resident Individual,0.00,0.00,0.00,0.00,0.00,170610.00
"000911259097f3cf09efb2fca3be061f18e0e4139fb1cfc5968afae2d39fbd2b","2024",Income Tax - Resident Individual,0.00,0.00,0.00,0.00,0.00,233183.00
"0010d71d1d73d89f0db3d1974fb73c9a5580d657d4388867eafc91f6b31cf6a9","2024",Income Tax - Resident Individual,0.00,0.00,0.00,0.00,0.00,41764.00
"0019269d89a90028fc7ebbb761ed4cd99de17a2ca6595d6fd4440261604666f9","2023",Income Tax - Resident Individual,0.00,0.00,0.00,0.00,0.00,0.00
"000b9e7a58ef358e1b0d8a9ffbef367abec64f79b34a14191dd2b66b76bc4504","2024",Income Tax - Resident Individual,0.00,0.00,0.00,0.00,0.00,0.00
"370ea2c0f7ba2fb03be123480b2c574fb25f1563022a79a68a5486ef5181c1de","2024",Income Tax - Resident Individual,0.00,0.00,0.00,0.00,0.00,38315.00
b6a018d4bffc1f0563acf1bd3ea04fb6cefa4aea1c4761e3ce2bfc0b7db62494,"2024",Income Tax - Partnership,5091605.00,96220.00,75000.00,162904.00,9000.00,0.00
"9d35e141664050e90dc4a38e76a535b3316b8e28403dc90a74334971070861bf","2024",Income Tax - Resident Individual,0.00,0.00,0.00,0.00,0.00,104287.00
"639eb873778536a5670ac22ff29fcb9e5893600527e5a21423beb060cd39bee5","2024",Income Tax - Resident Individual,0.00,0.00,0.00,0.00,0.00,87459.00
"16fe59bc635744fe3fc1079ec3ae0918f2918341c99796bce5b79b7904dcc869","2024",Income Tax - Company,4663703.79,1428980.00,0.00,456606.00,0.00,29455.79
"9444e0d6d3d00565a1ff6f4ce717e2bd468e23e5497f7c729cf37e0509e6b81f","2023",Income Tax - Resident Individual,0.00,0.00,0.00,0.00,0.00,0.00
"38379d90e92717a78dcda8a6e7ba459076370af43c5f95c5374b269eff9c83c8","2024",Income Tax - Resident Individual,0.00,0.00,0.00,0.00,0.00,0.00
"805ee9ea58e5a6efff878b93ddcd0f185ea56ca60620e29895be6d090aa4b8fa","2024",Income Tax - Resident Individual,0.00,0.00,0.00,0.00,0.00,10408.00
"67fd6f0fc2ff5d58c6485a98fef10b41be43f12292d308d9fcdd5d3a0e28e144","2023",Income Tax - Resident Individual,0.00,0.00,0.00,0.00,0.00,0.00
e1a3735635d2749e6bded8a494a7f01fd935eeab2eaf8c7c017678ebf15d7962,"2023",Income Tax - Resident Individual,0.00,0.00,0.00,0.00,0.00,2031289.00
"878fd83a034bd5227a14405438926767bc8b9fa8285f5029fdf90d6dcf323bf6","2024",Income Tax - Company,0.00,829637.00,2180061.00,0.00,1817048.00,0.00
fd41ae529d6dacd3a54915831cc5b1678801d357565283a6ab1bcfcf8572b43f,"2023",Income Tax - Resident Individual,0.00,0.00,0.00,0.00,0.00,539884.00
dc1283c7bd84df8c9c5a5d5fa0af37676c4837df678b511d623642b210b1ccdd,"2024",Income Tax - Resident Individual,0.00,0.00,0.00,0.00,0.00,0.00
"195f5e03f157c3879dc5dad7cf15677778932f06870235009251200870e458ce","2023",Income Tax - Resident Individual,0.00,0.00,0.00,0.00,0.00,521751.00
e3536c55faccc3c50324776a0cca2c87ebd81a50958618066bee55c0fb269a61,"2023",Income Tax - Company,30335552690.00,12961000.00,4278799000.00,684192000.00,2547509690.00,388959027.60
a243f452f912acaff5bd96f74b5f944cccdd70d32d6fe9469ffe9ed5e266e739,"2023",Income Tax - Resident Individual,0.00,0.00,0.00,0.00,0.00,73501.00
"45acddab487c7b76f83afec216465e6a79ae9e79da84f4edbd6394bb3eba2e13","2023",Income Tax - Resident Individual,1146280.00,1141903.00,0.00,0.00,0.00,63399.00
"38f1c2d36defbc6f8f8e79c79040b936e05fa8d426309bd6403c9c3871a7b986","2023",Income Tax - Resident Individual,0.00,0.00,0.00,0.00,0.00,95997.00
"80a7cea752de89101a118afaae1750d228217b847304562f41ddfff9ca6462c1","2023",Income Tax - Resident Individual,0.00,0.00,0.00,0.00,0.00,0.00
f1231a33a0783bba22f26538f4a4d8bab53313df90966a9901b3b78958e59125,"2023",Income Tax - Resident Individual,0.00,0.00,0.00,0.00,0.00,0.00
"4d649be53ca7c0ce56d9c7baf418a4e38be426a95d76f2f94a43ec0b4e31e18a","2024",Income Tax - Resident Individual,0.00,0.00,0.00,0.00,0.00,109701.00
"001031cd63d1fedaee854729c441c5e86278debfb76aff97cfc5527c5b37935c","2023",Income Tax - Resident Individual,0.00,0.00,0.00,0.00,0.00,77753.00
"000e616ba3c6a10dd00644e891e7304872d31b9fc439505708907698c5f3921a","2024",Income Tax - Resident Individual,0.00,0.00,0.00,0.00,0.00,190456.00
"00009289ac1ab82aad163a8a17e2e0dcec0e140d9b9363d6661276d15d8f14a4","2024",Income Tax - Resident Individual,0.00,0.00,0.00,0.00,0.00,184272.00
"000b9e7a58ef358e1b0d8a9ffbef367abec64f79b34a14191dd2b66b76bc4504","2023",Income Tax - Resident Individual,0.00,0.00,0.00,0.00,0.00,0.00
"000e759ab4362de7ff836720c31e2c26526f2c69cb279e299c47d9a949441e91","2024",Income Tax - Resident Individual,0.00,0.00,0.00,0.00,0.00,178174.00
"00009289ac1ab82aad163a8a17e2e0dcec0e140d9b9363d6661276d15d8f14a4","2023",Income Tax - Resident Individual,0.00,0.00,0.00,0.00,0.00,188001.00
"0014ecb3eb0b56e9310c00fa62041229bf7e3aee10eba9227122b57b14d9fa16","2024",Income Tax - Resident Individual,0.00,0.00,0.00,0.00,0.00,23715.00
"0014ecb3eb0b56e9310c00fa62041229bf7e3aee10eba9227122b57b14d9fa16","2023",Income Tax - Resident Individual,0.00,0.00,0.00,0.00,0.00,41274.00
"001b18c42fecb632c3025e17f9c59d9756514a4ad86dabb24821244511fb3aac","2023",Income Tax - Resident Individual,0.00,0.00,0.00,0.00,0.00,0.00
"9663be729e6056e316c8190ecaafbaa48fbc4266e160e13f0ce85f3de66ba9b7","2023",Income Tax - Resident Individual,0.00,0.00,0.00,0.00,0.00,0.00
"03e946b8ace70fa60c7f0528dc42b762a90aa750164fda8a383d774153527fde","2023",Income Tax - Resident Individual,39689.00,33074.00,0.00,0.00,0.00,197247.00
b5d194c344d006c97e06e7b20c8797dff61f13be6ec65abb77a970a415b3d4f9,"2023",Income Tax - Resident Individual,0.00,0.00,0.00,0.00,0.00,0.00
c12ee7280308a317c950c6bcc10f500e750fe680905c6efa37db6aa3d26491cf,"2023",Income Tax - Resident Individual,0.00,0.00,0.00,0.00,0.00,647.00
a41c52faa8e7eecfa5c0d25b242b1a6b5f2eea44c2d45560909f42fe13b7e3d9,"2024",Income Tax - Resident Individual,2605683.00,196760.00,47169.00,3051.00,14718.00,5294.00
d13169d2233c1782fb3898cecc8aaee81ba6a7274373bd40ab6765ae6eedfa4f,"2024",Income Tax - Resident Individual,0.00,0.00,0.00,0.00,0.00,91189.00
"4d09fa3f6454e4047820b196d5387f6b6ea819042b2fa7f767bf4fc62845f73c","2023",Income Tax - Resident Individual,0.00,0.00,0.00,0.00,0.00,0.00
"527a218d2e2e4f4d5540829dfcf0d0f8ae1a4ddba3ad2d40a7f9d252a0762fc3","2023",Income Tax - Resident Individual,0.00,0.00,0.00,0.00,0.00,90972.00
"243ace7722c8803989b2b1eb3dac0c4ea53a39e009d02bc284d54c1b07805789","2023",Income Tax - Resident Individual,0.00,0.00,0.00,0.00,0.00,169079.00
df7ef2fe744277b30409a22cc02b650afd81b4bd2ce40c861b5f9a038c4fe06e,"2023",Income Tax - Resident Individual,0.00,0.00,0.00,0.00,0.00,533717.00
f919df0f204d75a88b3ca53201e4a792adf73fa3bfc7cc3a166261cb8bf9e9ea,"2023",Income Tax - Company,1521234.00,35040.00,486.00,5027.00,287687.00,0.00
"2f86a6b1894c424de1a233424ad36e5d979621fdd28345442a578b783a06bb52","2024",Income Tax - Resident Individual,0.00,0.00,0.00,0.00,0.00,0.00
"001c05935d6b149ef9f32b29d0247ad195377128762556eae93f293ac688b410","2024",Income Tax - Company,821184.00,50000.00,197381.00,1440.00,473678.00,0.26
"0005b97323d146554b2e3bfaf9c6acb1cf7eef5090ac2f5350018211a5832462","2024",Income Tax - Resident Individual,0.00,0.00,0.00,0.00,0.00,465782.00
"001c05935d6b149ef9f32b29d0247ad195377128762556eae93f293ac688b410","2023",Income Tax - Company,1024684.00,58000.00,191995.00,2092.00,548296.00,0.00
"0005b97323d146554b2e3bfaf9c6acb1cf7eef5090ac2f5350018211a5832462","2023",Income Tax - Resident Individual,0.00,0.00,0.00,0.00,0.00,344272.00
"0005477af49cfa66671ec3a72b7803d87dec8df3a78017ad536710bf6a05fa67","2023",Income Tax - Resident Individual,0.00,0.00,0.00,0.00,0.00,0.00
"00c79495dfb074d13f5f7c3ab1cdf08bc9da948cf4c7ec2b3124e971abafe850","2023",Income Tax - Resident Individual,0.00,0.00,0.00,0.00,0.00,30462.00
"83fc210e526d6dd05e46a0a05d44676b2ce8d39175d99dd211971866da9b4880","2024",Income Tax - Company,11167935.00,13645.00,1143551.00,4289.00,1207097.00,144250.92
"8e8523d1826afd3a8242da84ce32d7abc2db9b6c08152d7bdf3077820ce47dab","2024",Income Tax - Resident Individual,0.00,0.00,0.00,0.00,0.00,0.00
df7ee6ebed6f63f76058bb9795e8d575a900c4bf8cffe17e643fc8ac34f1bf0e,"2024",Income Tax - Resident Individual,0.00,0.00,0.00,0.00,0.00,155550.00
"0583ce8272dcd2a069ac0e79392edd3f7a70666887d218de8c6963c64f93ce20","2023",Income Tax - Resident Individual,0.00,0.00,0.00,0.00,0.00,121085.00
"9a5c314e8b53fa4270b147e90508c78cc2bd8ff20dc0d3158bd52667a31e7263","2024",Income Tax - Resident Individual,0.00,0.00,0.00,0.00,0.00,0.00
"5acfb494a78534cc0bf83aab19873d1b396447cb91060eb06681c3b3f7543cd6","2023",Income Tax - Resident Individual,0.00,0.00,0.00,0.00,0.00,0.00
"663eb7c893c587413c7da01069f81998f274699a0e0ed4ae1fb00661be8f776b","2024",Income Tax - Resident Individual,0.00,0.00,0.00,0.00,0.00,719444.00
"3437917b367e36cb345b5dc53fe00f30e6c340b90dd43476fa416ef98cbd8e99","2023",Income Tax - Resident Individual,0.00,0.00,0.00,0.00,0.00,124589.00
ad6dc92ce14ce36338aca1a8293dc715d01c1eae317934f9a6ff845387432592,"2024",Income Tax - Resident Individual,0.00,0.00,0.00,0.00,0.00,0.00
"3562293de694612048526c393ef68a960f6ca25c2c5e9d0a773cd11e36d75338","2024",Income Tax - Company,4620687.55,812363.67,876575.70,0.00,0.00,0.00
"2681856df034f1e76c91b89902a290e319d103903023089c553582cf4f5288f6","2023",Income Tax - Company,13119747.52,1239950.00,0.00,8062.15,781455.52,0.00
"000521ad52be953df5b6b0148bdf36ac6152c6ea2e857e416bef941c49c04190","2023",Income Tax - Resident Individual,0.00,0.00,0.00,0.00,0.00,0.00
"0002257684dd95df47b11bec35c4606f08fafe6b182cf20144bf56f18c19a105","2023",Income Tax - Resident Individual,0.00,0.00,0.00,0.00,0.00,0.00
"0015f5ad0794b979a4a17528ee161cee2bd4481ec5ce7563ecf66aaaf1242956","2023",Income Tax - Resident Individual,0.00,0.00,0.00,0.00,0.00,340861.00
"00199c64afaf88b64333027d0fb0626c0bf99204acda902c41e413e19eb6af2b","2023",Income Tax - Resident Individual,0.00,0.00,0.00,0.00,0.00,0.00
"6a5c23618a18c4177582be3950d32822d3a2cc1c63a620f9c913f1d25992ed94","2023",Income Tax - Resident Individual,0.00,0.00,0.00,0.00,0.00,62086.00
"6ef7d67275ae9c9d49c9ea791398c56efaf9713aca1c28cdaba49261e7206c49","2024",Income Tax - Resident Individual,0.00,0.00,0.00,0.00,0.00,193010.00
b9bf6d73480225db4b50b930d6976a4fc25814f1600b0618d1801140719bb2a4,"2024",Income Tax - Resident Individual,0.00,0.00,0.00,0.00,0.00,179855.00
b3bb32ec2926788b079e81a65793d04bcd8c2cecb48c568f7fff3a237e35933a,"2024",Income Tax - Resident Individual,0.00,0.00,0.00,0.00,0.00,0.00
"6cf47c5d4006efe0168bfaea441b7b8efb9d816fd22ae915f73872d960f726ad","2023",Income Tax - Resident Individual,0.00,0.00,0.00,0.00,0.00,200781.00
ac54f3f26c3cbe64485d986e202c287aa22edeaf7577919f22a82a90d8135ed0,"2024",Income Tax - Resident Individual,0.00,0.00,0.00,0.00,0.00,0.00
c4c70b9a7c1cb953302e33e65cfcb3bc9e926946afc3c0bfdd1dade475f8103e,"2023",Income Tax - Resident Individual,1868000.00,5510.00,0.00,1627573.00,324110.00,1371029.00
"0a890ffac42f7fb65e8b0c29ecdb34ea0bd441464f2de421d510e8bbf47c013c","2024",Income Tax - Resident Individual,0.00,0.00,0.00,0.00,0.00,0.00
d9c2430ea6ee4d1225b5c032e509a7f485d1eb53030dcf7318918fa85088939a,"2023",Income Tax - Resident Individual,0.00,0.00,0.00,0.00,0.00,47455.00
"25e1971cbec1b8f36535d76bf66adfdd7d613ae59f3bfe0af6a5fae306c304aa","2023",Income Tax - Resident Individual,0.00,0.00,0.00,0.00,0.00,0.00
"444d21e5d0863fea94b7783096ba3bd9c5076f82e6cc28cb3becf2b5b79b4859","2024",Income Tax - Resident Individual,0.00,0.00,0.00,0.00,0.00,-10000.00
e569b0b061cbe17fc3ada73db882f887704b6f108e9b5a66f6f8201d62525c83,"2023",Income Tax - Company,7862106.00,0.00,10683.00,0.00,6038754.00,543800.72
a110125c600bd700738fa61ac330ad201dfc4efd4cdc25e8c612a03668d914de,"2024",Income Tax - Resident Individual,0.00,0.00,0.00,0.00,0.00,7768.00
c0391b63497657cd298c27668c04f2c0de1afcfb5b2dca3ec4080afa4e60df5f,"2023",Income Tax - Resident Individual,0.00,0.00,0.00,0.00,0.00,0.00
ec749e8caeed106db00aaef498d16bdf012ac333b566da7be9a2771eeec8862f,"2024",Income Tax - Resident Individual,0.00,0.00,0.00,0.00,0.00,0.00
f8d2af317855a03cf2107c13c5d1eb05198977ed2235c529d7ac7f094857d307,"2024",Income Tax - Resident Individual,0.00,0.00,0.00,0.00,0.00,0.00
"5076534dd7d70079c6e87d9aeebdfb7413fb43dec190919dc833750cfe18c281","2024",Income Tax - Resident Individual,0.00,0.00,0.00,0.00,0.00,70077.00
"93212840fe9f4b5116f818d57d5de18d1f6cf48b3b345f5813a64a1d442bfddb","2023",Income Tax - Resident Individual,0.00,0.00,0.00,0.00,0.00,0.00
"000525021f5d4752c65d493f7be2fea966db56b6584cc00af355d0a93223b1c2","2024",Income Tax - Resident Individual,0.00,0.00,0.00,0.00,0.00,174363.00
"00010fb63fdf9003be52ad7e52f09ab0a97c8980d9a424a4745c131c883583b2","2024",Income Tax - Resident Individual,0.00,0.00,0.00,0.00,0.00,167532.00
"001abc89a684aa3743b7886ce586bc96bedcdefec97600a059fa2b2daa23cb12","2024",Income Tax - Resident Individual,0.00,0.00,0.00,0.00,0.00,0.00
"00199c64afaf88b64333027d0fb0626c0bf99204acda902c41e413e19eb6af2b","2024",Income Tax - Resident Individual,0.00,0.00,0.00,0.00,0.00,0.00
"00010fb63fdf9003be52ad7e52f09ab0a97c8980d9a424a4745c131c883583b2","2023",Income Tax - Resident Individual,0.00,0.00,0.00,0.00,0.00,153523.00
"001a2cbeac57cb66ebebff3beb7381a4fdc9a9e99bc2139b8a9796ecd14c2dcf","2023",Income Tax - Resident Individual,0.00,0.00,0.00,0.00,0.00,0.00
ff14a2bf7b4f8284ff4fabddc5eb2de5dab839dceba6716442f45b06bdf2775a,"2023",Income Tax - Resident Individual,0.00,0.00,0.00,0.00,0.00,0.00
"03047ff2ac82eb29156af55f784eff078442494bae2899ceb4436c290cd37095","2024",Income Tax - Resident Individual,2067.00,900.00,0.00,150.00,0.00,102.00
"63851f5bea816dd0469af8ce43f3f23bb10433071840ecbafe4d9b4c8339961a","2024",Income Tax - Resident Individual,0.00,0.00,0.00,0.00,0.00,363402.00
"41a5f93f622a0fe315937028419cd1dceaaff3ca68b9a3618d4a2e4457069951","2023",Income Tax - Company,1.00,0.00,0.00,0.00,0.00,0.30
"810678feecdd660bb8b1d8aa1b4a6bb142e6dcad360ee471cf8420943ec94e7a","2023",Income Tax - Resident Individual,0.00,0.00,0.00,0.00,0.00,0.00
"245357f2d3f167e0a9bbd31d916ee087079c0c60271c1d801cf53c1a83d963bb","2024",Income Tax - Resident Individual,0.00,0.00,0.00,0.00,0.00,39829.00
f088eebcfe6c33058a5634f680de15d3505933fe01fcea446703f80d3f91efbc,"2023",Income Tax - Resident Individual,0.00,0.00,0.00,0.00,0.00,18686.00
"16af669c08fab615f867562fb4fc4c172d038a9b75709c809a64adce17398d51","2024",Income Tax - Company,4954160.00,829637.00,36757.00,12988.00,3436365.00,191524.05
"41599cd0dc9189192e6358e14966c227b6d82aaa42a6156c0032bf7e66058332","2024",Income Tax - Resident Individual,0.00,0.00,0.00,0.00,0.00,335426.00
e52eb14dd3c20acb698878e7139b17a0a9d86f3c2e40be4a753cabb31dde06a7,"2024",Income Tax - Resident Individual,264280.00,224280.00,0.00,0.00,0.00,0.00
bfe5e61e289dca5feb81a16bd394967080608c571c070feec9bc4b787c5b2e14,"2024",Income Tax - Company,1.00,0.00,0.00,0.00,0.00,0.30
f1eda66da38a0d464878553423e8a59bde24fb41cdeac7b179df675737647438,"2023",Income Tax - Company,18196729.00,2750019.00,5558950.00,847891.00,651281.00,248526.45
"6066dd3fb7a0240fb35b8570f31496b7fcc167494d2c70b39359f26c5bc2352e","2023",Income Tax - Resident Individual,0.00,0.00,0.00,0.00,0.00,2756374.00
"8fba4758b29e496d8a1feebf2f7229fde4480796c91187b485d67f0ffe5536c8","2024",Income Tax - Resident Individual,0.00,0.00,0.00,0.00,0.00,24581.00
"0e7929196ea6dde2bcb95561f72e8f14949220e1f4bb4d84ffb66f66d845bfd1","2024",Income Tax - Resident Individual,0.00,0.00,0.00,0.00,0.00,200.00
f76bc0ac06f85644da7b30fbc8e0e81b12bebb9878b73003499efd3bd7dd5cb7,"2023",Income Tax - Resident Individual,0.00,0.00,0.00,0.00,0.00,225641.00
"58757329a3bc2a9c9c14248c0b90c55edeab7b86973255dfe269cb30fcfd24dc","2024",Income Tax - Resident Individual,0.00,0.00,0.00,0.00,0.00,76886.00
"9fcb5342bd746770efe425431e2a19037a890f2770eff052a2f1cb1307c9a336","2024",Income Tax - Resident Individual,0.00,0.00,0.00,0.00,0.00,235987.00
"0002d79822c19a8cd9cccc6e5b8374ffbd697239fa76364c1b33cbe0b459f689","2023",Income Tax - Resident Individual,1310.00,1500.00,0.00,100.00,0.00,0.00
"000b8888feb40998fdf42494fe4a55cdca76199f6b23e048fda85be959390bb7","2023",Income Tax - Resident Individual,0.00,0.00,0.00,0.00,0.00,0.00
"000e55e93355fa9d1a9c3039b7e79a64cd6db90f122836687527e60e2e7f99cb","2024",Income Tax - Resident Individual,0.00,0.00,0.00,0.00,0.00,38865.00
"000fb0e63f230b6513e98b6bdd96871063af50ad573f75af7eb2b8f02942c8e0","2023",Income Tax - Resident Individual,0.00,0.00,0.00,0.00,0.00,20783.00
"000e55e93355fa9d1a9c3039b7e79a64cd6db90f122836687527e60e2e7f99cb","2023",Income Tax - Resident Individual,0.00,0.00,0.00,0.00,0.00,30480.00
"000b8888feb40998fdf42494fe4a55cdca76199f6b23e048fda85be959390bb7","2024",Income Tax - Resident Individual,0.00,0.00,0.00,0.00,0.00,0.00
a63f2337375ea58b1b65fe35dae19415d7f2d639537b46a02472cc2e41230847,"2023",Income Tax - Resident Individual,0.00,0.00,0.00,0.00,0.00,66928.00
e955990106567ea049ec0ab8e239759a74e532f00ab3bf48574984be844b46b0,"2024",Income Tax - Resident Individual,0.00,0.00,0.00,0.00,0.00,0.00
e3ff52fdcd915e9e0412dd57b96ff924977cf8362ea9454c7e9c6caccc7af90b,"2024",Income Tax - Resident Individual,0.00,0.00,0.00,0.00,0.00,87586.00
"814062948d0982c70fb93001c99f097dbbf04f0a1a50ed189512fb43816f137b","2023",Income Tax - Resident Individual,0.00,0.00,0.00,0.00,0.00,0.00
fb080d4e57d79972d1f248f86aab257dbb30c309679fe7a90056c9cfef3bafe0,"2023",Income Tax - Resident Individual,0.00,0.00,0.00,0.00,0.00,54937.00
"9d162fbb0cfd78dac2945de557212df24aa254415593d7bef7b4636742d6e8c3","2024",Income Tax - Resident Individual,0.00,0.00,0.00,0.00,0.00,1431055.00
f2b6f4dcbd53d39d986eed533a1566f9c65058074740d27ac1b650d659f7e8c1,"2023",Income Tax - Resident Individual,0.00,0.00,0.00,0.00,0.00,210069.00
ecb25cfb39772bbbba58407fc8cfb92b3db142f6a917c5ac06423f561f0efda5,"2023",Income Tax - Resident Individual,926321.00,178000.00,0.00,0.00,0.00,49728.00
"8aba7cd275cdaa5bfecca8a57be4e1b7665466dcec8ea81a802061024ccd55d1","2023",Income Tax - Resident Individual,0.00,0.00,0.00,0.00,0.00,0.00
"26f545d85233cff02e2522fb047faa13a23fcf828dea2132d9544ec6bad19cde","2023",Income Tax - Resident Individual,0.00,0.00,0.00,0.00,0.00,0.00
"8bd3bd7a77554b271ca797cbddae4e0a58d46efd76dadeceace5aa4aa2216716","2024",Income Tax - Resident Individual,0.00,0.00,0.00,0.00,0.00,202138.00
"8ab4fc6c308bb62afb22259b97142a68bfc92af713da628abfc393358f2b15b5","2024",Income Tax - Resident Individual,0.00,0.00,0.00,0.00,0.00,87052.00
a2dc62c9ff160ce3f8c6207f0d5af79b175128102464fae90be02caa4b61278a,"2023",Income Tax - Resident Individual,0.00,0.00,0.00,0.00,0.00,94006.00
"3b17f980fb2725048ae69af182c86591403c2841b31084b883fc2a79d96a2597","2023",Income Tax - Company,1.00,0.00,0.00,0.00,0.00,0.00
"001ca718534207d87f17137deca84050970e1ff70c7b654283a3955d87b2e644","2023",Income Tax - Resident Individual,546550.00,539000.00,0.00,6500.00,0.00,574136.00
"001ca718534207d87f17137deca84050970e1ff70c7b654283a3955d87b2e644","2024",Income Tax - Resident Individual,540000.00,145345.00,0.00,0.00,0.00,109046.00
"001c4a95051847ffee15eab4748ee521e9739e1a9da7694f7a4839816fb144cc","2024",Income Tax - Resident Individual,327221.00,69600.00,0.00,0.00,0.00,0.00
"00151f7aa30439cc0dc3fc7044aaa61854614cf7bd46bcd52ff90f0ac568628a","2024",Income Tax - Resident Individual,0.00,0.00,0.00,0.00,0.00,363123.00
"000c8e216ab9b88237fb20481f366cf64bb2070e7387217d6ade83e9b4315083","2024",Income Tax - Resident Individual,0.00,0.00,0.00,0.00,0.00,0.00
"00139be1ebf702a5088acbbd035920abd1aa81e51ffb6130ccc9f4e153f4ad36","2024",Income Tax - Resident Individual,0.00,0.00,0.00,0.00,0.00,19118.00
"001aa004e1ccf67c7f400e2c96bb851d59bda43c4bcc16d5d3d6cbe4e9d7043f","2023",Income Tax - Resident Individual,0.00,0.00,0.00,0.00,0.00,0.00
"00139be1ebf702a5088acbbd035920abd1aa81e51ffb6130ccc9f4e153f4ad36","2023",Income Tax - Resident Individual,0.00,0.00,0.00,0.00,0.00,16308.00
"0011dfc9094c16b837a365ef10d291d7b65f4f4eade1b186cd15cb224c41259d","2023",Income Tax - Resident Individual,0.00,0.00,0.00,0.00,0.00,74982.00
"000c8e216ab9b88237fb20481f366cf64bb2070e7387217d6ade83e9b4315083","2023",Income Tax - Resident Individual,0.00,0.00,0.00,0.00,0.00,0.00
"000b76a40aae372c03ceed84f9b9a2ded5c23a66f5ba6fa4456c85ee936ffd4d","2023",Income Tax - Company,1328209.61,106040.00,14780.70,12640.00,539440.00,15.71
"001ba2fcc76526b708ccd2df8aaf8e9758e9f7c21b312d642eb2ed93e8cab1ae","2024",Income Tax - Resident Individual,0.00,0.00,0.00,0.00,0.00,130935.00
"000b76a40aae372c03ceed84f9b9a2ded5c23a66f5ba6fa4456c85ee936ffd4d","2024",Income Tax - Company,505568.96,28100.00,8451.80,5600.00,279530.00,118.74
"7a7fd38da0521f3d58fd06959c9a75959de1b6f75526241a0a3562c038f30653","2023",Income Tax - Company,49261761.00,236532.00,13713290.00,4874001.00,29335044.00,217979.76
"1dcafd058e200b2a121b2187d8e1bdbf4eb590d5a1d382bc871c66b614afba8e","2023",Income Tax - Resident Individual,0.00,0.00,0.00,0.00,0.00,0.00
"75204a232e98ca7d90fbd828f186dd61a5cca335eb4ed6595539199ca90e725f","2024",Income Tax - Resident Individual,0.00,0.00,0.00,0.00,0.00,0.00
d61d42ad199b4656e9ed59ef57156d35966c8d6e220beae7cd48f5efdabd1161,"2024",Income Tax - Resident Individual,0.00,0.00,0.00,0.00,0.00,397362.00
"3d354bd7d52e7171116282f61f9dfa5ad2b91d0d603cb367d0739b1d73ff24e8","2024",Income Tax - Company,19378784.00,1315179.00,7439237.00,203430.00,9833679.00,0.00
"5a12f5ac614c62d2ad25a8658609658470074b60c3c6b610b45c734122078d1c","2023",Income Tax - Company,1119558.00,0.00,74021.00,3030.00,756828.00,0.00
"1cd91615d15b799076dcb99687c9130c1419677f8b3bacb0e9dfa6b356529c14","2023",Income Tax - Resident Individual,0.00,0.00,0.00,0.00,0.00,0.00
ab711c45265fd9b8c26ef113b50690faaa88e78d3f829a657218d7e02bc3546c,"2023",Income Tax - Resident Individual,0.00,0.00,0.00,0.00,0.00,0.00
"9647c55fcd9b67703372cab291d58fca32302cd07928a32b39ed0be55022a195","2023",Income Tax - Resident Individual,0.00,0.00,0.00,0.00,0.00,247574.00
f51824fb33fc0711e584261f39e629bed2339282b703569cdc004c18909c04c2,"2024",Income Tax - Resident Individual,0.00,0.00,0.00,0.00,0.00,0.00
"049e67bdae37f9fe8a3b3ec2796fd2134f9e98bf736ecb62d3a31306dd0a369e","2024",Income Tax - Resident Individual,0.00,0.00,0.00,0.00,0.00,393513.00
edb9625f24d3aa0ceb763876af54fe630611acbd7979b4d1113e68ae0bf83e52,"2023",Income Tax - Resident Individual,0.00,0.00,0.00,0.00,0.00,0.00
b8a863969e7f894f59291e7b8c963f1085a9ee87c048931bb5830ba00c801d17,"2024",Income Tax - Resident Individual,0.00,0.00,0.00,0.00,0.00,195109.00
"1c635ef60f7e40636de253f12937c02e65d8dcb2488f0cab7e864cd73b5da2f5","2024",Income Tax - Resident Individual,154760.00,128969.25,0.00,0.00,0.00,398498.00
"5a5c9f0118ecf384984fd14def2e98a503142f89ef13ce3d25e791e8edbf0f09","2024",Income Tax - Resident Individual,0.00,0.00,0.00,0.00,0.00,0.00
d65f93ad1272003b59c29f4ea163938ace9e7156abd3c53c3925cc46948806ed,"2023",Income Tax - Resident Individual,0.00,0.00,0.00,0.00,0.00,0.00
"000e132f7c40792bb6ab8bddf40f68ae8277a145f8df013bf7d54941d3f2664c","2024",Income Tax - Resident Individual,0.00,0.00,0.00,0.00,0.00,8371.00
"000931b71c35c1623277451e487fb3e389a82aae9181f753ac488f038693b30d","2024",Income Tax - Company,5526268.57,0.00,200000.00,0.00,0.00,41800.97
"000d4dd2cd04d7102d28bd6ab5f51c6d49344eb1b0ca9d46cbbc298e3741f4f0","2023",Income Tax - Resident Individual,0.00,0.00,0.00,0.00,0.00,291279.00
"001ba2fcc76526b708ccd2df8aaf8e9758e9f7c21b312d642eb2ed93e8cab1ae","2023",Income Tax - Resident Individual,0.00,0.00,0.00,0.00,0.00,128181.00
"0013a0dbe50d2b92cfdc63913be9c035247e8467aa237bc8e18753ac72019704","2023",Income Tax - Resident Individual,0.00,0.00,0.00,0.00,0.00,0.00
"000867305f56b87c4371622d694d19836adbd875e88808dd68b28ef9cf8b2180","2024",Income Tax - Company,11501468.00,1654885.00,4244604.00,33830.00,5507799.00,0.12
"000d4dd2cd04d7102d28bd6ab5f51c6d49344eb1b0ca9d46cbbc298e3741f4f0","2024",Income Tax - Resident Individual,0.00,0.00,0.00,0.00,0.00,325171.00
"000afb5ff7dc547d603066f1653d2966f98cea8adfb2e29544ba7408799ed989","2023",Income Tax - Resident Individual,0.00,0.00,0.00,0.00,0.00,688450.00
"000867305f56b87c4371622d694d19836adbd875e88808dd68b28ef9cf8b2180","2023",Income Tax - Company,4701034.00,110431.00,2743489.00,0.00,1978371.00,0.00
"000001bdcdd3022ff9f3d0cfc3875f72c8dd7b7343da8728d8eab2a3930bcb05","2023",Income Tax - Resident Individual,1.00,0.00,0.00,0.00,0.00,1.00
"000afb5ff7dc547d603066f1653d2966f98cea8adfb2e29544ba7408799ed989","2024",Income Tax - Resident Individual,0.00,0.00,0.00,0.00,0.00,722899.00
"000001bdcdd3022ff9f3d0cfc3875f72c8dd7b7343da8728d8eab2a3930bcb05","2024",Income Tax - Resident Individual,1.00,0.00,0.00,0.00,0.00,1.00
"000e132f7c40792bb6ab8bddf40f68ae8277a145f8df013bf7d54941d3f2664c","2023",Income Tax - Resident Individual,0.00,0.00,0.00,0.00,0.00,1546.00
c809c7eb6c1c67f545b0ce417948927ac3d9e46d9d6cbb326ce5330708a31684,"2024",Income Tax - Resident Individual,0.00,0.00,0.00,0.00,0.00,631417.00
"009d14017fdf82c00fd65e12fcd6eeff5d054feb79b664e5e16cf21a51e47b99","2023",Income Tax - Company,76929016.00,0.00,153199.00,0.00,5626502.20,219057.90
e2ebdc60513e667e80278a4c89fe7b9e322c183e51739ce7b865d6aae4eb4b76,"2023",Income Tax - Resident Individual,0.00,0.00,0.00,0.00,0.00,394465.00
"52d491badb64faaf2dc5e67d9176cdc30c833089080861b451f62ca021f42076","2024",Income Tax - Resident Individual,92500.00,0.00,0.00,0.00,0.00,4626.00
"32783b603b88e419d65107448710719c2faeedcf798f0e672a134e86d689c0f8","2023",Income Tax - Resident Individual,0.00,0.00,0.00,0.00,0.00,0.00
cc06bd36f9a9368e2d828597a62ded720d2269ed1560cb8222fd093450d4609b,"2023",Income Tax - Resident Individual,0.00,0.00,0.00,0.00,0.00,0.00
"4950df3a876089b3640970dd8b132f3042cf690b8a005a0b0e27d3111305d311","2024",Income Tax - Resident Individual,978200.00,979008.00,0.00,0.00,0.00,0.00
"832796b9a6b30b837cbe677bca802d9466af189db10ca852a50b451b67176b95","2024",Income Tax - Resident Individual,0.00,0.00,0.00,0.00,0.00,12700.00
e5a8c2f9fe161575e67f5b294052f6fd9d38d0680367edee80c6b84358c77724,"2024",Income Tax - Resident Individual,0.00,0.00,0.00,0.00,0.00,119418.00
"75afada7147a9174b551d306e1e7b3206f7aaab4be05cf56629dac9c07b6d90e","2024",Income Tax - Resident Individual,0.00,0.00,0.00,0.00,0.00,0.00
"94ab38f813e81931474344c805b79df49fa267b96a72f48fbd5cf3f17171b8a6","2024",Income Tax - Resident Individual,0.00,0.00,0.00,0.00,0.00,783829.00
"001156fbdcacda47887d3a9e504cc02fc69aa7b961406fa0953d835ecd89516f","2023",Income Tax - Resident Individual,0.00,0.00,0.00,0.00,0.00,45660.00
"00186d714ead5500579c05d2c5d601d091528e0b1445e82c60e93d1901700dae","2023",Income Tax - Resident Individual,0.00,0.00,0.00,0.00,0.00,265810.00
"00076eaa065a924ccc3aba240caf515b55d3f82bd2786cb5801e5c7c1fc5d104","2023",Income Tax - Resident Individual,0.00,0.00,0.00,0.00,0.00,0.00
"000871072959c74fd248f1aefbf5247af1dea38ef3e1804bba06906a80a225e5","2023",Income Tax - Resident Individual,4586310.00,67500.00,0.00,0.00,1452300.00,114673.00
"00096c452339c7134f9472dae7a3119c80249b892c8e44075782a3b234669d79","2023",Income Tax - Resident Individual,0.00,0.00,0.00,0.00,0.00,85657.00
"00194f9958d33361ae32af517fef53341426206bbe42be75bc670b8c34bcf0c6","2024",Income Tax - Resident Individual,0.00,0.00,0.00,0.00,0.00,0.00
"00194f9958d33361ae32af517fef53341426206bbe42be75bc670b8c34bcf0c6","2023",Income Tax - Resident Individual,0.00,0.00,0.00,0.00,0.00,0.00
"00010f3739e13d09fc1f8c16c0fe860f757327f1f09297e5ae49090d7a0c4095","2024",Income Tax - Resident Individual,0.00,0.00,0.00,0.00,0.00,2584.00
e84e2149c40fc1b74c5feb5b85feea522d8012260e7072f8262cd863dd728e7c,"2024",Income Tax - Resident Individual,0.00,0.00,0.00,0.00,0.00,0.00
c62b00adc8fcc88f2527a9bd129061045ce8c45d02c450d5e5dbff1dc259af3a,"2023",Income Tax - Resident Individual,0.00,0.00,0.00,0.00,0.00,10675.00
e4474edb5904a9de6ba563d9cb98a11e41552716e274bc50cba1f4f2f2055ba8,"2024",Income Tax - Resident Individual,0.00,0.00,0.00,0.00,0.00,0.00
cfa311bb3b3d77706b15fea6bd14ab544d7db2f90864858f8f16462f91f838c6,"2023",Income Tax - Resident Individual,0.00,0.00,0.00,0.00,0.00,0.00
a6084a7f852c1cc21717a97e3f86ee9de73875fdcf05d338bfa4548b30b39bf6,"2024",Income Tax - Resident Individual,0.00,0.00,0.00,0.00,0.00,0.00
"9caca4ff977b73386ece845da8fc2915a4a1235dd787128397f5a38a4adc0956","2023",Income Tax - Resident Individual,0.00,0.00,0.00,0.00,0.00,193696.00
ef6db78caff7cd1678911407acba3435d062764dbb6ab0781bc86f005764b88c,"2024",Income Tax - Resident Individual,0.00,0.00,0.00,0.00,0.00,9178.00
be3abca9f905999d41290e54947a8189c41737bed8c555edad02d7a0aeb20868,"2023",Income Tax - Resident Individual,0.00,0.00,0.00,0.00,0.00,865000.00
"77b1a5705e573db972beb07083396128c6e4dd45adefb4b846169cae454cee27","2024",Income Tax - Resident Individual,0.00,0.00,0.00,0.00,0.00,55862.00
"86620882b1ac25086203abce0f5b9874baccc89afa6844fc9f5b72c277d17074","2024",Income Tax - Resident Individual,0.00,0.00,0.00,0.00,0.00,0.00
fa152b8a356b92dfdec5efadf32a9a4418d5e7b34b9a187fbb71d413b51c7a07,"2023",Income Tax - Resident Individual,0.00,0.00,0.00,0.00,0.00,129304.00
a6f1a80b2201966a10366f2a78670904d2c5687b492217781b0cfa74c6ded869,"2023",Income Tax - Resident Individual,0.00,0.00,0.00,0.00,0.00,86676.00
"00098a28ab1ae2afdd894565a4d19febed0d32fa5dc5582144dcdb330a45be0c","2023",Income Tax - Resident Individual,0.00,0.00,0.00,0.00,0.00,1586.00
"0016143d348cd2b8ecb06a04fc417b61409065a7aec1fa3077c1def1e903f240","2023",Income Tax - Resident Individual,0.00,0.00,0.00,0.00,0.00,0.00
"00098a28ab1ae2afdd894565a4d19febed0d32fa5dc5582144dcdb330a45be0c","2024",Income Tax - Resident Individual,0.00,0.00,0.00,0.00,0.00,1282.00
"0000d56643fba2abdaa034dc68cfbb5385d98dc4123aac855d72b8f1e921d760","2023",Income Tax - Resident Individual,0.00,0.00,0.00,0.00,0.00,0.00
e29e32ae550b0bc6182110f1da58f3f47195785ea1ac0c6c5f0b0a9f26b18584,"2024",Income Tax - Resident Individual,0.00,0.00,0.00,0.00,0.00,522441.00
f72d575cc105e3da80efa45376e6cda57444c531520aab64b25dab73fc7b8e1b,"2023",Income Tax - Resident Individual,0.00,0.00,0.00,0.00,0.00,114605.00
"5e0c6c22790a5bd88d1c0e5bc982f415e8cf41281c94e9743f63074ecf4d2890","2024",Income Tax - Company,116964999.00,83352.00,0.00,7266.00,3776533.00,163632.00
e1124af7bb68caad34ec90d84e9c619248fa0fd676dbbf884c84db498b40e5fd,"2023",Income Tax - Resident Individual,173054172.00,148232.00,5724.00,97117.00,713440.00,48247.00
"2e574b596b99fd66ff958ae4d1bbb9052620b3f9b3f2168e3dc264a1c126c682","2024",Income Tax - Resident Individual,0.00,0.00,0.00,0.00,0.00,0.00
"24fd7d690f9722a475c7b986236b120a158e7e4e7e34cba17505ed78f4791d54","2023",Income Tax - Resident Individual,26956371.00,144037.00,265508.00,138189.00,1616869.00,37318.00
"734fa4e7e8578c3d4f74960988315e9bb1700c1f17bdc06dbbb88f552d32ada6","2024",Income Tax - Company,1687461.00,820605.00,288000.00,103191.00,0.00,129984.00
f655f3d081c472a70b5ed96da800825253c3b9ba983d4a2bbd34718a347051d0,"2024",Income Tax - Resident Individual,0.00,0.00,0.00,0.00,0.00,0.00
b6d31edcc2068eb93328fc1c204173895416a267b46e0e23bf55b25e6f1f4853,"2024",Income Tax - Resident Individual,0.00,0.00,0.00,0.00,0.00,0.00
"0592049dfccf271040639f6e959eb685822842cd0424111cd4ee511a7ad55347","2024",Income Tax - Resident Individual,0.00,0.00,0.00,0.00,0.00,86890.00
"8ca6b1994af8bac1b37489e0c465263d4eb67679ee2d088e2930295574b538b3","2024",Income Tax - Resident Individual,0.00,0.00,0.00,0.00,0.00,0.00
"779cc2be3875ee02a24353a398b120bbf9b593c4241f32b7e80d0fce46dae4fa","2023",Income Tax - Resident Individual,0.00,0.00,0.00,0.00,0.00,194463.00
"0690867330a6ee24225ce940d43d16f50f94577bc264596eb009877de2dc4f96","2023",Income Tax - Resident Individual,0.00,0.00,0.00,0.00,0.00,420316.00
"0011eda2d3841b722233a4d36ce16a75687930ebb696226c1b08ce193d451bf3","2024",Income Tax - Resident Individual,0.00,0.00,0.00,0.00,0.00,61057.00
"0011eda2d3841b722233a4d36ce16a75687930ebb696226c1b08ce193d451bf3","2023",Income Tax - Resident Individual,0.00,0.00,0.00,0.00,0.00,47455.00
"0013a732af35254afba6b1decab186145057cd6cbfde0e723f664a0166ebbc26","2023",Income Tax - Resident Individual,0.00,0.00,0.00,0.00,0.00,189162.00
ffc858f2484d957db7fc08c3bba46d400e133fd40428acd0e820d7fac57438b9,"2024",Income Tax - Resident Individual,211415.22,0.00,0.00,0.00,0.00,0.00
"36a488d0d564a1ca49df63757be1cd652f967a1227494d93679b3414e75166d7","2023",Income Tax - Resident Individual,0.00,0.00,0.00,0.00,0.00,0.00
"20b60511110f3cb6c9d63c11aa9434fa32409e397bf7fdf1485fc581cc6c166a","2024",Income Tax - Resident Individual,8605.00,0.00,0.00,0.00,0.00,11122.00
a8c3117d0fde28e57e806e907883a2294d61c4a0964f4c08e001808098b268da,"2023",Income Tax - Resident Individual,0.00,0.00,0.00,0.00,0.00,0.00
d00b8c9640dd157bba8bc937909664329826ebefd5af0686b9d634c7e9dce83d,"2023",Income Tax - Resident Individual,0.00,0.00,0.00,0.00,0.00,17685.00
"83ecef5256883248f9ace740df856e715dee51c1e1eef893da3be5ba7b16ff06","2023",Income Tax - Resident Individual,0.00,0.00,0.00,0.00,0.00,0.00
ea13a941f311651d041313f08c779aff6d01fe076d6c3377086cdcfcf0551fb9,"2024",Income Tax - Resident Individual,0.00,0.00,0.00,0.00,0.00,941527.00
"0c9e63c54196f3a3a6cb4965209f900ef7e2d7626ac8dd7348ca1395bbb59d11","2023",Income Tax - Partnership,316245530.00,265110.00,22794.00,309758.00,976253.00,0.00
dd03fd9a9bceb71c2e1aee9c47838f9b8aa7af444c7d37a64e78e1632590b61d,"2024",Income Tax - Resident Individual,0.00,0.00,0.00,0.00,0.00,0.00
"82604f19ecaf9a474285f26be9bf4bf2d734cc0fedf53d06187f1f0b367f91f4","2023",Income Tax - Resident Individual,0.00,0.00,0.00,0.00,0.00,349450.00
"6172f9ed94ecb0fafe818bbab58f39dccd069286d160049ea834b7fa244c9043","2024",Income Tax - Resident Individual,0.00,0.00,0.00,0.00,0.00,0.00
"0009af1360c1029e1d4f8876d007234170d780fad0091c5fc6e34c1b7989d15f","2023",Income Tax - Resident Individual,86400.00,44000.00,0.00,600.00,0.00,4180.00
"0013a732af35254afba6b1decab186145057cd6cbfde0e723f664a0166ebbc26","2024",Income Tax - Resident Individual,0.00,0.00,0.00,0.00,0.00,178174.00
"000974af56a61216836f3487f6d2212a637fdcb5a9bdcdaecb4f675f3d30044c","2023",Income Tax - Resident Individual,500.00,0.00,0.00,0.00,0.00,17771.00
"0004e468c14a87043b1ea0d4f85c38f02aec5d31deb00d72447daef50c661e38","2023",Income Tax - Resident Individual,300543.13,5000.00,0.00,0.00,0.00,1886.00
"0004e468c14a87043b1ea0d4f85c38f02aec5d31deb00d72447daef50c661e38","2024",Income Tax - Resident Individual,571466.00,9936.00,17559.00,913.00,49407.00,3779.00
"0015633f5fff9931a2754a0840bbe4f911538de6a27ea78f0e2f7778ab424e87","2023",Income Tax - Resident Individual,0.00,0.00,0.00,0.00,0.00,511835.00
"000641e045e837dc54d47555bf00a03870bf02d7ef2496b32b770651382e40e5","2024",Income Tax - Resident Individual,229648.00,0.00,229648.00,0.00,0.00,0.00
"000ba65249312f5bf0ca8b0c73d75d7b27328473a93bd3de50c0fa2cfc5593a7","2023",Income Tax - Resident Individual,0.00,0.00,0.00,0.00,0.00,47643.00
"1772dfadcae17e767d44c3ebbf17a76180ea91c7daca5ee828d1cabda213552d","2024",Income Tax - Resident Individual,0.00,0.00,0.00,0.00,0.00,4545.00
"50b2b92a76d5bf29aa05bd87c3863207d85f2dd89e177061962f7e0d71487364","2023",Income Tax - Resident Individual,0.00,0.00,0.00,0.00,0.00,0.00
"3d414e0aa79260a0a44566e5cfc76a027fa91ea116ff540215042e54d125e216","2024",Income Tax - Resident Individual,0.00,0.00,0.00,0.00,0.00,1230927.00
fd89511c8d30737983e299d2bea0ff419b4ea4a915eb2534b71ddc45c1a1ca2b,"2023",Income Tax - Resident Individual,0.00,0.00,0.00,0.00,0.00,254141.00
c2c13dace7b57c8943a416dd9389744b2cf91774f9e3b6d5d0b7b4cfb45c06e6,"2023",Income Tax - Resident Individual,0.00,0.00,0.00,0.00,0.00,0.00
"296df4587ad99209ffbaba276b0d553fb152a9882c3ccf83e46a17b94c5b9b90","2023",Income Tax - Company,12841731.00,0.00,1890.00,0.00,2595025.00,99078.60
fa5e3ed152578801fe17b136a0e0d763e980dc9f92693177f911970246fc31c0,"2023",Income Tax - Resident Individual,0.00,0.00,0.00,0.00,0.00,265428.00
"91c4afe56965755090f447ee1a439dfb420ccac6add5d0d3d71e8cafcd44e214","2023",Income Tax - Resident Individual,37560.00,37000.00,0.00,0.00,0.00,1155318.00
"4621da67fa0cd0da87a5d77f80c0884efaf80c86eddb3457d2f0bde790ab0c16","2024",Income Tax - Resident Individual,0.00,0.00,0.00,0.00,0.00,186032.00
"668b19ebfa94cdc0e694d4572a61222bb2f0b9fee215d233efbd4017adf3eff5","2024",Income Tax - Resident Individual,0.00,0.00,0.00,0.00,0.00,7178.00
"6a7f89a2c35d80c1776a8cd3d28f78db02019173b73e5d2674624949cd3863a6","2023",Income Tax - Resident Individual,0.00,0.00,0.00,0.00,0.00,127153.00
"63cc04a860ed4d5e41bcbbebe539ec487f25967b815a43cf44b491709b6617c1","2023",Income Tax - Resident Individual,0.00,0.00,0.00,0.00,0.00,3000.00
"980b764ddc4dbb6c4355c0f5bbac912372f7d9f26b83389ceb80be514c10d7dd","2024",Income Tax - Resident Individual,0.00,0.00,0.00,0.00,0.00,20980.00
a5f923bab580a30e51fa50a8f8356c42277accb6524874945234fe6c4950251d,"2024",Income Tax - Company,56158200.00,6240022.00,10885797.00,850641.00,41722520.00,0.00
"000ef32cbd0b4650e761b07fc0ab08d79dfca5a6798e0b07e47b719a4d29a3aa","2024",Income Tax - Resident Individual,0.00,0.00,0.00,0.00,0.00,45652.00
"0005272cec0cf65839a917ce872f4af6384ea053887bb1645ebb55b06e17f27a","2023",Income Tax - Resident Individual,0.00,0.00,0.00,0.00,0.00,0.00
"000ef32cbd0b4650e761b07fc0ab08d79dfca5a6798e0b07e47b719a4d29a3aa","2023",Income Tax - Resident Individual,0.00,0.00,0.00,0.00,0.00,70768.00
"000f17e9d8591831d2a257ff782e5eecca4fb1a3fe9dd890a8a09951ef76e6b7","2023",Income Tax - Resident Individual,0.00,0.00,0.00,0.00,0.00,7656.00
"000f17e9d8591831d2a257ff782e5eecca4fb1a3fe9dd890a8a09951ef76e6b7","2024",Income Tax - Resident Individual,0.00,0.00,0.00,0.00,0.00,29290.00
"0005272cec0cf65839a917ce872f4af6384ea053887bb1645ebb55b06e17f27a","2024",Income Tax - Resident Individual,0.00,0.00,0.00,0.00,0.00,0.00
"00172dcf6639f0b95c80572f5d4ee4108808a09603e27ef46195d50cf8ed6a6d","2024",Income Tax - Resident Individual,0.00,0.00,0.00,0.00,0.00,0.00
"36c51c6493d38bf80f67f2f6951845b17fdcbeb9645fb4181a4525d77c8af2c3","2023",Income Tax - Resident Individual,0.00,0.00,0.00,0.00,0.00,0.00
"028e33bca36b6bd4ca5284485550cc44b2b91c8c2b109ad564f5ff3a3ab81f63","2024",Income Tax - Resident Individual,0.00,0.00,0.00,0.00,0.00,611347.00
a4510ff502203eaa642e9a4246b373116715d8d41f44a756c4ea947a737b3d1d,"2024",Income Tax - Resident Individual,0.00,0.00,0.00,0.00,0.00,41038.00
"11fbe1e927d93aeda11a49cfd071bf52914b87d529774563961536d8883b4887","2023",Income Tax - Resident Individual,0.00,0.00,0.00,0.00,0.00,0.00
"201fa9c2075a3f5bd9888d62f85c11d38c9a6619a5204c4ad69437a441db993a","2024",Income Tax - Resident Individual,40330.00,0.00,0.00,0.00,0.00,176873.00
"36e646fca322b15ce4f2ceffd679ce98b21e025ad89da03b8e8ff34a5eb39495","2024",Income Tax - Resident Individual,0.00,0.00,0.00,0.00,0.00,0.00
"87f38c77819f14adfb0057e3908922e51aeb68c5edc21d0804ee361089863bc6","2023",Income Tax - Company,5388718.00,1763120.50,2600000.00,733970.50,0.00,87488.10
b1a76311cd42872f2a10120cb84b1242bf9cc08ab8963d1ee75a6a66b2ef7ef6,"2023",Income Tax - Resident Individual,0.00,0.00,0.00,0.00,0.00,0.00
"200010b1e14745d4914d4c741952ea94cc8bfd0895bb48dd7f85144eaaad91bd","2023",Income Tax - Resident Individual,0.00,0.00,0.00,0.00,0.00,0.00
"3cba06e770882484c7e62c34b133e38204766cc49030ffa08c448b4408352164","2024",Income Tax - Resident Individual,528000.00,0.00,0.00,0.00,1260000.00,48745.00
"9348748c73475785f360cbf0fd3317b98c856901ed6cf86a413c14714168d5ab","2024",Income Tax - Resident Individual,0.00,0.00,0.00,0.00,0.00,487488.00
"39ffc132ad38cc1122324c8116ab0f65b84cc47a28da871a6f553c562a07c2cf","2024",Income Tax - Resident Individual,0.00,0.00,0.00,0.00,0.00,1676912.00
aa7d9eba6102a3d8df610001b13110e42d58b3c30dbac0fa2398505a3e6d4d19,"2024",Income Tax - Resident Individual,7714.00,0.00,0.00,0.00,0.00,953028.00
"8d96bd63de3a2d0fefbb632f9579bf2972eb34e33b240915298d1b68816ff7ca","2024",Income Tax - Resident Individual,0.00,0.00,0.00,0.00,0.00,6218.00
d85bb6f8d4e947b23fd1a047d9d550d8c522b2ca634a90880593a6153f2ebc1d,"2023",Income Tax - Resident Individual,0.00,0.00,0.00,0.00,0.00,0.00
"13cbc323d45bf28a6aa12c61de768630ea6a0eab3fcd4a97d6dad05d2838fa62","2024",Income Tax - Resident Individual,0.00,0.00,0.00,0.00,0.00,0.00
b68d583f7fe116ee8659ed9876096fab3d8a2a44fcdd96d3eba839491414c2c0,"2023",Income Tax - Resident Individual,0.00,0.00,0.00,0.00,0.00,0.00
"001517c1925a7a4e7d2cee179146dec2331c088674b7f479c068669f4454b970","2023",Income Tax - Resident Individual,0.00,0.00,0.00,0.00,0.00,12302.00
"0013c2e482dfbc3175b6b5c14c144150a31a2481be51807aaf55c97f657d4f75","2024",Income Tax - Resident Individual,0.00,0.00,0.00,0.00,0.00,0.00
"001517c1925a7a4e7d2cee179146dec2331c088674b7f479c068669f4454b970","2024",Income Tax - Resident Individual,0.00,0.00,0.00,0.00,0.00,304427.00
"001c18bf46ce05034df4687f7d99b245cc353c761647182ff3ef623d2d6a86a0","2023",Income Tax - Resident Individual,0.00,0.00,0.00,0.00,0.00,31841.00
"0002f39a37caecf139f367b227c1e32e27a937251b88418979071e0b63a80729","2023",Income Tax - Resident Individual,0.00,0.00,0.00,0.00,0.00,0.00
"0002619204bd4de81de587cb35268ddd0ac6ca33fde1b94c7261d5f0fb59603f","2023",Income Tax - Resident Individual,0.00,0.00,0.00,0.00,0.00,0.00
"000fb10aabf1881347aff0b98d93960108fa9876cf78f5260c2c29d20b6c4a6a","2024",Income Tax - Resident Individual,352382.31,0.00,0.00,0.00,0.00,0.00
"4b248326e075202584b412053dd0a55f267ab2cda914e92abfd0cde8c7b9c8d0","2023",Income Tax - Resident Individual,0.00,0.00,0.00,0.00,0.00,177366.00
"80baa454b40993c325b4713c80e02ff67030de375f6220e43c1b39715827d649","2024",Income Tax - Resident Individual,2000199.00,0.00,0.00,6790.00,0.00,46036.00
b301d63e22965e44b2e70f0946702bcbe1691a05ddafedd495a5594cfdae4070,"2024",Income Tax - Resident Individual,0.00,0.00,0.00,0.00,0.00,737341.00
e841c0dc0846e6eabec61ee6eaaa6fdca76c5afc3fd3110f508af69594c4a7c6,"2024",Income Tax - Resident Individual,0.00,0.00,0.00,0.00,0.00,83823.00
"9838180c6992f73552d50927d9741cd78b46bdc7680b0d0564b1e79ac8c62a87","2023",Income Tax - Resident Individual,0.00,0.00,0.00,0.00,0.00,6664.00
cd75ac9bdd824c12c1222f2867d4db6cc8e0499b9c35438ffacea173f5355739,"2024",Income Tax - Resident Individual,0.00,0.00,0.00,0.00,0.00,148948.00
"24a72259c871258d873d12345759903798b3db8f167f282e96fbe3a4fa30e1d8","2024",Income Tax - Resident Individual,0.00,0.00,0.00,0.00,0.00,240035.00
"937dd067fa8011714b07eeb00ee689b7803cdd502e2d40aabebd665c4ff92104","2024",Income Tax - Resident Individual,0.00,0.00,0.00,0.00,0.00,0.00
"543221f34784e859eeee79353d477e05718a0df157bfd419cbf8b55ae1fe2ef5","2023",Income Tax - Resident Individual,144040.00,0.00,0.00,0.00,57616.00,8643.00
"616afb78654f51d0061aa2a4724cb311e534e4bdeeffec089efce90f4438b4ce","2024",Income Tax - Resident Individual,4806.67,2100.00,0.00,0.00,0.00,206985.00
a63527c8ab68d138938f1cf64866758b566337a38107e842f0d2ac24181e1e06,"2024",Income Tax - Resident Individual,0.00,0.00,0.00,0.00,0.00,37460.00
"25d9d9c28b8df66e8ba80f1270b108ef393c5e6afbcfadc7cb2e5e4f807e354f","2023",Income Tax - Company,4855734.00,215764.00,3014351.00,314729.00,760646.00,133.20
"00183d62896f3a60a28420f176b188cd612e7fc95d6e2c6e423f0ca6bd9805e1","2024",Income Tax - Resident Individual,0.00,0.00,0.00,0.00,0.00,304894.00
"00183d62896f3a60a28420f176b188cd612e7fc95d6e2c6e423f0ca6bd9805e1","2023",Income Tax - Resident Individual,0.00,0.00,0.00,0.00,0.00,285262.00
"00183e62cb9630786442945aeadd2c7feabdd2923ac4690e0d485b14ae46e9c6","2023",Income Tax - Resident Individual,0.00,0.00,0.00,0.00,0.00,0.00
"0009ebc15cb82beffcc4482a96557b10f5243a4244352b8ed0f2ce87dc179977","2023",Income Tax - Resident Individual,0.00,0.00,0.00,0.00,0.00,0.00
"0007ce78cca581b19eafa9e9e9283208140a50d11a3d4c07315783e8e80fdf43","2023",Income Tax - Resident Individual,0.00,0.00,0.00,0.00,0.00,0.00
"0546a5eadb678ebc48b9a5dab2aa112b328e23fd741b3f2bfc9dae8b07f1ef2f","2024",Income Tax - Resident Individual,0.00,0.00,0.00,0.00,0.00,140032.00
f44b075d588aa68c72fa0643068d7e1826d47e9274ed241b223983bdef28b402,"2024",Income Tax - Resident Individual,0.00,0.00,0.00,0.00,0.00,71296.00
d3be36eeb7709c295c56f34ed59e1ec1d5fa533ccf0f538860bf70226ce679ba,"2023",Income Tax - Company,65509941.00,0.00,0.00,0.00,4919537.00,12687.00
f56948203a70576ec97e4cfcdc5335b4776920fdcfd8ed079323dee20b188190,"2023",Income Tax - Resident Individual,0.00,0.00,0.00,0.00,0.00,0.00
"77f38aed13c39dcdeb5317bbc46137981452607ecd7314255255a60720b88503","2023",Income Tax - Resident Individual,0.00,0.00,0.00,0.00,0.00,66788.00
c8dea2d4e6192e7746fbcbe890a7738b8884be5085b34fa0726e3ce95c02b5ff,"2023",Income Tax - Resident Individual,0.00,0.00,0.00,0.00,0.00,0.00
"553dd12744333859aad82a03ad50d40cc8685046794d52427c5f4119af06e48e","2024",Income Tax - Resident Individual,0.00,0.00,0.00,0.00,0.00,2071980.00
"837f9cf3e32d59aebba1d219454b64cafb471d4b6b8dd5817afd8dd23c66d937","2023",Income Tax - Resident Individual,0.00,0.00,0.00,0.00,0.00,158374.00
"40ef278d255ccae1af5e25df621cdbf3b9fdad8b677dc65154733914f626a492","2023",Income Tax - Resident Individual,0.00,0.00,0.00,0.00,0.00,0.00
eb1ca1f986c43ee5f88b6fcbe6ad7579f5abd8f512dad51bcffe5af64b34f998,"2024",Income Tax - Resident Individual,0.00,0.00,0.00,0.00,0.00,0.00
c25ae13d8c7244e3ded3fa8d6d5e4bb923472f3e982fb53214f644e6f31d4013,"2024",Income Tax - Resident Individual,0.00,0.00,0.00,0.00,0.00,0.00
"351241ca8fc1ebb155f6474d98b0bcaf06c7971112dd558e256efc4f4a90de56","2024",Income Tax - Resident Individual,0.00,0.00,0.00,0.00,0.00,0.00
"35ede5997ca6c85fe0cd7aa1d20255c483a7fba7171e16035a4f27338df72144","2024",Income Tax - Resident Individual,0.00,0.00,0.00,0.00,0.00,13959.00
"1303fba89c7f6e56f2f03287d1e48e0b4e26fe3c132cb7ca7e3c6d2bcb50f8f8","2023",Income Tax - Resident Individual,0.00,0.00,0.00,0.00,0.00,0.00
a56bc4a0e45af493f52115e9cf8b5fc7dbb76019c4f3a890261c87b1c2d37688,"2024",Income Tax - Resident Individual,0.00,0.00,0.00,0.00,0.00,0.00
"2d50bd8cc622c2b9c54e32a376717b106098f8052041d02690df1a31e0b72d81","2023",Income Tax - Resident Individual,0.00,0.00,0.00,0.00,0.00,111735.00
"374ae45fe441beef4b2d4706feb540417f39af9ae702996a606acc1ee4597ad1","2023",Income Tax - Resident Individual,0.00,0.00,0.00,0.00,0.00,45237.00
"0000305d4e35d34ab3bf3ff3fd727f5a65c061f2b1aa8db903a457d041227bc6","2023",Income Tax - Resident Individual,0.00,0.00,0.00,0.00,0.00,0.00
"000de14f45c92fe27306cfd21df66200b37c9a8d9f704a869b821368514aafbb","2024",Income Tax - Resident Individual,0.00,0.00,0.00,0.00,0.00,0.00
"00192523bbf294b8f3da5e96fc76a39510538d7993e06eb5b5b4f74e3a41a24b","2024",Income Tax - Resident Individual,0.00,0.00,0.00,0.00,0.00,169767.00
"00192523bbf294b8f3da5e96fc76a39510538d7993e06eb5b5b4f74e3a41a24b","2023",Income Tax - Resident Individual,0.00,0.00,0.00,0.00,0.00,157297.00
"0019de631e9d4a2a281b5f29cc20c089c24673d2e3ded27ef8195fefe15fe9a7","2023",Income Tax - Resident Individual,0.00,0.00,0.00,0.00,0.00,22026.00
"0018281312717bec6ab9bb4f9e2db3730ee83ee359bdc3f3a0c999b91476c21f","2024",Income Tax - Resident Individual,0.00,0.00,0.00,0.00,0.00,684785.00
"0007226ace89f36282802efe92a73484236129cc98dc2d7c04bf35858b2c113e","2024",Income Tax - Resident Individual,0.00,0.00,0.00,0.00,0.00,0.00
"000de14f45c92fe27306cfd21df66200b37c9a8d9f704a869b821368514aafbb","2023",Income Tax - Resident Individual,0.00,0.00,0.00,0.00,0.00,15892.00
"0002d2b8e6051fd2078c7f898e8a527e7fd4f8c5115f2e0d62c4ee21bac09b94","2023",Income Tax - Resident Individual,0.00,0.00,0.00,0.00,0.00,0.00
"0015bb8f8041692d226001fc3427c569b4781fbdcf31c65d2db127152ae2f45e","2023",Income Tax - Resident Individual,0.00,0.00,0.00,0.00,0.00,0.00
"0018281312717bec6ab9bb4f9e2db3730ee83ee359bdc3f3a0c999b91476c21f","2023",Income Tax - Resident Individual,0.00,0.00,0.00,0.00,0.00,835968.00
"0008054f82b84c447295bfc6631cf8afef2085643c349cbfd7eb076c46ba47a6","2023",Income Tax - Resident Individual,0.00,0.00,0.00,0.00,0.00,0.00
"0006e0f72e43c3345f141b282504d0a690acbc7b140018232ff9a973770dc9ff","2023",Income Tax - Resident Individual,9648660.00,1123240.00,974723.00,240370.00,836678.00,1600989.00
"0011ff760cb1f1b8d6d3e3af985948cde28b73c0144a9de1e8003d7e2c220769","2023",Income Tax - Resident Individual,0.00,0.00,0.00,0.00,0.00,0.00
a916e702991922a26a5ee18cd9cca2f7fa18327c6263e2504b4fa514a01d2250,"2024",Income Tax - Resident Individual,0.00,0.00,0.00,0.00,0.00,0.00
"6de83a229e36f9e63fce26d7790d35c7705be38c9f18178d11c7d11dc381046e","2023",Income Tax - Resident Individual,0.00,0.00,0.00,0.00,0.00,0.00
"0ecfdbdf4f49ce557316e895d585ca930938a8a5e5912e4c004029d509f1d76f","2024",Income Tax - Company,20003800.00,0.00,2636719.00,0.00,25148.00,618150.08
"65ccc8c88dfeb623e5433803ae4507f92301798f148ed16a850326c8a9c30856","2024",Income Tax - Resident Individual,0.00,0.00,0.00,0.00,0.00,0.00
"43a4af0bedcd8808771775ab12882cc1b14066ccc493baf821fe296c04444fab","2024",Income Tax - Resident Individual,0.00,0.00,0.00,0.00,0.00,442804.00
"61e217a93f6cc54a4fe92454989a2b36421c4e9f2bb37bb5fa8200865d3b9ac0","2023",Income Tax - Company,1610313.51,118233.00,0.00,4680.95,124940.00,225437.10
"54b7ddca2be265e8eccd87df39cbda420cb443bf2eb87f2538b52ca7b36a7747","2023",Income Tax - Resident Individual,0.00,0.00,0.00,0.00,0.00,1520065.00
c6f377c1a9e08b3cf873716c920e42cd8b33a301bd031ee01e9bb35c4f66b4bd,"2023",Income Tax - Resident Individual,0.00,0.00,0.00,0.00,0.00,0.00
fab8bbd74befa4de5eec774c30079c639711a75ba58f05010815b4220a5733e4,"2024",Income Tax - Resident Individual,0.00,0.00,0.00,0.00,0.00,185026.00
"7d926ef18e70b28c6218b6658d18cfe02562c267900c18040869687a78b38048","2023",Income Tax - Resident Individual,105280.00,101000.00,0.00,0.00,0.00,0.00
"636890ea6b38d008688f13b55e2a4b508e751a716d08e3c8c03a493e19c195cf","2023",Income Tax - Resident Individual,0.00,0.00,0.00,0.00,0.00,10125.00
"5ce78d3d7373b6e64c0545e9778d0b6da078b716570f96838a146e7e3c27d487","2023",Income Tax - Resident Individual,0.00,0.00,0.00,0.00,0.00,251785.00
"8a27376e2e35ea47e2821f0ef14f626f00a11b381c59795e0644340b7392f3e4","2023",Income Tax - Resident Individual,32620.00,27183.88,0.00,0.00,0.00,120231.00
"64e6bf6b225925ded707d7acc4febbde235c1bc153ebefb2b50c4e57d59e0cc4","2023",Income Tax - Resident Individual,0.00,0.00,0.00,0.00,0.00,0.00
"9cee133a6d61ae2185fb38e1c2974577efeea00d8080213f16f733b4b19584c1","2023",Income Tax - Resident Individual,0.00,0.00,0.00,0.00,0.00,117782.00
"001c6c768421ed5c9ba87816e544ba293e6d97c8e16b77fa2a038942e7ae4a8d","2023",Income Tax - Company,42284095.00,1265609.00,474920.00,23760.00,0.00,49758.00
"00070a31d175e335c30c40b783bf70fb1c7e83f5249c5d9edd7855cdd6bd6b7b","2023",Income Tax - Resident Individual,0.00,0.00,0.00,0.00,0.00,0.00
"0009fa4661d6c91d43f876908fafbb060ad273033ec470b046c1b782370f2b4a","2023",Income Tax - Resident Individual,0.00,0.00,0.00,0.00,0.00,118082.00
"0006e0f72e43c3345f141b282504d0a690acbc7b140018232ff9a973770dc9ff","2024",Income Tax - Resident Individual,5352020.00,663320.00,999883.00,234565.00,827616.00,608571.00
"000f1598c72c419bb58ed507f5418e3fb2c9648b5b38962f2d1044eb4affce3e","2023",Income Tax - Resident Individual,0.00,0.00,0.00,0.00,0.00,0.00
"0009e2233b0f8753002b7f41ea123f2c59831fae46122a33a5e4db55893bd914","2024",Income Tax - Resident Individual,0.00,0.00,0.00,0.00,0.00,171347.00
"00070a31d175e335c30c40b783bf70fb1c7e83f5249c5d9edd7855cdd6bd6b7b","2024",Income Tax - Resident Individual,0.00,0.00,0.00,0.00,0.00,0.00
"0009e2233b0f8753002b7f41ea123f2c59831fae46122a33a5e4db55893bd914","2023",Income Tax - Resident Individual,0.00,0.00,0.00,0.00,0.00,149841.00
"00174118ca2f20af6db9dac8c9bcae1118814007c1fba25cdb3141068f92a51b","2023",Income Tax - Resident Individual,0.00,0.00,0.00,0.00,0.00,211472.00
"00174118ca2f20af6db9dac8c9bcae1118814007c1fba25cdb3141068f92a51b","2024",Income Tax - Resident Individual,0.00,0.00,0.00,0.00,0.00,179672.00
"25ef88ed37d8f688e199934b15909f0330b2baec0e4d3dfe30c69b00f88da5d7","2023",Income Tax - Resident Individual,0.00,0.00,0.00,0.00,0.00,78356.00
"4b4e9bb8161f3484bfed19f801f9ea1a64a5efd1f5f7c39ef981756c5c864cd8","2024",Income Tax - Resident Individual,0.00,0.00,0.00,0.00,0.00,132289.00
f13f2e9edfb0068f9eaa4379f70afe3fd2dbfd4bae7f53f5a4690b874299ac33,"2024",Income Tax - Resident Individual,0.00,0.00,0.00,0.00,0.00,0.00
"95ff6dbdf03accb4a8401b8353e23786027ddeeec90b3fdc58567c0e35e99b13","2024",Income Tax - Resident Individual,0.00,0.00,0.00,0.00,0.00,109787.00
aa418dfa9f69d803c1799e4465fe80f43b1e5ec8b905854568ba44e2ee52489e,"2024",Income Tax - Resident Individual,0.00,0.00,0.00,0.00,0.00,565041.00
c410651fb1d0908c1cbf71ee31226a86c49b77f9fb05cf142141b64e11b7eb35,"2023",Income Tax - Resident Individual,0.00,0.00,0.00,0.00,0.00,0.00
"9eb3eab6f3c008664be6a7b82bb0e22f79db8af0f370bbfae9e5779113a75544","2024",Income Tax - Resident Individual,8249.00,0.00,0.00,0.00,0.00,129521.00
"040f59bf9f0a3f5cba2f93c25cbd899396db8f8993ad8b81326c40bc32ac8893","2023",Income Tax - Resident Individual,0.00,0.00,0.00,0.00,0.00,0.00
"7669a93fa8d3e3794be3dd1769f5951b9b5af8ccb37d94616f2531dd1bcb257d","2024",Income Tax - Resident Individual,0.00,0.00,0.00,0.00,0.00,0.00
"1aa252932516a4d9e37e5516f7358e25181406d1a6d2008f476dec0fe5d140ba","2024",Income Tax - Resident Individual,0.00,0.00,0.00,0.00,0.00,25.00
"4403a585ded8413d22caed319c4fb90ff83235b0b50fa81f783e181857427896","2024",Income Tax - Resident Individual,0.00,0.00,0.00,0.00,0.00,0.00
"787381abc0c201dad2b191c2c93f01c6837ddbb66fe92b76cf9f15e5b5fc8d8c","2023",Income Tax - Resident Individual,180000.00,0.00,0.00,0.00,0.00,0.00
"8ec3aeb7f9d6eaf09f6e8e4d6637f49734215ab445f4b7cf1e8af824b49ad09a","2024",Income Tax - Resident Individual,75720.00,0.00,0.00,0.00,0.00,7572.00
d54d57a197ccc13fa781d113f6b15f65787690e691bd06c97e53db6e184a5b5d,"2023",Income Tax - Company,8700000.00,879520.00,0.00,15420.00,36000.00,0.00
"5c340a64f198f40931683d8b24261cc191c168cc46b2b3122b6effd4d240ac78","2023",Income Tax - Resident Individual,0.00,0.00,0.00,0.00,0.00,0.00
"59aaaaf1e79436d4cb3cb3ac220caac9e598418fdf4b60492a47d0aeb40961c9","2024",Income Tax - Resident Individual,0.00,0.00,0.00,0.00,0.00,104922.00
"6df21dfff27d054eb08f2a3c8a6b0fee9a2ad75bd07aa462314a098de62d75d8","2023",Income Tax - Resident Individual,0.00,0.00,0.00,0.00,0.00,125065.00
aa41f252819597b4a9673d48dd54c16fbc931d7d514dd593de5cf5fec3246014,"2024",Income Tax - Resident Individual,0.00,0.00,0.00,0.00,0.00,236764.00
"000218b9a82d9b61b10f6aec8e9548d8fd2a324766daf3f1fc6a04e38acae78d","2023",Income Tax - Resident Individual,0.00,0.00,0.00,0.00,0.00,8234281.00
"0002e940f9070ad622f1123a5a03369da255bc28ed1f023abe97c60acabc7f75","2024",Income Tax - Resident Individual,0.00,0.00,0.00,0.00,0.00,67829.00
"0002e940f9070ad622f1123a5a03369da255bc28ed1f023abe97c60acabc7f75","2023",Income Tax - Resident Individual,0.00,0.00,0.00,0.00,0.00,45196.00
"000eaf622ddd3640b04d2e938167abb80aaa8038a5d9474915de285101aac106","2023",Income Tax - Resident Individual,0.00,0.00,0.00,0.00,0.00,0.00
"000f6029d32fa13bb65d867963d79ec7ed870d760c94b6ba5266c3d586edef79","2023",Income Tax - Resident Individual,0.00,0.00,0.00,0.00,0.00,0.00
"000f6029d32fa13bb65d867963d79ec7ed870d760c94b6ba5266c3d586edef79","2024",Income Tax - Resident Individual,0.00,0.00,0.00,0.00,0.00,0.00
"99ab10c6113be24ae4f2cd727b07cb178626a0236640a0fc537f9882ee2b697b","2024",Income Tax - Resident Individual,0.00,0.00,0.00,0.00,0.00,3192.00
ab04a4bb2a172cd00d540eabf5c55d61847b4ec7a6d3a015ceb8bea88a81f358,"2024",Income Tax - Resident Individual,0.00,0.00,0.00,0.00,0.00,107150.00
fd1e597ba6f2f4f4f46b19d01b0acb680fac948b95c7385b4c4c8e8aa4ccff76,"2024",Income Tax - Resident Individual,0.00,0.00,0.00,0.00,0.00,0.00
"6a7b0bfa7c5ffe0defe0bb00ce63b6709090a85021048732ea04aa205e7cd5b0","2023",Income Tax - Resident Individual,0.00,0.00,0.00,0.00,0.00,0.00
a0068d5465096d60b23cf1e5427ad60fef63b160a4fc1c2d1b2e32eaa0c40fcd,"2024",Income Tax - Resident Individual,16293.00,0.00,0.00,0.00,0.00,95306.00
"35420d40b8081a995ab1f62f0fa5754282363999142d5569845e14a52fca2769","2024",Income Tax - Resident Individual,0.00,0.00,0.00,0.00,0.00,0.00
"13d3539d4c3c0cefdeb6b92b26c2212db7b4265ad82e7694e37d1f96747c793f","2024",Income Tax - Resident Individual,39620.00,0.00,0.00,0.00,33018.00,180155.00
"76bcf97e55eaff83d77420be47a272a9e0d5490f290a4352d5c715467ad8ceb5","2024",Income Tax - Company,166435.00,0.00,0.00,4781.00,171950.00,0.00
bd910d5fc69f606d85b428819e107b740ecee98fc5b3030a455536a65e06fe76,"2024",Income Tax - Resident Individual,0.00,0.00,0.00,0.00,0.00,0.00
"9efac4e790b472fdf7ad2d9a50dcff7bd54c96234d1e7308801b36fbf1b50680","2023",Income Tax - Resident Individual,0.00,0.00,0.00,0.00,0.00,213027.00
"4946a3db1cedb754da39e21228372514262e6780ddd0efa56f7d486b3de7c052","2023",Income Tax - Resident Individual,30000.00,0.00,0.00,0.00,158456.00,3000.00
"1d55fdca537f942a4392f6a14d8e7f40bc64893cc4ac748a84fe29235979d951","2023",Income Tax - Resident Individual,39689.00,33078.00,0.00,0.00,0.00,208696.00
"0d40b84f2a4c00b9aea2067b819ee201fac8d7d0e49a40985774b9dd838121d0","2023",Income Tax - Resident Individual,0.00,0.00,0.00,0.00,0.00,0.00
"001a953fc24357b9c3143178e109d5f1caed76d353e2902a5a4898694c655d2d","2024",Income Tax - Resident Individual,0.00,0.00,0.00,0.00,0.00,177830.00
"0008495c5ef6e167c98737848a3f3dd117128b6ea8cf9a0b4cfd20c4ea3d055d","2024",Income Tax - Company,0.00,43850.00,7500.00,1950.00,0.00,0.00
"001a953fc24357b9c3143178e109d5f1caed76d353e2902a5a4898694c655d2d","2023",Income Tax - Resident Individual,0.00,0.00,0.00,0.00,0.00,165255.00
"001be3291cdb529baae7c0803ce0d8b5b826557dd8da171a04949d42ef5a53ae","2023",Income Tax - Resident Individual,0.00,0.00,0.00,0.00,0.00,29934.00
"0008495c5ef6e167c98737848a3f3dd117128b6ea8cf9a0b4cfd20c4ea3d055d","2023",Income Tax - Company,45060.00,120000.00,0.00,0.00,0.00,0.00
"00066fb5fb46232973bf2c54ce8d1c630f682357d5f617df1abca3f0f0946820","2024",Income Tax - Company,0.01,0.00,0.00,0.00,0.00,0.00
"00066fb5fb46232973bf2c54ce8d1c630f682357d5f617df1abca3f0f0946820","2023",Income Tax - Company,0.00,40600.00,0.00,0.00,0.00,0.00
"0011410a61d714a1df5a777e7ca0c541e261f54fd7d8334061ced95583a2b6e7","2023",Income Tax - Resident Individual,0.00,0.00,0.00,0.00,0.00,0.00
"001a3b6c4edc2fe869a3614d7c03f6182bf2c5a6a7f93a5c7c77b1221368c195","2024",Income Tax - Resident Individual,0.00,0.00,0.00,0.00,0.00,370354.00
"00155f73a6bf92973d4cf26d7f891355949bb6c6d2359b7903f79b5552c8b742","2024",Income Tax - Resident Individual,0.00,0.00,0.00,0.00,0.00,476151.00
"650da81491064c22719ac3ff14e9a6666e7ea667acdf24f01eb4b5b8af4015c4","2023",Income Tax - Company,537286638.00,1905563.00,358660.00,245094.31,6562787.00,206778.51
ddcbf54950eccda56d69c965275d751e957a048738c8582cfb88c0d7c668c82f,"2024",Income Tax - Resident Individual,0.00,0.00,0.00,0.00,0.00,0.00
cd8a183b3dee9a42531749f9c024cd288c7e0482f7dafd050592baca8ccbfb89,"2024",Income Tax - Company,41693282.00,425732.00,12006789.00,2802129.00,4210579.00,0.00
c6a1d134682b751d6b80e22a6268278693ef27d2ac5fab87520f31767e000053,"2023",Income Tax - Resident Individual,3989480.00,154567.00,19140.00,0.00,290000.00,8525.00
"35ca9f01d2ee79ea0a6894c66f675ee0b815ae040806255c0a110b86424b31e7","2024",Income Tax - Resident Individual,0.00,0.00,0.00,0.00,0.00,0.00
"0e6b14be4ba7c2d401bc67d77c7ab26fefb0d32afbe6f4aecfe9e28325e6e417","2024",Income Tax - Resident Individual,0.00,0.00,0.00,0.00,0.00,792478.00
"66208fdf65fabae5b2d949d92c1de4edd83a0e0ae47d288ae95f7b573c102522","2024",Income Tax - Company,246307068.00,2385012.00,7644804.00,918068.00,11726695.00,0.00
"12b115c8b1dd1209a7704f67e34671e023006fd2c79c079c88806ad7c24640a4","2024",Income Tax - Resident Individual,0.00,0.00,0.00,0.00,0.00,0.00
f4e09e9d7e59f30d112ecd218545a70299baaaeb06110d19bfd52a772773ff6e,"2023",Income Tax - Resident Individual,0.00,0.00,0.00,0.00,0.00,0.00
fa5c8ae4d3e2911da78f66097334d69680fd0f4ad143a6e89e2899b942c4df2a,"2024",Income Tax - Company,1245678.00,192566.00,294595.00,0.00,752892.00,1687.59
"1519a70122c3f7448a14c2d6545967bc0635a7fbf6d485e21126a06f6fe3e55e","2024",Income Tax - Company,8685200.00,4123.00,3407592.00,3452.00,997406.00,260215.50
d05c9c6e69bcf536c5c2afc98d57d494632891447132f37fde231644640ccee8,"2024",Income Tax - Resident Individual,0.00,0.00,0.00,0.00,0.00,358859.00
"548578110404d0d397ad631932a798589003e2cd709a74b866f07680e3da628a","2023",Income Tax - Resident Individual,0.00,0.00,0.00,0.00,0.00,8945.00
a5b7cb77db7d787c3372fa93f2ee9fac0a949279fc2bf72fca0878c09c5c1a4a,"2024",Income Tax - Resident Individual,0.00,0.00,0.00,0.00,0.00,46357.00
"68e0338ddb3e7fb5b659885b98307f626d71f820be103250625b678c9c6929d9","2023",Income Tax - Resident Individual,0.00,0.00,0.00,0.00,0.00,40664.00
a955b4a08ce28f827b4efc8f3f247405d7e5be2601bc2bfc08a4780ac9422d5a,"2023",Income Tax - Resident Individual,0.00,0.00,0.00,0.00,0.00,4950.00
"001382b1a4d2b14a1d34387599f36ac64bd25f0f367fa2cda5e31af4187acbb1","2023",Income Tax - Resident Individual,0.00,0.00,0.00,0.00,0.00,-3450.00
"001a3b6c4edc2fe869a3614d7c03f6182bf2c5a6a7f93a5c7c77b1221368c195","2023",Income Tax - Resident Individual,0.00,0.00,0.00,0.00,0.00,319392.00
"001382b1a4d2b14a1d34387599f36ac64bd25f0f367fa2cda5e31af4187acbb1","2024",Income Tax - Resident Individual,0.00,0.00,0.00,0.00,0.00,-5000.00
"0002dda9539276528679c9bb22a18e25b87e324f3cea1863fedb8e7e9a95f569","2024",Income Tax - Company,206600.00,250000.00,188.00,98502.00,0.00,0.00
"0012e92cc439dd5d279d195d221545084952bc78e639d18225d77fb3d9084148","2024",Income Tax - Resident Individual,0.00,0.00,0.00,0.00,0.00,127346.00
"00155f73a6bf92973d4cf26d7f891355949bb6c6d2359b7903f79b5552c8b742","2023",Income Tax - Resident Individual,0.00,0.00,0.00,0.00,0.00,454915.00
"000012786a08920cd6eda73cad21555e0fd9c4b0804edb6ada05d8d65d207f13","2024",Income Tax - Resident Individual,0.00,0.00,0.00,0.00,0.00,2508.00
"000ee1d435a191b9a64e2ee61802abf02950f64b4a184c1083996ff165d2f8ac","2023",Income Tax - Resident Individual,0.00,0.00,0.00,0.00,0.00,125056.00
"0002dda9539276528679c9bb22a18e25b87e324f3cea1863fedb8e7e9a95f569","2023",Income Tax - Company,248886.00,200000.00,211.00,98446.00,0.00,0.00
"000ee1d435a191b9a64e2ee61802abf02950f64b4a184c1083996ff165d2f8ac","2024",Income Tax - Resident Individual,0.00,0.00,0.00,0.00,0.00,141649.00
"0006357908359fadac36d726adf160941052afe08fd70db39b7de690cd4ec47b","2024",Income Tax - Resident Individual,0.00,0.00,0.00,0.00,0.00,53340.00
"0000d577ec873d33b98cfd16357950b5310365f0a4ba0ddd4cc06851fbc9c034","2023",Income Tax - Resident Individual,0.00,0.00,0.00,0.00,0.00,0.00
bae3c608e7c2a6ffed1985ccdd22002e074ec3c41e7fbb88c2707f8303cca2f8,"2023",Income Tax - Resident Individual,0.00,0.00,0.00,0.00,0.00,0.00
e95a818ddeba7bc9e165abb1250b6d004d1cd2cf551c7a406326e291c863c16e,"2024",Income Tax - Resident Individual,0.00,0.00,0.00,0.00,0.00,0.00
"94d7ce4bb829fdfdad4584b46e8026f9bdf2af600fcd4e7929dc4b42681f413d","2024",Income Tax - Company,4139450.00,808708.00,2176203.00,31185.00,1704636.00,0.00
c356f33175b99506d8b48830d0d7029031c135f2891de75fde89ee3579e38286,"2023",Income Tax - Resident Individual,0.00,0.00,0.00,0.00,0.00,101048.00
ca8691731b6dd8a5ee7481933a2b9b5781ab33c730389216ccee250421b6ef47,"2023",Income Tax - Company,12230407.00,357931.00,23242.00,0.00,1427697.00,0.00
"36599bd934ae14277302996e1a89362ff5c77b2f57a7320799192f50a7c97c4b","2024",Income Tax - Resident Individual,0.00,0.00,0.00,0.00,0.00,60382.00
"2f1917cfdc36f03b306dc9aaabf2a897acbc76020c1c106003ef9692bb0b7e0d","2024",Income Tax - Resident Individual,300000.00,0.00,0.00,0.00,0.00,3000.00
"11fcb0cb22bf6ddd12a8152f35fe6a84ce4d4f2f9aa46f1baa752496ca44e576","2023",Income Tax - Resident Individual,0.00,0.00,0.00,0.00,0.00,0.00
"54b54a42b5fb32cc79a6083554fa32f8cd8aae29cea6aff2b9769af560ca251f","2023",Income Tax - Resident Individual,0.00,0.00,0.00,0.00,0.00,0.00
f6380e932651ff09f3721541b720dea6b56a41b63a2412b113b63169d9e254d5,"2023",Income Tax - Resident Individual,0.00,0.00,0.00,0.00,0.00,115869.00
c9add15c69bb33ea1d1afa0ef8f435c47e10eb7aa04171b73b6f027e751e5319,"2024",Income Tax - Resident Individual,3487338.00,901004.00,454628.00,0.00,349654.00,442496.00
"551d734f38b07e3990797663f894a648cf538aef87d296578f14c08acee5be54","2023",Income Tax - Resident Individual,0.00,0.00,0.00,0.00,0.00,0.00
"933141f7d25f3eaba85fdcf1544fc26020a32e33d2c22ffd6a47f2f8de9f5749","2023",Income Tax - Resident Individual,0.00,0.00,0.00,0.00,0.00,303643.00
"4cba703b0eac987a8508c6a6fef8c3f5a6772a18d5ffd866fb4dc751672c838f","2024",Income Tax - Resident Individual,0.00,0.00,0.00,0.00,0.00,0.00
"626bdac16c7f7746580f4fc34fd81174d467fcdcb8e924b4604f65f48a0d4869","2023",Income Tax - Resident Individual,0.00,0.00,0.00,0.00,0.00,0.00
"4c9c2ee75adc8e7d280b66672c9770aaeed637c41e7ac7683c12dd838d471db1","2024",Income Tax - Resident Individual,60000.00,2700.00,0.00,0.00,0.00,1056100.00
"5180250f61c80df95da5847ccf3a8d646500e09127addd348d9e5d5970ef4e13","2024",Income Tax - Resident Individual,0.00,0.00,0.00,0.00,0.00,232719.00
c31030ab7fdf375e02321be6c0b45da7175be22b7f1de11b2e20647e836d21a5,"2024",Income Tax - Resident Individual,0.00,0.00,0.00,0.00,0.00,78105.00
"0011509b70dd8757ed6ae8e4009712787760979fdc6279130d0175703848a42c","2023",Income Tax - Resident Individual,0.00,0.00,0.00,0.00,0.00,88600.00
"001704cd15d7905b1bbf7987fd9625e9c2cd483087f2e6fcd42c97e3a55f884d","2024",Income Tax - Resident Individual,819000.00,377835.00,0.00,0.00,0.00,40950.00
"000d037474fdc845b841533f8f23bd908049adeefce646e53206e4f4ddcd1787","2023",Income Tax - Resident Individual,0.00,0.00,0.00,0.00,0.00,0.00
"0011509b70dd8757ed6ae8e4009712787760979fdc6279130d0175703848a42c","2024",Income Tax - Resident Individual,754464.00,173503.00,0.00,160298.00,0.00,214799.00
"0005fbb20d09f601dfe152e9b87fe577d5171c8d8bf70bc30fc7c6140f2ecce6","2024",Income Tax - Resident Individual,0.00,0.00,0.00,0.00,0.00,0.00
"001704cd15d7905b1bbf7987fd9625e9c2cd483087f2e6fcd42c97e3a55f884d","2023",Income Tax - Resident Individual,294742.00,0.00,0.00,0.00,0.00,30486.00
a35247dd2e25b76ab5d266678bf3477ef72d4b51a04b69212cacf17de8448156,"2024",Income Tax - Resident Individual,50000.00,0.00,0.00,0.00,0.00,5500.00
d3d915464a0c42b73f64b18dc999301cd7c91b94292f42e301c04713e66caa1b,"2023",Income Tax - Resident Individual,0.00,0.00,0.00,0.00,0.00,0.00
"62cfe43aac819d54c8159530de6a782932b155e0bdd3c655d7b01cb68557c812","2023",Income Tax - Resident Individual,0.00,0.00,0.00,0.00,0.00,0.00
"0637e3f3bca7ebfc15e00e8e9cff762982092356af71229dfc8a158d6a361f7f","2023",Income Tax - Resident Individual,0.00,0.00,0.00,0.00,0.00,1074022.00
d13f73e82a86b2720d4d6c9079abda284fb6ec4b5a31ae51964d88997fc1b572,"2023",Income Tax - Resident Individual,0.00,0.00,0.00,0.00,0.00,0.00
"2d70d8e645dea5e86104d4d8fb96c0ff507d6de21983262ef735a9f002a00a2f","2023",Income Tax - Resident Individual,0.00,0.00,0.00,0.00,0.00,179928.00
"8deb94cd3f7a563568697d6ea3608c79777cbf4706cfa8c56551d49ff6e31399","2024",Income Tax - Resident Individual,0.00,0.00,0.00,0.00,0.00,0.00
"4083d90637236694bff3c4f9e8aa0f7e33a8a45f59d586f3e34e2cf4a9831c9a","2024",Income Tax - Resident Individual,0.00,0.00,0.00,0.00,0.00,0.00
"666c005c7ef760440f4c732c5ea6fae86a70b3a026637ea8bf3051f95b7da246","2023",Income Tax - Resident Individual,0.00,0.00,0.00,0.00,0.00,0.00
e4ab2528eb4deedf55b5300deec6221c9b15c31a6997bb5bddf05932315f7ccf,"2024",Income Tax - Resident Individual,0.00,0.00,0.00,0.00,0.00,166907.00
"412926b408ca8bd8a30bd7b32331e4314b47d791ca6f209191c5a9508259150a","2024",Income Tax - Resident Individual,0.00,0.00,0.00,0.00,0.00,104307.00
"8aa2cf76b84ab60bdbeb216b1ffdf556be1cbd2556bf9a003d97cc1e31c7e492","2024",Income Tax - Resident Individual,0.00,0.00,0.00,0.00,0.00,386350.00
faf6ccdf39f8c2f926aa7515b7a398b52ae6876f382b7809ece5f9481c8bdcfe,"2024",Income Tax - Resident Individual,0.00,0.00,0.00,0.00,0.00,0.00
"3f021ed34c11c87653710a5e73330837781111015999fb0ff1df269c77947602","2023",Income Tax - Resident Individual,0.00,0.00,0.00,0.00,0.00,0.00
a99d701ffd2cf6e4f2351c8f7b05ceff19099f8f68bd446fb628037fee5effd9,"2024",Income Tax - Resident Individual,0.00,0.00,0.00,0.00,0.00,17625.00
"040c06c85392ca45c34c74708ada9c8d9951a4788f3212c914f331f53e82b5db","2024",Income Tax - Resident Individual,65000.00,23000.00,0.00,0.00,0.00,87789.00
"71f9710fcf3b6759a88204ae95dfe7c177a5db1c15d58bb8743e403657cd9039","2024",Income Tax - Resident Individual,0.00,0.00,0.00,0.00,0.00,0.00
"29bd7cba55c4fbffe88f303ee846c17a3fcd4ad3f2b0e894e014cf84d2b8ffe8","2023",Income Tax - Company,1.00,0.00,0.00,0.00,0.00,0.30
"72026ac67b47e0ec4efc0fac4bab5e745a162ceeb5ea0e9e9730b0485040851f","2023",Income Tax - Resident Individual,0.00,0.00,0.00,0.00,0.00,0.00
a9fc829ba9fabe46d9cf3f15ed7498403c308a0bc32fdfd4ea116489e03eae2c,"2023",Income Tax - Resident Individual,0.00,0.00,0.00,0.00,0.00,602.00
"4259f9d54a09ab57f2b345e432b800224fe41b7429198f45d7fb0bc9d7a250a7","2024",Income Tax - Resident Individual,0.00,0.00,0.00,0.00,0.00,0.00
f1fcddcb40733fcbdae5d5a190a6f25d3e900dba4a1bf81ee85115ff3523fcb2,"2023",Income Tax - Resident Individual,0.00,0.00,0.00,0.00,0.00,0.00
"638e7e224334a5be8812bf37b9b26b2c3ae99bc6faa98fca1e3823bafee56c85","2024",Income Tax - Resident Individual,0.00,0.00,0.00,0.00,0.00,130024.00
"9190570fb4ba6556651a0f9bd17772b31e03e58d013300e340b5a5a4ba614410","2023",Income Tax - Resident Individual,0.00,0.00,0.00,0.00,0.00,20714.00
"000c5a844408bc1ce1ae12395874922fc3235b1e8ccbf4476ba8ed41361c8391","2023",Income Tax - Resident Individual,0.00,0.00,0.00,0.00,0.00,0.00
"0012891a802bac2fa8e32fe5f6a3eb6ad4af1ef7dc0627b95fbc7019419b9d23","2024",Income Tax - Company,4726750.00,3759462.00,0.00,213470.00,1125250.00,0.00
"000c5a844408bc1ce1ae12395874922fc3235b1e8ccbf4476ba8ed41361c8391","2024",Income Tax - Resident Individual,0.00,0.00,0.00,0.00,0.00,0.00
"000e36541c1d04671e1fd1f6a74c6cba492d933e05ada0335936b79d3b185e67","2023",Income Tax - Company,22672719.00,3707220.00,8604636.00,67858.00,1549894.00,0.00
"000e36541c1d04671e1fd1f6a74c6cba492d933e05ada0335936b79d3b185e67","2024",Income Tax - Company,16117902.00,2770617.00,7168977.00,794996.00,1006952.00,0.00
"000a682d9265f700e98d92d1a44305de848c0cf96a92eb49c9a660846d11987d","2024",Income Tax - Resident Individual,0.00,0.00,0.00,0.00,0.00,0.00
"00038f95278d629f492612db2b189fc99bdd9e96bcf2a4aea580a58a9d5a21e4","2023",Income Tax - Company,327.00,170.00,0.00,0.00,0.00,47.10
"00038f95278d629f492612db2b189fc99bdd9e96bcf2a4aea580a58a9d5a21e4","2024",Income Tax - Company,877.00,0.00,0.00,0.00,500.00,113.10
"0018b3fbf6e9f4bee9d413ff9b3f15606023d15a74b563ab5c1214f398ad565b","2023",Income Tax - Resident Individual,1954430.00,705100.00,132000.00,0.00,168000.00,193399.00
"001c977540431022c6e422a2490dcc606dc430e152a08fe689e260cda76811c5","2024",Income Tax - Resident Individual,0.00,0.00,0.00,0.00,0.00,0.00
"0018b3fbf6e9f4bee9d413ff9b3f15606023d15a74b563ab5c1214f398ad565b","2024",Income Tax - Resident Individual,2744520.00,1502340.00,216000.00,0.00,0.00,216454.00
"000a682d9265f700e98d92d1a44305de848c0cf96a92eb49c9a660846d11987d","2023",Income Tax - Resident Individual,0.00,0.00,0.00,0.00,0.00,0.00
"000c36a893e1d8cbf8816cff912eed358b5e4bd3d32e87bebe1f448b7978d6db","2024",Income Tax - Resident Individual,0.00,0.00,0.00,0.00,0.00,43816.00
"7b54c4aba6d6b74c8fdab2f0f3be4e1a87dc572e03147a679ba0b16b2c5d5bed","2024",Income Tax - Resident Individual,0.00,0.00,0.00,0.00,0.00,99522.00
c8120b3fb6b28c3f3c0fa9f8ea7200962a16b29112249b5b8baa29642511b235,"2024",Income Tax - Resident Individual,0.00,0.00,0.00,0.00,0.00,78337.00
"466277b18561f75949e85564c7c7a1f49cc8573ed36602a2ac5470d6229374ff","2024",Income Tax - Resident Individual,3745890.00,2342040.00,0.00,0.00,0.00,267055.00
cbf7271e109475755720213aa5793ea511ee593d2aeb92f2e25eabf4b24bb2aa,"2023",Income Tax - Resident Individual,0.00,0.00,0.00,0.00,0.00,0.00
bc8b9d7cfda60247fd420510cc937fce23a10cce5ccd6e159f7edee90f14af6d,"2024",Income Tax - Resident Individual,0.00,0.00,0.00,0.00,0.00,101729.00
f40b2606f3f804e7320c8363f5474a9553aa2b63af052e4b92e4011e7a43c134,"2024",Income Tax - Resident Individual,0.00,0.00,0.00,0.00,0.00,61093.00
a7b0e50ed255cd81f5047b78e60187dd14b986842c204d23399c99471e000b1b,"2024",Income Tax - Resident Individual,0.00,0.00,0.00,0.00,0.00,280840.00
da380419aad7a3c1d3290e5ad964560945ae55b977b9429e7a45196d8f99f70f,"2023",Income Tax - Resident Individual,0.00,0.00,0.00,0.00,0.00,0.00
bb2fc4e29f5ff56d63644109d0858551eb2e14b7e626cb5f15e48cbc241f0487,"2023",Income Tax - Resident Individual,0.00,0.00,0.00,0.00,0.00,94034.00
e12f2a5ca2f257ddd58af809c9434b7471032a653d00d27902942f84fd103603,"2023",Income Tax - Resident Individual,0.00,0.00,0.00,0.00,0.00,0.00
b113219f05605fc85d41cefc46339f5760ea0f9715210ad87290ce63824fbc64,"2024",Income Tax - Resident Individual,0.00,0.00,0.00,0.00,0.00,0.00
d5a2e91c6127da1932900cbece9e38fb02658acefed97800eee092a65cc8fe78,"2024",Income Tax - Resident Individual,0.00,0.00,0.00,0.00,0.00,390577.00
"05fefb1e883311850205918c4d5ab0729a1cc7201e89273d3ace38f01f678aa9","2023",Income Tax - Resident Individual,0.00,0.00,0.00,0.00,0.00,506046.00
"4b3599e2931faaeef0f0da1cfa2ecebe749a3c05235e8c5aa60f6bb2a6558c19","2023",Income Tax - Resident Individual,104700.00,0.00,0.00,0.00,0.00,177919.00
"2d0d7039360217e43a70851ab5313b7961ed38af33393ce93b324c8b815c4ddb","2023",Income Tax - Resident Individual,0.00,0.00,0.00,0.00,0.00,2661836.00
f1cb2e8ed5234ea1f444414d261d542476fe12f2a0226418e3d8177a9daf311c,"2023",Income Tax - Resident Individual,0.00,0.00,0.00,0.00,0.00,0.00
ec8cfdc989cbf548954211db6a6179acf71a63ec5d9d44260ec151b220dada04,"2024",Income Tax - Resident Individual,0.00,0.00,0.00,0.00,0.00,191005.00
"2b48a1b5413303d7f3dcb63c0ed15bd4ed29f73a3d60a56e6db2dc77af849d5c","2024",Income Tax - Resident Individual,0.00,0.00,0.00,0.00,0.00,120729.00
a38bec434603c53d11e43c8b1a91295bea9fe78d69c8e25fa78c69049a9e6d68,"2024",Income Tax - Resident Individual,78000.00,0.00,0.00,0.00,0.00,412250.00
"39b85a56818c66e3aa2d9cf776c06b01bd3fc5f1cf3ff82288257d57408f6a0c","2024",Income Tax - Resident Individual,0.00,0.00,0.00,0.00,0.00,0.00
"000772af5d0d39b06f02cc7a693e3a74c2e14248e37a735805aa52e5b0f2c6b9","2024",Income Tax - Resident Individual,0.00,0.00,0.00,0.00,0.00,36459.00
"0000c8ed98c1f9a0ed68e4ffc01d8db0c8040786fb0bd1c591716c5c3557f029","2023",Income Tax - Resident Individual,0.00,0.00,0.00,0.00,0.00,0.00
"0000c8ed98c1f9a0ed68e4ffc01d8db0c8040786fb0bd1c591716c5c3557f029","2024",Income Tax - Resident Individual,0.00,0.00,0.00,0.00,0.00,0.00
"001a17935387b5b28cdabe3a68066217cd364b2dc2e337782fcfd2bb6b955d3d","2023",Income Tax - Resident Individual,0.00,0.00,0.00,0.00,0.00,0.00
"000c36a893e1d8cbf8816cff912eed358b5e4bd3d32e87bebe1f448b7978d6db","2023",Income Tax - Resident Individual,0.00,0.00,0.00,0.00,0.00,30868.00
"000772af5d0d39b06f02cc7a693e3a74c2e14248e37a735805aa52e5b0f2c6b9","2023",Income Tax - Resident Individual,0.00,0.00,0.00,0.00,0.00,20635.00
"7585c1c4db9d1c19484c889c14c20ce8bea255a03adab0f0d387e99e0a73eddd","2023",Income Tax - Resident Individual,0.00,0.00,0.00,0.00,0.00,2144.00
"0b4841e4cb4dfb9643eae2b802560b905c620bee6163c27d0a8de43f0d4a1a6b","2024",Income Tax - Resident Individual,0.00,0.00,0.00,0.00,0.00,87873.00
d2423cda97c25faeb0b10ba239e55510de221710c0f4f21bfa54c784b570dcd0,"2024",Income Tax - Resident Individual,70000.00,0.00,0.00,0.00,0.00,7000.00
c2a49abfd0f7f12a5bc5e05d15285e508db34cad3b21d4c45a5f23c39680ad7a,"2024",Income Tax - Resident Individual,0.00,0.00,0.00,0.00,0.00,0.00
"48982512e574d826caf94e894716e602828c47f80dd1cd12ca8ff99f91bdd91b","2024",Income Tax - Resident Individual,0.00,0.00,0.00,0.00,0.00,810948.00
"08da4980ea38dfe3ade33bfe7f42af5ea77761c5ecc823e102cce3790cf4c996","2023",Income Tax - Resident Individual,0.00,0.00,0.00,0.00,0.00,0.00
"9db757cffdc286576084831cd648588c4fb406a7962b5a882c59673dbca8f93d","2024",Income Tax - Resident Individual,0.00,0.00,0.00,0.00,0.00,29971.00
"9110c25936f4f43344d792e9fcce72d2c607e67de5d46c021c0ec336030bbd1d","2023",Income Tax - Resident Individual,0.00,0.00,0.00,0.00,0.00,0.00
"2ce4d1eb72ce0e2fcdee039844af2e9e187f61ddc50490e872187dc1cad79b2f","2024",Income Tax - Resident Individual,0.00,0.00,0.00,0.00,0.00,208493.00
"7cfd408e1c164ceeeeafd853272f373cfa34303d6c82ee97a5f0e7534e31d03b","2024",Income Tax - Resident Individual,810000.00,723018.00,0.00,5940.00,0.00,12278.00
"720ff78e7a9614a54ff4812c78a19439b9efbf5e2debc41829d23c2394fa0cb1","2024",Income Tax - Resident Individual,0.00,0.00,0.00,0.00,0.00,836263.00
d1cc2039200c5490ee861e903344f34af9075c6435b5de28ad4adb61d98e8ea1,"2024",Income Tax - Resident Individual,0.00,0.00,0.00,0.00,0.00,0.00
f7d08171e12fa7ec32376bde25eb8f8bc03f889dc58f7e56c13e55381affa759,"2024",Income Tax - Resident Individual,0.00,0.00,0.00,0.00,0.00,327220.00
"8e6902ba9bbf929b49773de4aedebce256ed0b2a635e53f09a04428d6989fe2f","2023",Income Tax - Partnership,2417900.00,267800.00,0.00,0.00,150000.00,0.00
"0003690152a6156c4d862c50aaed80174a4741650c4f7245faa8e2cab09443d8","2023",Income Tax - Resident Individual,36512.00,30430.00,0.00,0.00,0.00,165787.00
"001255d3eadcfd36ab9258a04f63d75fb2c42915d5ea6ac7ced0f9b12274faff","2023",Income Tax - Resident Individual,0.00,0.00,0.00,0.00,0.00,0.00
"0003690152a6156c4d862c50aaed80174a4741650c4f7245faa8e2cab09443d8","2024",Income Tax - Resident Individual,0.00,0.00,0.00,0.00,0.00,178174.00
"000099514ca26c6d1b934a44a090a4801edc27163606803a04a376e67895685f","2024",Income Tax - Resident Individual,0.00,0.00,0.00,0.00,0.00,1244012.00
"0009e9fd345478ca7e9465712473645b70f2cdb2588f471cbf8f8084128b8d33","2023",Income Tax - Resident Individual,0.00,0.00,0.00,0.00,0.00,30461.00
"00029df51f2846bd6f7762fd1ed8c606a465968b16f514abae6394be99940939","2024",Income Tax - Company,49350368.00,19758468.00,0.00,1882777.00,34724144.00,0.00
"000099514ca26c6d1b934a44a090a4801edc27163606803a04a376e67895685f","2023",Income Tax - Resident Individual,0.00,0.00,0.00,0.00,0.00,1239976.00
"00035e5e118586d0dfba85b655a7997ccd84009b425e72ea978f4344549ac97f","2023",Income Tax - Resident Individual,0.00,0.00,0.00,0.00,0.00,0.00
"0011686d34e8f73bcb66f8a006d0dadc6b7cf3ac023f59324f9d7c4fd9064474","2023",Income Tax - Resident Individual,0.00,0.00,0.00,0.00,0.00,11392.00
"000303bb16b541eb3b9f1891327a0bc9d0ac4beb5bdc61f09b308115ae69dede","2023",Income Tax - Resident Individual,0.00,0.00,0.00,0.00,0.00,0.00
"00043651de17f00e33429ff73d9c1db106fdf3dbb6e298d12cebacdc6291c77b","2023",Income Tax - Resident Individual,0.00,0.00,0.00,0.00,0.00,34136.00
d0ecee8b3d24d32fdda1150faa3224a13a1fed505dab905390d1dc7fb9dd02db,"2024",Income Tax - Resident Individual,0.00,0.00,0.00,0.00,0.00,261887.00
e63555be4188e0bedde43c625434247652988c04531c3680738b16afbf5c675a,"2024",Income Tax - Resident Individual,0.00,0.00,0.00,0.00,0.00,0.00
"393b8efc4f0295adbc57bd1755ac7c46f81f6ab4fc34a40e60e6a00e6339362f","2023",Income Tax - Resident Individual,0.00,0.00,0.00,0.00,0.00,0.00
b26195684ead1f4f0ac29d36522a26f61f1e4943c97fa50d6188e02f475ef8c6,"2023",Income Tax - Resident Individual,0.00,0.00,0.00,0.00,0.00,0.00
aa7489c9ca5ecefdfe548754079a7e658ef60af843b34c0775648bdf93c32391,"2024",Income Tax - Resident Individual,0.00,0.00,0.00,0.00,0.00,625579.00
c09ff3faf836dec96190f3567d90172730a33859be1ef375354f3efcba319ec9,"2024",Income Tax - Company,282828.00,0.00,0.00,0.00,282018.00,243.00
"5f1c020b2fe6d4f1c67a84bfacbde6aa64fdae284a3d51316a68587dcae2fb42","2024",Income Tax - Resident Individual,0.00,0.00,0.00,0.00,0.00,34341.00
"029329ed70949a2f7a4357f7c8fc05819fc94fbfe1a7420a8b5bd80c6ac59762","2024",Income Tax - Resident Individual,88515.00,23500.00,0.00,0.00,0.00,277795.00
"35159eaa3fcddfc48862f4660f0ed1b0ef11563f2dd01d6d99eb9a453726cc08","2024",Income Tax - Resident Individual,0.00,0.00,0.00,0.00,0.00,212795.00
"55202c5e8a73d62df0d05f7dc408963b4440f4304018dd9636fe41842158076e","2023",Income Tax - Resident Individual,0.00,0.00,0.00,0.00,0.00,1805.00
"11c5684ab9309f6d1e44a0625e60439b837c4e80dc6b76fc4c4488efdc71dabb","2024",Income Tax - Resident Individual,0.00,0.00,0.00,0.00,0.00,134838.00
"345f76cdbb27d8fe48ee7d6bbdc1b5ac105a7e76a4f5706de5a1bd9609128b5a","2023",Income Tax - Resident Individual,0.00,0.00,0.00,0.00,0.00,0.00
"5923c5006c0285142950c68e8cfd7bc0fd229093fb77765a729b48a2e8ccdfcc","2024",Income Tax - Resident Individual,0.00,0.00,0.00,0.00,0.00,186227.00
"22d7dd051d3a8ef8b75ad78ea0063da67269024c4f332c12c5d9518b1bd56014","2023",Income Tax - Resident Individual,0.00,0.00,0.00,0.00,0.00,7176.00
a5d65b1d270a1ec559bc6c9a4002f91cfd3e4e3fea5a75cffce0c2a39afc7d9a,"2023",Income Tax - Resident Individual,0.00,0.00,0.00,0.00,0.00,216775.00
"0896637a2686e2dd44d4c1febbdeb416bf4ad46e4ffd13f4594b0bc059d03d8c","2023",Income Tax - Resident Individual,0.00,0.00,0.00,0.00,0.00,0.00
"3f8ad675183fe94f543de7cf0195ea83c04385fc863a28913c5a4858300632ea","2023",Income Tax - Resident Individual,46580.00,38817.00,0.00,0.00,0.00,169696.00
"2a35ef16395f91808e005436dc0f8896363e95f71b4e7bbadd58341a67faf7a6","2024",Income Tax - Resident Individual,0.00,0.00,0.00,0.00,0.00,0.00
f493b544438ecd06baeee84f0d48b95eab186bd5f8cf23207d4ce743500c9331,"2024",Income Tax - Resident Individual,0.00,0.00,0.00,0.00,0.00,0.00
"9ccf88d44c3fb51e17dbe8e2b2907b66e2acbe5aa775b3345d1ff9a07ddc9ae4","2023",Income Tax - Resident Individual,32612.00,0.00,0.00,0.00,0.00,209858.00
"16940da6772d8aaa9656d78f07c2ebeead5bcf13fc47fe7af2cb8e751c621bb6","2023",Income Tax - Resident Individual,120000.00,0.00,0.00,0.00,0.00,517173.00
"8102cd6d02096a5d934cf5c91b6a00e45016f52b9ceda02053b750dcd6c4bc55","2023",Income Tax - Resident Individual,0.00,0.00,0.00,0.00,0.00,0.00
"8c84dddb15aa1973e4667f5dcbe5a0e8122b6761e166709492664b431875eeec","2024",Income Tax - Resident Individual,0.00,0.00,0.00,0.00,0.00,0.00
"2fb5ba65d65a6fb53948445b7ccadae5b6aa59964aedd750cb2e748ce5be0b86","2024",Income Tax - Resident Individual,0.00,0.00,0.00,0.00,0.00,0.00
"00043651de17f00e33429ff73d9c1db106fdf3dbb6e298d12cebacdc6291c77b","2024",Income Tax - Resident Individual,0.00,0.00,0.00,0.00,0.00,42965.00
"000502f6b480678afef24feb2ae203ad306a5e7100bea15a30619e472f444cd2","2023",Income Tax - Resident Individual,0.00,0.00,0.00,0.00,0.00,0.00
"000c5baca35f3069a4bebaf4c027c53db7f00b0061a7541f51ae78b36aa37589","2023",Income Tax - Resident Individual,0.00,0.00,0.00,0.00,0.00,0.00
"0018ebbaa7979e76fc99e300cffef8f53ab8d487deed75f1004a60113a332bfc","2023",Income Tax - Resident Individual,0.00,0.00,0.00,0.00,0.00,197794.00
"001a219393eeffe9ea0649cfac87ab29033584cca035a6f94eff013aa5dfbde9","2024",Income Tax - Resident Individual,50000.00,30270.00,0.00,0.00,12600.00,4635997.00
"001b785de9f82c39e6d3aae26ab4a0aa645fc883ee190d67119deaadd5b7b510","2024",Income Tax - Resident Individual,0.00,0.00,0.00,0.00,0.00,1959.00
"001b785de9f82c39e6d3aae26ab4a0aa645fc883ee190d67119deaadd5b7b510","2023",Income Tax - Resident Individual,0.00,0.00,0.00,0.00,0.00,5573.00
"000c5baca35f3069a4bebaf4c027c53db7f00b0061a7541f51ae78b36aa37589","2024",Income Tax - Resident Individual,0.00,0.00,0.00,0.00,0.00,79390.00
"0000ad2b2a60c4d3bfe29ef69b3db726417494bba387bf937cc08f8abfe05543","2024",Income Tax - Resident Individual,0.00,0.00,0.00,0.00,0.00,63636.00
"001a219393eeffe9ea0649cfac87ab29033584cca035a6f94eff013aa5dfbde9","2023",Income Tax - Resident Individual,0.00,0.00,0.00,0.00,0.00,3639519.00
"000303bb16b541eb3b9f1891327a0bc9d0ac4beb5bdc61f09b308115ae69dede","2024",Income Tax - Resident Individual,0.00,0.00,0.00,0.00,0.00,0.00
"000502f6b480678afef24feb2ae203ad306a5e7100bea15a30619e472f444cd2","2024",Income Tax - Resident Individual,0.00,0.00,0.00,0.00,0.00,0.00
"00089f30008ca7e0bc17848a53073b170f3b0a577751a3f55fcefafcfb854683","2024",Income Tax - Resident Individual,0.00,0.00,0.00,0.00,0.00,0.00
"1609600ef6369ff37428fa0ea3067fc5d12856dd025b88b7e557df203f66e68d","2024",Income Tax - Resident Individual,0.00,0.00,0.00,0.00,0.00,0.00
"0c128c676ee138a57d99e98093e6c0ed3e3e997c4c9b3f3960574db68e596bf2","2023",Income Tax - Resident Individual,0.00,0.00,0.00,0.00,0.00,263959.00
"995f32b25a7bd35deb6ff9f4caeecaba824ff383e2882964a540e4cc103ca7c8","2024",Income Tax - Resident Individual,0.00,0.00,0.00,0.00,0.00,0.00
a686dbe2bc861c5c2893bf8d327f984e4ab8b5721b0463ab91ed90c6605935f3,"2024",Income Tax - Resident Individual,0.00,0.00,0.00,0.00,0.00,0.00
"750cf3349a46f96ca66d23b87c465ca0da726cffd3be4b1e9cdb849379f1232a","2023",Income Tax - Resident Individual,0.00,0.00,0.00,0.00,0.00,0.00
c368608df7370fb07cc194c9dc2063576666e26fa79e72ee1e452ed1fdb49b63,"2023",Income Tax - Resident Individual,0.00,0.00,0.00,0.00,0.00,202034.00
"4ac1f89538027921de80f46cc0739af58c445a835b856781b8f023c454f86c0b","2024",Income Tax - Resident Individual,0.00,0.00,0.00,0.00,0.00,72764.00
a7f621b7b8a3aa7bd1064f4caeb41a38a70526d0fbbbf52f25244027d352c94c,"2023",Income Tax - Resident Individual,1.00,0.00,0.00,0.00,0.00,0.00
"9edd3fc97c3f0ef508731123c3b2a98f8541fe5c036cbd7180cfa246656ae87e","2023",Income Tax - Resident Individual,4250.00,0.00,0.00,0.00,0.00,247423.00
"6217c05a156d766c990800abeb14be843c2bb6e0773da463c99d37058d85fe2f","2024",Income Tax - Resident Individual,55100.00,45917.59,0.00,0.00,0.00,167051.00
a2dfb62a99de5b253291138038ce938754f647f6f5ecb157073bf5061d1af0fe,"2023",Income Tax - Resident Individual,0.00,0.00,0.00,0.00,0.00,412150.00
d7c43140ded018ae0350cbd89b578b8192cf3aaeb22e494fcc71b19f992fed11,"2023",Income Tax - Resident Individual,0.00,0.00,0.00,0.00,0.00,676807.00
"04483fcab1138a5ab8377cc31cae01acab4591c08a8415d5d0da04cafe9b8c21","2023",Income Tax - Resident Individual,0.00,0.00,0.00,0.00,0.00,0.00
"4d356f7afae345415dd5a3e98fb05f53d300f6cd10986f038d481490ef0d8f03","2024",Income Tax - Resident Individual,0.00,0.00,0.00,0.00,0.00,0.00
c0426f251098a568e69fa730fe66318b69973a9ea14218ac46d483dd8c9411f5,"2024",Income Tax - Resident Individual,1000.00,1000.00,0.00,0.00,0.00,444712.00
"960c2a3bf3ab91aee64be9bf44d38224c3ef766b8e70c4f19eaa731d29340cb0","2023",Income Tax - Resident Individual,0.00,0.00,0.00,0.00,0.00,246241.00
e96a26207703453cbf0ff98052df55a0db38648eb5d62f51a74cd86663c52d52,"2024",Income Tax - Resident Individual,0.00,0.00,0.00,0.00,0.00,0.00
"000914c6bd460e984d986846d8d2d764bf74497eb45599634de53a084b483438","2023",Income Tax - Resident Individual,64900.00,0.00,0.00,0.00,0.00,0.00
"00050a03545dd4d9c2f9769db525c064d06bba9f6a17522826811223cb511ca3","2023",Income Tax - Resident Individual,0.00,0.00,0.00,0.00,0.00,0.00
"0015f6f542a7758bb8188d8c3de853b6ce24cdba7eefc1ae9394430c6ad6b972","2023",Income Tax - Resident Individual,0.00,0.00,0.00,0.00,0.00,0.00
"0013ec47e0e8a322e87fb777208cb0f11ce1924e9c076320ca5fa66f245bd4e7","2023",Income Tax - Resident Individual,0.00,0.00,0.00,0.00,0.00,0.00
"0013992f3d419171b307a40b93e440091d1f7e2b569071e95b78bf7b6ceb43a3","2024",Income Tax - Resident Individual,0.00,0.00,0.00,0.00,0.00,34082.00
"000cec0886bc9c9a396094c257fa4e611108ff027bbcc4f5ff83a39a6158983b","2024",Income Tax - Resident Individual,0.00,0.00,0.00,0.00,0.00,204704.00
"0015f6f542a7758bb8188d8c3de853b6ce24cdba7eefc1ae9394430c6ad6b972","2024",Income Tax - Resident Individual,0.00,0.00,0.00,0.00,0.00,0.00
"000b56ba69ec6203da1e318057e2925e44a59fed9475d76d98a9339fa49115a2","2023",Income Tax - Resident Individual,0.00,0.00,0.00,0.00,0.00,0.00
"00089f30008ca7e0bc17848a53073b170f3b0a577751a3f55fcefafcfb854683","2023",Income Tax - Resident Individual,0.00,0.00,0.00,0.00,0.00,0.00
"0013ec47e0e8a322e87fb777208cb0f11ce1924e9c076320ca5fa66f245bd4e7","2024",Income Tax - Resident Individual,0.00,0.00,0.00,0.00,0.00,0.00
"00050a03545dd4d9c2f9769db525c064d06bba9f6a17522826811223cb511ca3","2024",Income Tax - Resident Individual,0.00,0.00,0.00,0.00,0.00,0.00
fe6d72d7d29b65bee401bbf8537492624c345fb223e388356a15e9ab6096657e,"2024",Income Tax - Resident Individual,0.00,0.00,0.00,0.00,0.00,183345.00
"496e040cf3cc38a7a32bf9efc375cc33c362d981fa654e1cf6389972fe2641a5","2024",Income Tax - Resident Individual,0.00,0.00,0.00,0.00,0.00,295734.00
d906e7d175af228be8189c744bef8ca32263da997085c739f1001bf9e0263b5e,"2024",Income Tax - Resident Individual,0.00,0.00,0.00,0.00,0.00,43766.00
e8a198ca5d43ffa1239f8452f6211231e2953e3af665ef274c0bb79d0c00cbb4,"2024",Income Tax - Resident Individual,0.00,0.00,0.00,0.00,0.00,163113.00
b99860e31b9e031870e5046ab726c1e0513a1b7dbdb26b2a1fb92c4dbbb4e52c,"2023",Income Tax - Resident Individual,0.00,0.00,0.00,0.00,0.00,89740.00
ab2c654e8127843061faeba20566a0091453326d880bb024d73808b1169e0afe,"2023",Income Tax - Resident Individual,0.00,0.00,0.00,0.00,0.00,425728.00
e787fd89c4e0ff89d32d4ced2a23e565c37232240843f8d326f1e68d29ab4a90,"2024",Income Tax - Resident Individual,0.00,0.00,0.00,0.00,0.00,109892.00
"0b34cb4271b322a877bbc322449890b2f804f869832837cb101382797d5853a4","2023",Income Tax - Resident Individual,0.00,0.00,0.00,0.00,0.00,237222.00
df4d9a15a0d5011b900b7e24a2371c7b3eee7751af5d88a9626c36e599fe573a,"2023",Income Tax - Resident Individual,0.00,0.00,0.00,0.00,0.00,0.00
"36710c161f1f7993486254b3198e6c3308900d95b0332ff240b4f71eb9550bba","2024",Income Tax - Resident Individual,0.00,0.00,0.00,0.00,0.00,38133.00
"9da42036dea573a2e2ba5d9208f1ea0a7247d879300a5aeb3ca27ce46273c764","2024",Income Tax - Resident Individual,0.00,0.00,0.00,0.00,0.00,330613.00
e2a7f64c2ca6cafa68ea097012d1915e4f38ee5eaf50dd8e3b429bb48ffe95ad,"2023",Income Tax - Resident Individual,0.00,0.00,0.00,0.00,0.00,94678.00
"786e4875570e762481e3d4b0f4370f90753a8c9b0a99be177232e2d6569cbd65","2023",Income Tax - Resident Individual,63282.00,0.00,0.00,0.00,25312.00,260296.00
f69a04c9988ba2f0995ac5e6dc83fe4df55aeaa35efcd187ed24cf145622354e,"2023",Income Tax - Resident Individual,0.00,0.00,0.00,0.00,0.00,0.00
"001905cb80a08061da4680ad84cd43ed883d53e69647f5492bc3b988c58bbb13","2024",Income Tax - Resident Individual,0.00,0.00,0.00,0.00,0.00,180792.00
"0017f37e092a23f8bed6b0b754372d912d0a5ef1840ccb341a1247f24a75fffb","2024",Income Tax - Resident Individual,0.00,0.00,0.00,0.00,0.00,120087.00
"0017f37e092a23f8bed6b0b754372d912d0a5ef1840ccb341a1247f24a75fffb","2023",Income Tax - Resident Individual,0.00,0.00,0.00,0.00,0.00,90059.00
"0002ae9858b385b7fa4ba103392d6dd60f0c1c9fd55fea1dd3b49355ca3ed126","2024",Income Tax - Resident Individual,0.00,0.00,0.00,0.00,0.00,86149.00
"000da3a9ad5bef12e0744b8e808d7506a2487b782db02ab13b6aea55f9f995c0","2023",Income Tax - Resident Individual,0.00,0.00,0.00,0.00,0.00,230499.00
"0005df0c1fdb42ba094ae554e70bd3322303b1d050f2b6abadb72bc1fcdad255","2023",Income Tax - Company,14875673.35,0.00,102336.00,0.00,1823440.00,14428.47
"8fd4a76813cdffbca75b834977421f3b37b659e4a282b8d8a48c4fe87978eeb2","2024",Income Tax - Resident Individual,0.00,0.00,0.00,0.00,0.00,126513.00
"22b0b19164d1014efc5bf48d4f33ad6c574b4c0a23e0d8d732d135a6fe31fde2","2023",Income Tax - Resident Individual,0.00,0.00,0.00,0.00,0.00,0.00
"438eeb45614298ed9c9db71b8cccefd772e6eb2c5bed332e3fdaedac778529dc","2023",Income Tax - Resident Individual,264840.00,239450.00,360000.00,5230.00,0.00,107096.00
"0c950c37acf13d1ed60679ec65cb1c568de4186e08efbf37b5dcd99f08cd7666","2023",Income Tax - Resident Individual,0.00,0.00,0.00,0.00,0.00,742858.00
"47642782ec3247083a7101a44a9eb218b40c809c4da87e14eaec6b90cb398551","2023",Income Tax - Resident Individual,881300.00,696056.00,0.00,52632.00,0.00,636340.00
"60cacf461ac698612147ead138919a10a84fff10a6de3d0c64a5ff50f94b42dc","2024",Income Tax - Resident Individual,1898973.00,189650.00,0.00,0.00,53100.00,1279.00
"716f2600d47e31d424d76826b502789ae7c92825fb2b9b8dcdc545a0a6d4eee3","2024",Income Tax - Resident Individual,0.00,0.00,0.00,0.00,0.00,58095.00
e4026c91ff5cb839377ac853e191e2939baa9bffb7ca48714c207cb25d73644d,"2023",Income Tax - Resident Individual,0.00,0.00,0.00,0.00,0.00,0.00
"4de740001e04f76521001ad9d1eb9a291b2e33b4c820a746080c4443a2ac8d68","2023",Income Tax - Resident Individual,0.00,0.00,0.00,0.00,0.00,336849.00
"47f5d2f2586701be36e610502e2e863a34e0c63dd28385c7e0b352032e564f3e","2024",Income Tax - Resident Individual,0.00,0.00,0.00,0.00,0.00,225567.00
"03c154f318d63ad8011a53867e5e826caae51d4b6346659f417090f863558dde","2023",Income Tax - Resident Individual,0.00,0.00,0.00,0.00,0.00,0.00
"9d961ef2d51db9a32b2b49654011e3589b0674491892b09c0a3b448c60d6dbb7","2024",Income Tax - Resident Individual,0.00,0.00,0.00,0.00,0.00,0.00
d2755cf3864d49bd7d274cdd83050e0b355a42a6a9674b3731c4664a552ce8ed,"2024",Income Tax - Resident Individual,0.00,0.00,0.00,0.00,0.00,75641.00
"0be5e6ecdb918f5a607b1656bfc783dd25f85c718d4f6b02d22b6d8d9fa2272f","2024",Income Tax - Resident Individual,0.00,0.00,0.00,0.00,0.00,411157.00
"013cf4b463617fa7aaf900de939fc0e9984c65054196550df37683d0dfbbcf0e","2024",Income Tax - Resident Individual,0.00,0.00,0.00,0.00,0.00,801211.00
"4d2cc1b9e01264f121c33c668c5242c02b29e66e65e30cf7664a4f14c7953d8a","2023",Income Tax - Resident Individual,0.00,0.00,0.00,0.00,0.00,0.00
c57e2cc3bbac7815959b5ebbac4ccb9ded6f678fc56bf0c86e712cbf0e61bd46,"2023",Income Tax - Resident Individual,0.00,0.00,0.00,0.00,0.00,0.00
"454ad63eee7f49ffb523d44ece502c99acdd007c7ccc2b1f017fb403ea7e45f0","2024",Income Tax - Resident Individual,0.00,0.00,0.00,0.00,0.00,0.00
"0005df0c1fdb42ba094ae554e70bd3322303b1d050f2b6abadb72bc1fcdad255","2024",Income Tax - Company,18480114.05,0.00,130133.00,0.00,2254998.00,20105.23
"000e33971bccf3f500b5177caf79432c5a5e361d44bb89321f326a72290bbb51","2024",Income Tax - Resident Individual,0.00,0.00,0.00,0.00,0.00,132926.00
"0002ae9858b385b7fa4ba103392d6dd60f0c1c9fd55fea1dd3b49355ca3ed126","2023",Income Tax - Resident Individual,0.00,0.00,0.00,0.00,0.00,54094.00
"001b9e7deced12e8f5e3242da8388656b8954ff2153aeaa99cae930b84414fff","2024",Income Tax - Resident Individual,731640.00,343315.00,0.00,52840.00,0.00,119656.00
"000365a409862031ceedaeb6abcc4dd805a48790930d6a94dc647aa2a2c30136","2024",Income Tax - Resident Individual,0.00,0.00,0.00,0.00,0.00,0.00
"001b9e7deced12e8f5e3242da8388656b8954ff2153aeaa99cae930b84414fff","2023",Income Tax - Resident Individual,80000.00,4899.00,0.00,0.00,0.00,374486.00
"000e33971bccf3f500b5177caf79432c5a5e361d44bb89321f326a72290bbb51","2023",Income Tax - Resident Individual,0.00,0.00,0.00,0.00,0.00,107182.00
"0016eb21484e25dfa8ae618be810438d6f16046322812fab017e1baf2788d4da","2023",Income Tax - Resident Individual,1859.00,0.00,0.00,0.00,0.00,205214.00
f31274aa827d3d61d75e07b5dce4ea3986f88d8d100f77c3eb8ef4f7b0e82808,"2023",Income Tax - Resident Individual,0.00,0.00,0.00,0.00,0.00,0.00
cfd10f823f427afdf0938dfa327342a4f668fdaf19b636c08316acc2848d7c38,"2024",Income Tax - Resident Individual,600000.00,21630.00,0.00,0.00,147010.00,38008.00
f0c134893bd0b04db8f9ddb9897d06be5d6c9dd33af0441959081b15f9af5ff7,"2023",Income Tax - Resident Individual,0.00,0.00,0.00,0.00,0.00,362551.00
"4f713163109f15e624190b83cfaecd4060709c403c54c67f78f0a1beba266a90","2023",Income Tax - Resident Individual,0.00,0.00,0.00,0.00,0.00,188706.00
"207b28fa23647d26f8c8d8fd0e4ed3c2b0c883cea82f70650db8699d2c25314b","2024",Income Tax - Company,636400.00,0.00,0.00,0.00,0.00,129090.00
a1c882114857c4f31053e4aa239558dbf355b5b8c6952a61b329ffb9f94aec0a,"2024",Income Tax - Resident Individual,0.00,0.00,0.00,0.00,0.00,363123.00
bcff0a2cc3a13752c59210faf7622099c74ee6ed225e56e5f28f391cdb3100fc,"2024",Income Tax - Company,22698000.00,0.00,0.00,0.00,17865837.00,1449648.90
"2de9fe0c6aa36b00aeb841091476fe6e50ef7ddfae6a094b4813ec5e8f5d425a","2024",Income Tax - Resident Individual,0.00,0.00,0.00,0.00,0.00,21135.00
"8a788e933432ac2116432431e51437c5bbbfefff44829c42843ad31373653e80","2024",Income Tax - Resident Individual,0.00,0.00,0.00,0.00,0.00,865.00
"28c6d40258d7df2c93e5a7b9e24e593e21015e836383f06ce28a9ba283ee103b","2024",Income Tax - Resident Individual,0.00,0.00,0.00,0.00,0.00,0.00
"42d71d3db57ef2da3524ef61487009f6fb0264eeb14aaccb1097852926a343bc","2024",Income Tax - Resident Individual,1464500.00,61486.00,55877.00,5623.00,302518.00,5189.00
be4a1b672000084fb43bd09ade3ad4db76717c52b425ecc9de733322c729d766,"2023",Income Tax - Resident Individual,0.00,0.00,0.00,0.00,0.00,0.00
"102f6f29cef01af7a118bb7b2226275ebb9638ce9175a9c2170de5b8b2da1920","2023",Income Tax - Resident Individual,1114092.00,0.00,0.00,0.00,0.00,302928.00
"114794b89210db7773aa0d454af60ecae98f60d85797cbbcc96976947d8a6404","2023",Income Tax - Resident Individual,0.00,0.00,0.00,0.00,0.00,0.00
"17b46738f05ae3b21be496df1f984d638d9d78c402fbc2591a55b9d3f4dfd18b","2024",Income Tax - Resident Individual,0.00,0.00,0.00,0.00,0.00,0.00
b6eb17855f809c85a34b26b6a2604345ab55c152d52d9215c477a9c688ea4317,"2024",Income Tax - Resident Individual,0.00,0.00,0.00,0.00,0.00,6333.00
"00001c5cac512a4c9ae6f47e7266c07e9b0434fb9c3dbfefe01016de44fca0c8","2023",Income Tax - Resident Individual,0.00,0.00,0.00,0.00,0.00,52938.00
"00001c5cac512a4c9ae6f47e7266c07e9b0434fb9c3dbfefe01016de44fca0c8","2024",Income Tax - Resident Individual,0.00,0.00,0.00,0.00,0.00,63636.00
"000fb2757a8b9cfc18854cc8f36aeb0b2f0a869e5f9516ecc205fa1ed011a03e","2023",Income Tax - Resident Individual,0.00,0.00,0.00,0.00,0.00,0.00
"000fb2757a8b9cfc18854cc8f36aeb0b2f0a869e5f9516ecc205fa1ed011a03e","2024",Income Tax - Resident Individual,0.00,0.00,0.00,0.00,0.00,0.00
"001166561f107f8fbf4c7b5eb5845f59e8a10dd586028dde24ea0c96683c6036","2023",Income Tax - Resident Individual,0.00,0.00,0.00,0.00,0.00,62895.00
"001b5c963f58da48f64f6940d19c215b0fa62fb343c229b197cf6a43e9ab1116","2024",Income Tax - Resident Individual,0.00,0.00,0.00,0.00,0.00,70528.00
"000d75c632df1cf1be62f1b8292fe23670eda161306e3ca9f4430a88d7980b45","2024",Income Tax - Resident Individual,0.00,0.00,0.00,0.00,0.00,0.00
"000d75c632df1cf1be62f1b8292fe23670eda161306e3ca9f4430a88d7980b45","2023",Income Tax - Resident Individual,0.00,0.00,0.00,0.00,0.00,0.00
"000a4d12c6bfa394d547b63614ad68328c2ba40f6bf92eb891ec32260ecab31d","2024",Income Tax - Resident Individual,0.00,0.00,0.00,0.00,0.00,173239.00
"182e9247444a5924d05f680646814e5d1c97f58589d5d7a45a84117b571956fd","2024",Income Tax - Company,3003000.86,1248496.51,784719.98,7491109.00,823601.41,0.00
da26bdcd4e16e1fd22c5cd48c0e4b6e3ffd3398a30e0d1721236ae902d770ec0,"2023",Income Tax - Resident Individual,0.00,0.00,0.00,0.00,0.00,0.00
cbdda0abeef1ad28bd06b2ef0521e3106705696dd9c985a941b75c82c758431b,"2024",Income Tax - Resident Individual,0.00,0.00,0.00,0.00,0.00,139052.00
"848a9dc5aabe54d180632def4f2d4ca3fa9916319fabc082e52144b4f25200c8","2023",Income Tax - Resident Individual,92632.00,0.00,0.00,0.00,0.00,0.00
a84e1e0ed1e0f20e52f151e249abc2bfc4e27b1eb07f939a3404451cad52d4f8,"2023",Income Tax - Resident Individual,0.00,0.00,0.00,0.00,0.00,0.00
"57790d672bea7af7a900d28d17ef6058b03472e2ead28b596005d94a9b1d7dec","2023",Income Tax - Resident Individual,0.00,0.00,0.00,0.00,0.00,0.00
"88f00a236d1cf989ef8b8c258d08b785310667b5e217eefe5ac0d05e83141ae8","2023",Income Tax - Resident Individual,0.00,0.00,0.00,0.00,0.00,0.00
"795504d710740e23da669a6a66ac2b3d5896349ac2de539fd729162745020c00","2023",Income Tax - Resident Individual,0.00,0.00,0.00,0.00,0.00,255711.00
faf108b759d2b6e88a338a70d689cc98c5f35bc1bc804b5def0484215b32de15,"2023",Income Tax - Resident Individual,0.00,0.00,0.00,0.00,0.00,0.00
"1b91b947ce442a37f5b6280710301d9950f0a0789038be3d477e8560cfb9cfcc","2024",Income Tax - Resident Individual,0.00,0.00,0.00,0.00,0.00,0.00
"2dba0c4b5c858f7571047da2619aaf2df255e18056901f14e0454e9b686ee653","2024",Income Tax - Resident Individual,0.00,0.00,0.00,0.00,0.00,187613.00
d2655a345a66e5ad7760863f7323f0951a326c659ba6f671c70c0e39d8d6ca70,"2023",Income Tax - Resident Individual,0.00,0.00,0.00,0.00,0.00,8151.00
bd191a0c1b596512760459ee0677e0b6b7a8d6d712498cb6bf9535591d31bd7e,"2024",Income Tax - Resident Individual,0.00,0.00,0.00,0.00,0.00,227814.00
"59221d6d3ec6e76e58ba793b92c0b05ee6b5566f80c2d02bf5fd887d8c2f43a6","2023",Income Tax - Resident Individual,0.00,0.00,0.00,0.00,0.00,351067.00
"17986bab358b4faad6f20d27a04cbcc3799b2904b870fc6437f7c9128eafea6f","2024",Income Tax - Company,606820.00,34910.00,36000.00,8795.00,127704.00,4582.20
"0011c094f8bcaed4e3603dc9501957e6fb2127a56ab4fdc15b37f315136848d1","2023",Income Tax - Resident Individual,0.00,0.00,0.00,0.00,0.00,189895.00
"00058ae3ff5b8bff70ef4d54c7ab8a7fb26084839a253db76af59ac4c4e75ede","2023",Income Tax - Resident Individual,0.00,0.00,0.00,0.00,0.00,0.00
"00058ae3ff5b8bff70ef4d54c7ab8a7fb26084839a253db76af59ac4c4e75ede","2024",Income Tax - Resident Individual,0.00,0.00,0.00,0.00,0.00,0.00
"000140ce09c5e715f95649f87fee5c7fb2c903577925e5d28c397df198185f85","2023",Income Tax - Resident Individual,0.00,0.00,0.00,0.00,0.00,0.00
"0008ac70a279f28c860ccf2e5a5c4eb3c330c2f129c9bbbd101fc6ab0514172b","2023",Income Tax - Resident Individual,0.00,0.00,0.00,0.00,0.00,115002.00
"000950db232ec61156cbef863dd805fb25f7e9ed628b15a5c80547208afea6a4","2023",Income Tax - Resident Individual,0.00,0.00,0.00,0.00,0.00,0.00
"001a8e00b1ae3015c58e1acec11bee42075a1de0c958ed58ef219feb96fe1fd2","2023",Income Tax - Resident Individual,0.00,0.00,0.00,0.00,0.00,0.00
"0008ac70a279f28c860ccf2e5a5c4eb3c330c2f129c9bbbd101fc6ab0514172b","2024",Income Tax - Resident Individual,0.00,0.00,0.00,0.00,0.00,133929.00
"001696e0eafdda9300e0f543dc42c07088153c2bddfd937c8158958a6788194c","2023",Income Tax - Resident Individual,0.00,0.00,0.00,0.00,0.00,0.00
"001696e0eafdda9300e0f543dc42c07088153c2bddfd937c8158958a6788194c","2024",Income Tax - Resident Individual,0.00,0.00,0.00,0.00,0.00,0.00
"0016f573858b16f524fff11455f3cf1227db98aacc4406247e7418f0ddf5764e","2023",Income Tax - Resident Individual,0.00,0.00,0.00,0.00,0.00,30664.00
f717ceea3d6ceb72778637118d9603381f19ad381ca3715ce6d12c63d02dd125,"2024",Income Tax - Resident Individual,0.00,0.00,0.00,0.00,0.00,131095.00
"26d08091ea180763237036a2dcf82d51b45a36ecdaf6608873d35f3ea5169dcd","2024",Income Tax - Resident Individual,0.00,0.00,0.00,0.00,0.00,0.00
"3d5b499aa1a855dc41290af7fb3dd9e87e4f53ccd6cc52a42e0b79389dd24fd9","2024",Income Tax - Resident Individual,0.00,0.00,0.00,0.00,0.00,0.00
e3f5a32566b1d99a28f66fd821592168ef7e0856796dd02a84c7872efa7dfaf0,"2023",Income Tax - Company,30191740.00,9544513.00,500000.00,13464.00,749990.00,587814.00
fd40dee25ba167ce2789a1093551e467d9e9c154c3f6c76b265ff2cb81b14f83,"2023",Income Tax - Resident Individual,2010780.00,192000.00,0.00,0.00,1176000.00,101434.00
fcfc19a5243e50ab22aeaae99c339330ddf1f9cc678eba194f9984f1e6ede5da,"2024",Income Tax - Resident Individual,0.00,0.00,0.00,0.00,0.00,0.00
c256ebde541e761a852972675d3c9120bbdc350312a6486b3ceea3f7e0ad9fa2,"2023",Income Tax - Resident Individual,0.00,0.00,0.00,0.00,0.00,335540.00
"16f145b52e2da0a92ad88802c3d7d7367d79d067ae965d93b167dc69eb00faed","2024",Income Tax - Resident Individual,0.00,0.00,0.00,0.00,0.00,0.00
e2b9b893e05ee78513ab099fe8ced46f5373d46548e4365e01913f69a82a9476,"2024",Income Tax - Resident Individual,0.00,0.00,0.00,0.00,0.00,68553.00
"66e0b6d35db358356b68a3861627a59aee05c082572d21bd0a6ee1a6c7481cb2","2024",Income Tax - Resident Individual,0.00,0.00,0.00,0.00,0.00,22152.00
"0c10a680eda7073c938e764f4fee8744205f53d5e51047d7ed9def78ace38e9d","2023",Income Tax - Resident Individual,0.00,0.00,0.00,0.00,0.00,0.00
"62b51ae01b81d77d0ce5097b96ddcf8ebe8e73149b50763a4a95c2e572d24157","2023",Income Tax - Resident Individual,0.00,0.00,0.00,0.00,0.00,0.00
d9d0762e1f561c09845444266e2fdaefaddc83c5a6daf0f016648ec7170cea40,"2024",Income Tax - Resident Individual,5596952.00,129046.00,169959.00,2148.00,1011695.00,19980.00
bf7e5ea410103757e7888c18221ea59ac89630ea5fadfd550f0a1ecf07a893f8,"2024",Income Tax - Company,12249216.00,50000.00,0.00,38602.00,1020829.00,0.00
db8ffb2d932eaccca87c5cb81555facb688d519419f2bab8144d69bb23e13906,"2024",Income Tax - Resident Individual,0.00,0.00,0.00,0.00,0.00,1452532.00
a59dc581e042e54d3ab91de014116454aadb7f47d7243392b85796fb14422049,"2023",Income Tax - Resident Individual,0.00,0.00,0.00,0.00,0.00,0.00
c381d98924503a3f591638ce8a0d24cfab280f24667bedad0c16c269f3d4a247,"2024",Income Tax - Resident Individual,0.00,0.00,0.00,0.00,0.00,49173.00
a359427251229e339f8b0612c8a7b4e7bd591130ea9ef70ff6f2fff844e4edca,"2023",Income Tax - Resident Individual,0.00,0.00,0.00,0.00,0.00,1349503.00
c72653912ed041914492e1be8f0542143335596bb4752d7e3e41a7bb8d9c2fc3,"2024",Income Tax - Resident Individual,0.00,0.00,0.00,0.00,0.00,0.00
"0003398df4ab78d1dbd6d0dea0d833335ea93c5dbbf76fafd28427f99a669d3f","2024",Income Tax - Resident Individual,0.00,0.00,0.00,0.00,0.00,0.00
"001447e9f911ce07b658768738f57e7fffbbd9baaa4a6987724f5ee7f030eff2","2024",Income Tax - Company,4319200.00,1596270.00,472000.00,25411.98,486076.00,163377.61
"001129dec3fcc86942d22c946b33e380b15cc061fa3d50ec569eb7d4fe15d2d7","2023",Income Tax - Resident Individual,0.00,0.00,0.00,0.00,0.00,0.00
"000e031f4cf09dbc1b13d22b197dc5665570955c3854a8e396ee93093cd5e381","2023",Income Tax - Resident Individual,642000.00,388600.00,0.00,0.00,0.00,519958.00
"0003398df4ab78d1dbd6d0dea0d833335ea93c5dbbf76fafd28427f99a669d3f","2023",Income Tax - Resident Individual,0.00,0.00,0.00,0.00,0.00,0.00
"001447e9f911ce07b658768738f57e7fffbbd9baaa4a6987724f5ee7f030eff2","2023",Income Tax - Company,55429.00,0.00,0.00,0.00,20000.00,10628.70
"0003d957fb59c316635dba3d0c306adb5fb786bc065ae247518e7741171fc5ce","2023",Income Tax - Company,1038823.00,0.00,0.00,0.00,0.00,16659.30
"0d8d4aeba5043afc455b729e9c6a3e3954121434ca4593872e1d898cbd6b3a79","2023",Income Tax - Resident Individual,0.00,0.00,0.00,0.00,0.00,190542.00
"4d640ce1653c86bfa503299849cceb6e2175083e9817982621bb9475e4b6de68","2024",Income Tax - Resident Individual,0.00,0.00,0.00,0.00,0.00,0.00
"8c1f89e9a4c346352a1cbbe722f46b84c4dcf745b89d4d8876617408bffe911b","2023",Income Tax - Resident Individual,0.00,0.00,0.00,0.00,0.00,0.00
e2d108b2b2d95a94b14347a91e4aa46a4c350debf2778b188c29defbee970466,"2024",Income Tax - Resident Individual,0.00,0.00,0.00,0.00,0.00,6204.00
c3e27c5c6435444e2132906b2c95ba9266175ecc6a89773bd89d7fbf42904eb4,"2024",Income Tax - Resident Individual,0.00,0.00,0.00,0.00,0.00,0.00
"39df7bda38b6586690a4341c380591c98ac9616c7d9145c1c278853f57beb5cd","2023",Income Tax - Resident Individual,0.00,0.00,0.00,0.00,0.00,178874.00
"11091a9e09015723d0a7977257f124b3fd5fde1a1e22331c2bebfef27d526475","2023",Income Tax - Resident Individual,0.00,0.00,0.00,0.00,0.00,0.00
"47620f0a1768669e18efb21fe5be91bf91bdd1d26f7e03d8319177182d418ea3","2024",Income Tax - Resident Individual,0.00,0.00,0.00,0.00,0.00,0.00
"5492211672068e2ac1d1e80ed19318466ddffeb7658a8d3af63cd2d67c3105ef","2024",Income Tax - Resident Individual,482000.00,144711.00,0.00,26304.00,5650.00,4334.00
"6d6e4900825ec1ef457118715c2e8ba95d905d885769f0ba7687ade800e25405","2024",Income Tax - Company,1158128.86,145803.00,0.00,0.00,359650.00,1466.76
"53c2d200fe427f8f5e966d30e14d8695dc26ae375f5de243ad1ce674b22bebd5","2023",Income Tax - Resident Individual,0.00,0.00,0.00,0.00,0.00,0.00
b1b90d67afdc068e36e08f32a19ba45b45b6f8929b87507700ff7e07f41e58e3,"2024",Income Tax - Resident Individual,0.00,0.00,0.00,0.00,0.00,0.00
"076133458e3eea901dc92f16440e6a220837d0687a53f03ab572c299108955ec","2024",Income Tax - Resident Individual,744845.00,234663.00,0.00,18754.00,279235.00,0.00
"47cc38701ed343d3d2315fb8b5d36ed6ed3421f8f656b3cbdbbd3a6f02fa674c","2023",Income Tax - Resident Individual,0.00,0.00,0.00,0.00,0.00,15958.00
"4ab815ccd3a26505141730eb28e88935e35a89781a167bcf91520d7c59f1aab2","2023",Income Tax - Resident Individual,0.00,0.00,0.00,0.00,0.00,61594.00
"69a0b315a6ccba7f4c06baf2211bd7d9f1045e4c71e280c1a6c2f7251a34a3bf","2023",Income Tax - Resident Individual,0.00,0.00,0.00,0.00,0.00,89446.00
"5a19adcc0eeda07e4cfad3c76ff791eeb0ea18c04a5654d357088ed8c8cf2769","2024",Income Tax - Resident Individual,0.00,0.00,0.00,0.00,0.00,0.00
e2207a61641d35de27194d282ec7d8d698663f0ff329790bc9c4a2579adedbce,"2024",Income Tax - Resident Individual,0.00,1.00,0.00,0.00,0.00,2657319.00
"7749d8816aa18381a5150ebb8ca05b6bc7c1d16290cc86c196b889f42a6e6120","2023",Income Tax - Company,0.00,0.00,0.00,0.00,0.00,1409368.50
"61f93160036cce54068ce942606377faa2b2fe254f2f1b4c3f78e16a2d31a5f4","2023",Income Tax - Resident Individual,0.00,0.00,0.00,0.00,0.00,1160407.00
bdd012c2b461bb4e069eceba4be877c599e0bf71706a3d9baa3548d8d90b46c2,"2024",Income Tax - Resident Individual,1140815.00,0.00,0.00,0.00,838631.00,3546.00
"0003d957fb59c316635dba3d0c306adb5fb786bc065ae247518e7741171fc5ce","2024",Income Tax - Company,1038823.00,0.00,0.00,0.00,0.00,16659.30
"00028814ae93153b411d8530ac73aa6d7c536a0d8f7061769ad2109ea1de7e0e","2024",Income Tax - Resident Individual,0.00,0.00,0.00,0.00,0.00,251463.00
"00028814ae93153b411d8530ac73aa6d7c536a0d8f7061769ad2109ea1de7e0e","2023",Income Tax - Resident Individual,0.00,0.00,0.00,0.00,0.00,244069.00
"56657bed50d30319b37ef6738f1723e5d13433cd2c842f0749a203755f736a6c","2024",Income Tax - Resident Individual,0.00,0.00,0.00,0.00,0.00,239434.00
"3271ef6f1360e97283941896f0e9ad932b9edf0e4fbf1f258825172ce77f7942","2024",Income Tax - Company,31617702.00,2471977.00,360000.00,0.00,27791273.00,1464794.70
"6a546cc01da632a7ab8717192010017cd517671030e0c5bab370f9202fc23001","2023",Income Tax - Resident Individual,0.00,0.00,0.00,0.00,0.00,0.00
fbb00ca41a6eda800c4f18dd020c81a16e1fc519569490db5b7399f4c0e8ff72,"2024",Income Tax - Company,1882800.00,26860.00,14375.00,2022.00,252980.00,4073.99
"09daf2b0f51215aaf088db81ea0cb3f2337540ef3ac6632fcf5def48e203805c","2024",Income Tax - Resident Individual,0.00,0.00,0.00,0.00,0.00,160899.00
d127163704c1e1abab8f74c0c84b44eabccdecd59ca4e7334f093a2d21d4ec47,"2023",Income Tax - Resident Individual,201350.00,0.00,0.00,0.00,0.00,20135.00
"98edb04641850431524257130c0ce1d01c3a02801a8c6857a7923864fe0fafd0","2023",Income Tax - Resident Individual,0.00,0.00,0.00,0.00,0.00,0.00
c241f70e3ea1e5baebacab674ad2346a22025fc5fb5bcffa3daa9fdede10363a,"2024",Income Tax - Resident Individual,7301500.00,4659000.00,0.00,0.00,0.00,730150.00
"7ea0dabf90bf0cf7d9e46fb5cf08472c2a51bf7438167ea2046d5e4eae2f9aea","2024",Income Tax - Resident Individual,0.00,0.00,0.00,0.00,0.00,136518.00
ebaa59756bf0d2f1f49f8cf9a8293cf92d317f3a96e048429adb4ce847e6be31,"2024",Income Tax - Resident Individual,0.00,0.00,0.00,0.00,0.00,0.00
e09204bf85c2a15094a570489b33f5296d384c302665675126eaa38fc984184e,"2024",Income Tax - Resident Individual,0.00,0.00,0.00,0.00,0.00,81031.00
"2dddb5b1c0fdd8bdc0c91e897b84e17a69bf964cccad629ef298f318cf43ae51","2024",Income Tax - Resident Individual,0.00,0.00,0.00,0.00,0.00,78269.00
e3e562c0702c64fb19aae0bf61046606d6d9e36d233edad0720a95ed62def8cd,"2023",Income Tax - Resident Individual,0.00,0.00,0.00,0.00,0.00,84976.00
"22244cc56a510b9444437b759610af3b89e95f7fbf56d79841f67ece6d15082d","2024",Income Tax - Resident Individual,0.00,0.00,0.00,0.00,0.00,112708.00
c6b133fc506d6d214f080b722e75086bae96a912dbbd172fb884d1733b051c12,"2024",Income Tax - Resident Individual,0.00,0.00,0.00,0.00,0.00,0.00
cefc502deb2706bfe1ab3e23c74a7e4a0bff9bd85117e1638fd1210eddadc403,"2024",Income Tax - Resident Individual,0.00,0.00,0.00,0.00,0.00,0.00
"82be281453e3163deb060e648891f6570bc890cff8418d91cb2cf54eea0df747","2024",Income Tax - Resident Individual,0.00,0.00,0.00,0.00,0.00,0.00
f61666489e86becf198a21a9506e7449f63947bd5b0ab0aa237bd77779cc334a,"2023",Income Tax - Resident Individual,0.00,0.00,0.00,0.00,0.00,226881.00
"0019846339579d029de740e4e8c87c0c171e9fbdaca68b71e4e6671b01461154","2023",Income Tax - Resident Individual,0.00,0.00,0.00,0.00,0.00,0.00
"000f42c2bcc4f5955c4c316068c16d3a021a3f3af4079db90431bd9047ece3c9","2023",Income Tax - Resident Individual,0.00,0.00,0.00,0.00,0.00,0.00
"0010656fcf3409e6f49e65c47cccde6e58a7f3504da83771124bd9facf201244","2023",Income Tax - Resident Individual,0.00,0.00,0.00,0.00,0.00,0.00
"0001df397b9e658c1f7aa112f3011706faba623303120d1351ea39c1e8566ea3","2023",Income Tax - Resident Individual,0.00,0.00,0.00,0.00,0.00,0.00
"0012835b3f49acc59bd620e5d2864218a685e5b4203f15807eaa406403bb61e7","2023",Income Tax - Resident Individual,0.00,0.00,0.00,0.00,0.00,0.00
"000de595a6e1b70f7d7e95715e5959f02f3416e535de0764e9dcdcb0831b26d7","2024",Income Tax - Resident Individual,0.00,0.00,0.00,0.00,0.00,222605.00
"000de595a6e1b70f7d7e95715e5959f02f3416e535de0764e9dcdcb0831b26d7","2023",Income Tax - Resident Individual,0.00,0.00,0.00,0.00,0.00,185558.00
"000542ae9be3dc4f196960170dd8123de058b0299dd8f1fdc7a2fc91f218462c","2024",Income Tax - Resident Individual,0.00,0.00,0.00,0.00,0.00,76508.00
d282e1ee2a3ed8e84acbd6d70195baa48233fd8cf3765549bc855cfedaf0c0cf,"2023",Income Tax - Company,8309818.00,0.00,0.00,0.00,1050750.00,0.00
"93f6dfa81ae4adb6006b79ae6dd513fbe0b114dcd2881ca4a91f46fbb51c485b","2024",Income Tax - Resident Individual,0.00,0.00,0.00,0.00,0.00,61057.00
"6725206b4926309c0bee8e4257ad00cea0da342b6f2fc2306e8083d758171f9f","2023",Income Tax - Resident Individual,0.00,0.00,0.00,0.00,0.00,0.00
f3fdce32e8626f74597d1772f2706e5551a397005d47cf11841888a1239ccaf1,"2024",Income Tax - Resident Individual,0.00,0.00,0.00,0.00,0.00,155237.00
"607f95e322e3679bb0ee394d801433bcb10dfd67f7a711055602aec9b79d895d","2023",Income Tax - Partnership,8344362.00,573946.00,1811319.00,347164.00,5237187.00,0.00
"3f3799c59dd2f9b7f238d51dfc4e0ec0211cfd4e58fb10167b540e7edc52cbc5","2023",Income Tax - Resident Individual,0.00,0.00,0.00,0.00,0.00,66363.00
bde586ccf86f38dafea84dfadb94841b6721f17b08544ec1aa66f39201ac971c,"2023",Income Tax - Resident Individual,0.00,0.00,0.00,0.00,0.00,145815.00
"000805310d2df6e477543ab4603161edf6f6b964c7ec026ea834c10e6fb0ad98","2023",Income Tax - Resident Individual,32620.00,27183.88,0.00,0.00,0.00,134534.00
"0012a2f408c8c946ac0631b5e943571d8da47cc7b453cd4355aef8285b5ad3a5","2024",Income Tax - Resident Individual,0.00,0.00,0.00,0.00,0.00,694303.00
"000805310d2df6e477543ab4603161edf6f6b964c7ec026ea834c10e6fb0ad98","2024",Income Tax - Resident Individual,5000.00,0.00,0.00,0.00,0.00,155995.00
"000c9fe019cf6758d58eee4e5bb03fbe0aecba6f5626f4968006eef44bea0b87","2023",Income Tax - Resident Individual,0.00,0.00,0.00,0.00,0.00,0.00
"000542ae9be3dc4f196960170dd8123de058b0299dd8f1fdc7a2fc91f218462c","2023",Income Tax - Resident Individual,0.00,0.00,0.00,0.00,0.00,108436.00
"00096127734e4c5a624f9e68e96adc0b1ccf242cad8dd36f9357942df2a201e7","2023",Income Tax - Resident Individual,0.00,0.00,0.00,0.00,0.00,552833.00
"0009a6b1b12effec250c8983e098ac18e30108ced2863055e4f75c639d117374","2024",Income Tax - Resident Individual,0.00,0.00,0.00,0.00,0.00,0.00
"001b83588f3e7e0e2509f4b10bde1994279b6fa3d4bc08a1d81f2fe9ab0f3053","2023",Income Tax - Resident Individual,0.00,0.00,0.00,0.00,0.00,52938.00
"00096127734e4c5a624f9e68e96adc0b1ccf242cad8dd36f9357942df2a201e7","2024",Income Tax - Resident Individual,0.00,0.00,0.00,0.00,0.00,554990.00
"00149a400e239196fca5be447fbfdd579ba40309941822d4e6fde16f210041e7","2024",Income Tax - Resident Individual,0.00,0.00,0.00,0.00,0.00,330790.00
"0009a6b1b12effec250c8983e098ac18e30108ced2863055e4f75c639d117374","2023",Income Tax - Resident Individual,0.00,0.00,0.00,0.00,0.00,0.00
"0005219cb2ef93eca4a7c887ba094bc48271659a166b084ddcaf8bf3cebf678b","2024",Income Tax - Company,9180634.59,2659310.00,0.00,44544.00,1658980.00,0.00
"895a5fe444c63c65c2f1c4693e950a5a0411bac8d8205d751d8f1f042b8a5627","2023",Income Tax - Resident Individual,0.00,0.00,0.00,0.00,0.00,0.00
dcd65517480dd301b42e01c92a6dd877a3afccafb5709a7ccd61275c41387f65,"2024",Income Tax - Resident Individual,0.00,0.00,0.00,0.00,0.00,0.00
e877b480f8d416175dfeb253397de080a12f3fa78b7ada4e73550311e85a1feb,"2024",Income Tax - Resident Individual,0.00,0.00,0.00,0.00,0.00,23359.00
cf58e616970484e6237ae420d67e32f64f56a43b23ed336ca8ba2e6a5820a12b,"2023",Income Tax - Resident Individual,540000.00,397830.00,0.00,0.00,0.00,129280.00
e92c00c1d27c1b4061369f34cbf2b0d9b70051dc6a95bc7b20fda633eef347ad,"2024",Income Tax - Resident Individual,0.00,0.00,0.00,0.00,0.00,0.00
"4c27da22ceedb9fac4d730705a320db5532f0c58daf648f29e3eb5edb62d482b","2024",Income Tax - Resident Individual,0.00,0.00,0.00,0.00,0.00,258608.00
ed113cc0336a262e2759fd5b72b8fbe6ed7c5b8f0b2e2244a8c17fab62d85b23,"2024",Income Tax - Resident Individual,0.00,0.00,0.00,0.00,0.00,0.00
"51addb842ba4dced6e96fa7f3b1c30245c818081f0ddd7535af855dbf1ca76aa","2024",Income Tax - Resident Individual,0.00,0.00,0.00,0.00,0.00,178046.00
ae0ee8210a0424acd32b8a907d6b748b31fcad8d5a7d017e83ab60eb96e8ba64,"2023",Income Tax - Resident Individual,0.00,0.00,0.00,0.00,0.00,111587.00
"4ca6d584f50c928c54275d1e43354a85f93c69aa832b2e89b2a97b6ee226202b","2023",Income Tax - Resident Individual,90000.00,68000.00,0.00,0.00,12000.00,415882.00
d6e5c9c77dd9dead7ecc98feb91d7bf28634ba985e9f80fe64782a7037ab4542,"2024",Income Tax - Resident Individual,0.00,0.00,0.00,0.00,0.00,63636.00
cc07d61c9d9586d76aebad9425cf2d455428ae31c3fe970e3dd1bb53736c8b7d,"2023",Income Tax - Resident Individual,0.00,0.00,0.00,0.00,0.00,69049.00
e4f95135ac57aae84cb08d73dd7ac096f365d9eabb64b2879e3978d30c4cf940,"2023",Income Tax - Resident Individual,0.00,0.00,0.00,0.00,0.00,922508.00
dea84587b806e26f6a0fea5a3ecf0e28d1703b0a13fb2651e301b979524ec71b,"2024",Income Tax - Resident Individual,0.00,0.00,0.00,0.00,0.00,74545.00
c192a0bb2d0fed2c74fb67dc5c9aa5f37e597081f1a4a8da16fb436877aeaa49,"2023",Income Tax - Resident Individual,0.00,0.00,0.00,0.00,0.00,37294.00
"9040daf5ea06e39652968e5885b6a3529d390e83a42068c4a9d5bba93b6ad31b","2024",Income Tax - Resident Individual,0.00,0.00,0.00,0.00,0.00,2063245.00
"513ddbc6985df6749a035a2682f6d00decd1e3766c6592625bb094277fc8ed98","2024",Income Tax - Company,188306.00,173306.00,0.00,0.00,0.00,4500.00
"4c0ef4a588fe6ea90c645590c6a51e8b183c4278feb62ecf7fad82ebaf66a0e5","2023",Income Tax - Resident Individual,0.00,0.00,0.00,0.00,0.00,21642.00
"5ae9de32cb9bb295e3b300e541dcecbef276b12208297e34d80fe390d8984915","2024",Income Tax - Resident Individual,237021.00,44670.00,35335.00,0.00,16755.00,0.00
b27376d5d8efa82df0df728fe678a40a215efa958927efd88d86cc64d6feb230,"2024",Income Tax - Resident Individual,0.00,0.00,0.00,0.00,0.00,0.00
a6c2cddd2662212fe611b8cba66094c0fa6d483f80a34af05f961fa9004b5de3,"2023",Income Tax - Resident Individual,0.00,0.00,0.00,0.00,0.00,380578.00
"2fb739e6d1e2a2351c5eb3a75581d1452055623d4ce4c955e6284f17be5fb4f0","2023",Income Tax - Resident Individual,0.00,0.00,0.00,0.00,0.00,69064.00
"000b8b99a9260fe8b19f328bad6256a1b35fcfbc8174100f4cd3a6b1c6aa62ef","2024",Income Tax - Resident Individual,0.00,0.00,0.00,0.00,0.00,0.00
"0005219cb2ef93eca4a7c887ba094bc48271659a166b084ddcaf8bf3cebf678b","2023",Income Tax - Company,279933.00,172950.00,0.00,19640.00,240000.00,0.00
"0011c1eb32de581957422764b61ca924eca3bc326ff6a64635bb7c1a515d4a71","2023",Income Tax - Resident Individual,0.00,0.00,0.00,0.00,0.00,0.00
"0011c1eb32de581957422764b61ca924eca3bc326ff6a64635bb7c1a515d4a71","2024",Income Tax - Resident Individual,0.00,0.00,0.00,0.00,0.00,0.00
"000b8b99a9260fe8b19f328bad6256a1b35fcfbc8174100f4cd3a6b1c6aa62ef","2023",Income Tax - Resident Individual,0.00,0.00,0.00,0.00,0.00,0.00
"0c277c9153067e1939bdf27bdf925dc381854f776d7bf1c7311e47e42a3f44a1","2023",Income Tax - Resident Individual,35100.00,20850.00,0.00,0.00,0.00,151596.00
"3affe2fab46f2f9f3f04033a5fa26a491d5f3a5a576300d6084b52fec4401d04","2024",Income Tax - Resident Individual,0.00,0.00,0.00,0.00,0.00,9111.00
ab4d08465a560544a08a4938dbe0258d5b326e71a581e1ac53a50f7bc253469a,"2023",Income Tax - Resident Individual,0.00,0.00,0.00,0.00,0.00,0.00
f66f4df0b08a6ecaa7d79014c7f6e23a61699a2e3b45ad26e39464ea12ad207b,"2023",Income Tax - Resident Individual,0.00,0.00,0.00,0.00,0.00,0.00
"57c7ff6dffdcbdec646fd8c63aae80fc5daa981b7b3210a352f4a8ffb036aa63","2023",Income Tax - Resident Individual,0.00,0.00,0.00,0.00,0.00,0.00
"0b0dd6d1acf1e9e250d260adcb035f1196c6ba854da2c30d2d0b944efffe7771","2023",Income Tax - Resident Individual,0.00,0.00,0.00,0.00,0.00,550749.00
"82d29f3c77652c14d9f1f02caadc2df466e2dec955519294e53545171e21cc34","2024",Income Tax - Resident Individual,0.00,0.00,0.00,0.00,0.00,400771.00
"9b4b78def7f182e7c91cd8e0f757eb3c4ec1fa52b0773c74203a281e75805dfe","2023",Income Tax - Resident Individual,0.00,0.00,0.00,0.00,0.00,137308.00
"39f3a18bc3f1772f2dcac66d64b03a809df6d7097eabf4457e4f5fb542cfdd99","2023",Income Tax - Resident Individual,0.00,0.00,0.00,0.00,0.00,0.00
a5a2b366bf99f11cc8736fba4ae80d0116248e42778d8e49d2c2abdb7f60f997,"2023",Income Tax - Resident Individual,0.00,0.00,0.00,0.00,0.00,145766.00
ab948d5d042e7a2d31025982560869cdd50e906746023a7d386a969b53a36059,"2023",Income Tax - Resident Individual,0.00,0.00,0.00,0.00,0.00,141307.00
"06ec7856a9cbaf85826f3c01aa6755b1552502dfc5e245ad8b9b241a59854ee4","2024",Income Tax - Company,128900000.00,0.00,0.00,0.00,0.00,11045918.10
"8f9327e34ad677dfd5355152a1ffe2a37f9311e52ff7d3880a14fa460b86b4b6","2023",Income Tax - Resident Individual,0.00,0.00,0.00,0.00,0.00,0.00
ab81b049ab9396847d33ecfeace5da49b483792ab248c025fad43785564df917,"2024",Income Tax - Resident Individual,0.00,0.00,0.00,0.00,0.00,7970.00
c8535a353689ae52de9c50627185a30b590d7c1b4423ac67538125c4d935f922,"2024",Income Tax - Resident Individual,0.00,0.00,0.00,0.00,0.00,140076.00
a816228a95a4a72e7761fdbaa037cdf78e93a4bef10dd59cabb258e4735e36af,"2023",Income Tax - Resident Individual,0.00,0.00,0.00,0.00,0.00,180625.00
ab3b874a3c93ec69351546f0c97d640d5f385d9c879390a6922e327f9ca3197f,"2023",Income Tax - Resident Individual,0.00,0.00,0.00,0.00,0.00,21649.00
"6dd983d2255e88b5746e12291d612613df72c119f3479b7c46408f5e58772a12","2023",Income Tax - Resident Individual,0.00,0.00,0.00,0.00,0.00,202692.00
"8a82b760dda471cc066939350925e450041eb834af87b4e4ee0da20c379cf777","2023",Income Tax - Resident Individual,0.00,0.00,0.00,0.00,0.00,36736.00
acde0e1a0ae53346d0877b9ece395f52e6d28b720c7b4ebc17990f31e377f5b9,"2024",Income Tax - Resident Individual,1545895.00,748433.00,0.00,0.00,240000.00,75839.00
"000b64ce51990f1cfea41a434b3f22250e107f1bd9711b5860f4aea3aa665bf4","2023",Income Tax - Resident Individual,0.00,0.00,0.00,0.00,0.00,223154.00
"000b64ce51990f1cfea41a434b3f22250e107f1bd9711b5860f4aea3aa665bf4","2024",Income Tax - Resident Individual,0.00,0.00,0.00,0.00,0.00,238060.00
"0017723f3df61372e46bae113ce8d3121ad9015abd44e1746efa9a8c980907cc","2023",Income Tax - Resident Individual,0.00,0.00,0.00,0.00,0.00,1923.00
"0017723f3df61372e46bae113ce8d3121ad9015abd44e1746efa9a8c980907cc","2024",Income Tax - Resident Individual,0.00,0.00,0.00,0.00,0.00,0.00
"48a27b63bb60d7e59e0cd2abb2045f028e1183e16ee82503380ac0d1d53fee41","2023",Income Tax - Resident Individual,0.00,0.00,0.00,0.00,0.00,0.00
"46484eb16b70376ae6c3865eb0a37cb959d17dc13bfca54635dbee11a9aaf406","2024",Income Tax - Resident Individual,15000.00,0.00,0.00,0.00,0.00,276158.00
f78f1c9d41d8f32f7fcaa97d4d0ef3622287ec7b4a51280dc1c3e7caa44a0c0d,"2023",Income Tax - Resident Individual,0.00,0.00,0.00,0.00,0.00,162420.00
e1a0b1fc17a925397591728c290fd33263bd2d629b2fa93616fd99c15fb2841a,"2024",Income Tax - Resident Individual,0.00,0.00,0.00,0.00,0.00,273655.00
"983f85bd4ba30b2d9c88c76af3fc851d78abff30759511a0ecdbb21cab509c63","2024",Income Tax - Resident Individual,0.00,0.00,0.00,0.00,0.00,267274.00
b68077c1510261f700bdba9d989ab0f253fe76786fd91f5b61965e78c761ace4,"2023",Income Tax - Resident Individual,0.00,0.00,0.00,0.00,0.00,89077.00
"8342e4eac95e083b675de17f6540d405f131c8b278a8571443327c3c5f1c02a4","2023",Income Tax - Resident Individual,0.00,0.00,0.00,0.00,0.00,72874.00
eab40805409c0939247007d48dc89c09ce91bf202a746b5ff2b18ce58c026f89,"2023",Income Tax - Company,7345052050.00,0.00,0.00,0.00,1764733105.00,466141024.05
fbe01407c614821848c1ddc0845f5a7edc1d1c5ac773f3e6054d958d94cfcda5,"2024",Income Tax - Resident Individual,0.00,0.00,0.00,0.00,0.00,387400.00
ca74d504ab3acefc150ea7eaba19783107848635f7f7d645fb439085a54360ef,"2024",Income Tax - Resident Individual,0.00,0.00,0.00,0.00,0.00,0.00
"0011ff9670cf97ffd5bb1a33c3353e5e3e37b5c42b3e25034621f87e55c29265","2024",Income Tax - Resident Individual,0.00,0.00,0.00,0.00,0.00,34204.00
"0011ff9670cf97ffd5bb1a33c3353e5e3e37b5c42b3e25034621f87e55c29265","2023",Income Tax - Resident Individual,0.00,0.00,0.00,0.00,0.00,20993.00
"00023e5ab47434e732e6d449c8df4df1354e4c3c7a034f280c040d728b997cac","2023",Income Tax - Resident Individual,0.00,0.00,0.00,0.00,0.00,163963.00
"000212e440168fe7fc7378f312ffd63ae8d06529339711c8abaefb8bfefec3c1","2023",Income Tax - Resident Individual,0.00,0.00,0.00,0.00,0.00,112287.00
"001a8763c9340565f7ca505e3a2e08673eb2f776884a5c9aef1bf7833ef8b471","2024",Income Tax - Resident Individual,0.00,0.00,0.00,0.00,0.00,275552.00
"000212e440168fe7fc7378f312ffd63ae8d06529339711c8abaefb8bfefec3c1","2024",Income Tax - Resident Individual,0.00,0.00,0.00,0.00,0.00,178437.00
"001a8763c9340565f7ca505e3a2e08673eb2f776884a5c9aef1bf7833ef8b471","2023",Income Tax - Resident Individual,0.00,0.00,0.00,0.00,0.00,227313.00
"00023e5ab47434e732e6d449c8df4df1354e4c3c7a034f280c040d728b997cac","2024",Income Tax - Resident Individual,0.00,0.00,0.00,0.00,0.00,184459.00
"0012168d255b6ee7f0a41c34864e249a7d968e936c2a71d005743062af545c9a","2023",Income Tax - Resident Individual,1700312.00,0.00,391552.69,0.00,1000280.00,5120.00
"0012168d255b6ee7f0a41c34864e249a7d968e936c2a71d005743062af545c9a","2024",Income Tax - Resident Individual,1652679.00,0.00,293664.52,0.00,1059100.00,2979.00
"001aee37bc92a31380f3f6dd5794e0e03888ef6ab8febd8ad71ff8a4aa8bb80e","2023",Income Tax - Resident Individual,0.00,0.00,0.00,0.00,0.00,162655.00
"0015cba370da0c49664131dee43972002ce76bdcc8b10126c383429fc062a107","2024",Income Tax - Resident Individual,0.00,0.00,0.00,0.00,0.00,330208.00
d81a450e57d149e086251391ca678d86ed6cb1afc06a6a8b75d136c588c86ec7,"2023",Income Tax - Resident Individual,0.00,0.00,0.00,0.00,0.00,0.00
"831f9c5e0553339f7ddbb2c8a2a2eff74576d63182a7cd7235c769a6d8a6ad95","2023",Income Tax - Resident Individual,0.00,0.00,0.00,0.00,0.00,1908.00
"619a55cb4d1ed9e6a067e07d32cce495a3d390ae6ed1eb6c5031d000f789040d","2023",Income Tax - Resident Individual,0.00,0.00,0.00,0.00,0.00,66841.00
"31e95f5372bbec38510d294b4ddc855604bb2c7fb1c0a70f7ee0ed684646513a","2023",Income Tax - Resident Individual,0.00,0.00,0.00,0.00,0.00,327535.00
d80bfbf1da59f716753d27369446b815215d6564929aa7016ad5176a028054df,"2023",Income Tax - Resident Individual,0.00,0.00,0.00,0.00,0.00,259733.00
aaeee548566835d2752c1a0c1ad8b037764516b7bb9cc92736a1c32d1cffbd14,"2024",Income Tax - Resident Individual,0.00,0.00,0.00,0.00,0.00,61326.00
c76ccdc1a9525301c609c9b465c3cf7022dea66da82b0e32408c706f5561a90d,"2023",Income Tax - Resident Individual,0.00,0.00,0.00,0.00,0.00,792032.00
e938e2c1635b6bc232bab01e342030d61f90743135a197a0b8e48c2e53b4e6c2,"2024",Income Tax - Resident Individual,0.00,0.00,0.00,0.00,0.00,0.00
"49ec2f6931f41dfbb793de514a38fed4c013772079caa0cf1f57565a11d841a1","2024",Income Tax - Resident Individual,1704000.00,20176.00,1500.00,156712.00,0.00,361544.00
fa78faeb7f4c18d2e703996ab488175d5abc5d11332367a38aca1e5c70ca3884,"2023",Income Tax - Resident Individual,0.00,0.00,0.00,0.00,0.00,0.00
af22524b2029d9f27c822cf938c0e1cb7d6bf7d228c17ead9fb52d1c5bd80608,"2024",Income Tax - Resident Individual,0.00,0.00,0.00,0.00,0.00,72611.00
"926afb00abe87dc3e44f6715419f7a31848546131b639bcd1b5bfcf8d4ca598c","2023",Income Tax - Resident Individual,0.00,0.00,0.00,0.00,0.00,0.00
"29068cb563422c7c7492b2242799c8494aa60a5c98ac9918991512042477c6f8","2024",Income Tax - Resident Individual,0.00,0.00,0.00,0.00,0.00,0.00
"0018d144797b39c0b8466d84c0520f825bcde9c7fc2897791784dea73fb41de3","2023",Income Tax - Resident Individual,0.00,0.00,0.00,0.00,0.00,0.00
"001903381e4d0b19f434a38b3f8034dca3af851025d684d37068b1a0d61249d5","2023",Income Tax - Resident Individual,0.00,0.00,0.00,0.00,0.00,0.00
"0016a9cc7167dc4c48e0e20785bb84e6357028f7bde3644de57294804f3f7d0f","2024",Income Tax - Resident Individual,0.00,0.00,0.00,0.00,0.00,304895.00
"0018d144797b39c0b8466d84c0520f825bcde9c7fc2897791784dea73fb41de3","2024",Income Tax - Resident Individual,0.00,0.00,0.00,0.00,0.00,0.00
"00039658fc39e33d8303a7e52b01439ccb19d7b4614d3662891e1a900f5bc7e2","2023",Income Tax - Resident Individual,243000.00,116850.00,0.00,0.00,0.00,44097.00
"001bf3ef4708eea595b2d03573a0d80929bb76f3c830c1c2ead959909d6e6da1","2023",Income Tax - Resident Individual,0.00,0.00,0.00,0.00,0.00,1184849.00
"0016a9cc7167dc4c48e0e20785bb84e6357028f7bde3644de57294804f3f7d0f","2023",Income Tax - Resident Individual,0.00,0.00,0.00,0.00,0.00,285262.00
"00039658fc39e33d8303a7e52b01439ccb19d7b4614d3662891e1a900f5bc7e2","2024",Income Tax - Resident Individual,26800.00,0.00,0.00,0.00,8040.00,41204.00
"0015cba370da0c49664131dee43972002ce76bdcc8b10126c383429fc062a107","2023",Income Tax - Resident Individual,0.00,0.00,0.00,0.00,0.00,328695.00
"001903381e4d0b19f434a38b3f8034dca3af851025d684d37068b1a0d61249d5","2024",Income Tax - Resident Individual,0.00,0.00,0.00,0.00,0.00,0.00
"001bf3ef4708eea595b2d03573a0d80929bb76f3c830c1c2ead959909d6e6da1","2024",Income Tax - Resident Individual,0.00,0.00,0.00,0.00,0.00,864180.00
aeba6498cc539633f2773d8cc09b6c0ecd351fa09c451d4b127747ddb7307410,"2023",Income Tax - Resident Individual,0.00,0.00,0.00,0.00,0.00,0.00
be8499360e248bd89fc860eb9122cc047fb0f301d420e51bc51af4e1b3dbf87e,"2024",Income Tax - Resident Individual,14805729.00,0.00,0.00,0.00,0.00,1685288.00
"86d7efc3d3d676ae2d94504f9b28981a023f67193716b2f11255f54b0b28317d","2024",Income Tax - Company,783629.00,139557.00,237778.00,9675.00,6590.00,17492.28
"15b8b8ff5266a9ab6883e6a09348ddac1eea3fec1345558cca1e7b69def56b12","2023",Income Tax - Resident Individual,0.00,0.00,0.00,0.00,0.00,3422.00
"272c65df85ae86e25f39eb6b41a11b64eddab3aedbd8d7ed2524a16cd4596962","2023",Income Tax - Resident Individual,0.00,0.00,0.00,0.00,0.00,0.00
"18a99cb74aa318e1b6a0df3885f235fc95c99188410b3ea00fe0816480ffd4b8","2024",Income Tax - Company,6003835.60,0.00,195634.69,13967.15,1155620.55,56537.86
"08271521fcdefc7563f7caa458ad3f1cd3db587b5fbb87b3aeab27df6745523d","2024",Income Tax - Resident Individual,0.00,0.00,0.00,0.00,0.00,944549.00
cd1f81711f2295a63ce070ce1e642e572c669ba220de758c168eb885dcd4d523,"2023",Income Tax - Resident Individual,0.00,0.00,0.00,0.00,0.00,0.00
"2f38c26f17e46f9e88d8df9d9bfb393430f79d92bd45015bb67288018e443bc3","2024",Income Tax - Resident Individual,0.00,0.00,0.00,0.00,0.00,0.00
"3962c51cd8f6572766ebb2fcc265685608ce7ce6c45025d5400d8f53b30198c3","2024",Income Tax - Resident Individual,0.00,0.00,0.00,0.00,0.00,564686.00
"3bd49b4e6934b9eb5d7d1908b3f82993c4078a3821022d96aa358fa3eac32d87","2024",Income Tax - Resident Individual,0.00,0.00,0.00,0.00,0.00,0.00
e278c5de92f3cc52b53163cc575bee30742a8ab5e479a4c353b3627760fe2036,"2024",Income Tax - Resident Individual,0.00,0.00,0.00,0.00,0.00,201345.00
"892c2b366c3c900b63b9bb38f62876de37d971b34c9bae42478a06973e633209","2023",Income Tax - Resident Individual,0.00,0.00,0.00,0.00,0.00,0.00
d01b5c4efbd48b6a0d36bddddb1695a6a1f9e6f1b1c4baa980798bd801e17aa7,"2023",Income Tax - Resident Individual,0.00,0.00,0.00,0.00,0.00,129252.00
ca66ed723f016984af5088a37121b8934eb9bc750dbec8e106af6f20311e7436,"2024",Income Tax - Resident Individual,105000.00,0.00,0.00,0.00,0.00,0.00
"0006754323faa6d5b40f676be6b29fafcd3e736471771fb38afce369485f3fac","2024",Income Tax - Resident Individual,0.00,0.00,0.00,0.00,0.00,229780.00
"000fdcecdf9ef2913539aa8211c46a0e7f9d52705156d563924e33556faaf3b5","2023",Income Tax - Resident Individual,0.00,0.00,0.00,0.00,0.00,62086.00
"000876da5161c5049904dc4326a00200d547426128c2e4ffb9a4fe755de0146e","2023",Income Tax - Resident Individual,1900000.00,379310.00,72000.00,4200.00,0.00,4998.00
"0000b3e82653118127b348bc7191a9deb3da269c89b41a25756e47c62f19c513","2023",Income Tax - Resident Individual,0.00,0.00,0.00,0.00,0.00,0.00
"000876da5161c5049904dc4326a00200d547426128c2e4ffb9a4fe755de0146e","2024",Income Tax - Resident Individual,2150500.00,462140.00,358400.00,44100.00,0.00,5165.00
"00094920946c8296bed9a78eef0238ead4d00a9856e005229b97404456704e1c","2024",Income Tax - Resident Individual,0.00,0.00,0.00,0.00,0.00,2695838.00
"000cb98082a079a743c1ac18b1fb03cff42c87b77cbba4b807904a201503ec28","2024",Income Tax - Resident Individual,0.00,0.00,0.00,0.00,0.00,0.00
"0006754323faa6d5b40f676be6b29fafcd3e736471771fb38afce369485f3fac","2023",Income Tax - Resident Individual,0.00,0.00,0.00,0.00,0.00,214874.00
"0000a7f07e498437dabb4a33757ab991c17ab702f50e9dff60a9000b11aeacb8","2023",Income Tax - Resident Individual,0.00,0.00,0.00,0.00,0.00,0.00
"001869df9b2af22618f349bab9d74449cbf59d91e60b3178c111fc6af3a8dff3","2024",Income Tax - Company,89292916.34,0.00,0.00,0.00,4291153.00,0.00
"001869df9b2af22618f349bab9d74449cbf59d91e60b3178c111fc6af3a8dff3","2023",Income Tax - Company,50199554.00,0.00,0.00,0.00,4897502.00,0.00
ffc356d71f5443d834caad9463b167a4a4b2019ffc492b3e0c9589d6dd7d5e3b,"2023",Income Tax - Company,29673657.00,1584075.00,2097875.00,395215.00,632410.00,48585.83
"51d14a4b0659470d2b6c7e9adcaed096bf91775fabd082b40237f72c37369265","2024",Income Tax - Resident Individual,0.00,0.00,0.00,0.00,0.00,0.00
"7fe8639fefe5f528b74e32a62b0b4f7431cd618a55930aa88b0929fde5a1ca2a","2024",Income Tax - Resident Individual,0.00,0.00,0.00,0.00,0.00,0.00
"5d1d7eadfd860638bdefbe1afd1a93e56e44fbde745b3271b40f2da0c3b2ea58","2023",Income Tax - Company,63300561.07,424660.00,2184877.00,1305837.00,1974140.00,2095017.83
"7352e8da64894f0bbd1e0f8591ace17e551e921cd255b96760e4e43f0cbc769e","2023",Income Tax - Resident Individual,2408.00,0.00,0.00,0.00,0.00,209024.00
fb8d475fec97baad7d6837b924411e7caa7ba2c0ca39bab842f2f6e59e42a495,"2024",Income Tax - Resident Individual,0.00,0.00,0.00,0.00,0.00,1077000.00
"4aa6facfab528409a9bac6bf678a568612e1e48061619305ea488936b658bd0d","2024",Income Tax - Resident Individual,0.00,0.00,0.00,0.00,0.00,100639.00
"0b26e9c11fa3daa60747ed63741eb41972f0b7612b559c135d98b3c418dd9e57","2023",Income Tax - Company,0.00,0.00,0.00,0.00,0.00,0.00
"354a746e74cc19ee71a8bc9b93e814e7e38dc9384c1867fe27d9db5c58cda212","2023",Income Tax - Resident Individual,1.00,0.00,0.00,0.00,0.00,71357.00
"479058b8f5c40969e1b02fc9620bae09b9fbfd5e7d7173691fbfe66a33fa7ef1","2023",Income Tax - Resident Individual,0.00,0.00,0.00,0.00,0.00,109189.00
df37f4c022c3aaef35f1a234468be3769281dec6c1127dbb216d6335debfce2a,"2024",Income Tax - Resident Individual,0.00,0.00,0.00,0.00,0.00,41566.00
"5b3074802abad74cd254d52ecba8d538d4b9cae34f4e669a9f1f050fc83e7b50","2023",Income Tax - Resident Individual,0.00,0.00,0.00,0.00,0.00,0.00
"8a1016c6ac9775013f2b0ed5e37b99ab3b0a46275dda76387ba6426cca69c346","2023",Income Tax - Resident Individual,0.00,0.00,0.00,0.00,0.00,138876.00
a81b176dc20f849c497f76367954de552b4eed0dc1547be397e80c92f69d56e1,"2023",Income Tax - Resident Individual,0.00,0.00,0.00,0.00,0.00,776436.00
b5a8e29549d1ed6bda4718bd51781d1cee6dbec1df0b2f32ba6e030392259145,"2023",Income Tax - Resident Individual,0.00,0.00,0.00,0.00,0.00,0.00
"67c6837a9cf41d16aa42cd44f8031beebd70861eae9afcf601598fd647eb5715","2023",Income Tax - Company,0.00,0.00,0.00,0.00,0.00,0.00
"5b49db24a8d17f73b9331ff7de10478df21996e2b7fa0580bd212b0b4f58861d","2023",Income Tax - Resident Individual,0.00,0.00,0.00,0.00,0.00,0.00
"2a79a8496cc594db62069a3382d60069965cf39ae5750fd5f3d582e7107ce713","2024",Income Tax - Resident Individual,0.00,0.00,0.00,0.00,0.00,49365.00
"7fd0fa3d15d5eb279b91e1249b49b958c1c8d5df0bd40b2ff1df2f3ff68e7116","2024",Income Tax - Resident Individual,0.00,0.00,0.00,0.00,0.00,211294.00
e4f132eab939af09666b35c6e41d216cf41a34f8fd88a4dba59351702e3e8451,"2023",Income Tax - Resident Individual,0.00,0.00,0.00,0.00,0.00,0.00
"0011033184d2380160f593f824aa0753fd82957bdaff09785a6ad10729dfdc5b","2024",Income Tax - Resident Individual,0.00,0.00,0.00,0.00,0.00,24472.00
"000274e10e7df13daddc69a82b2fc6a9f36cd493c394a1b0b3b92b0eb03281ad","2024",Income Tax - Company,240525.00,0.00,0.00,0.00,0.00,20946.30
"00009d89e64f24415909672f65bc986f254d875316e6a9151dc5a28ed70d8138","2024",Income Tax - Resident Individual,0.00,0.00,0.00,0.00,0.00,136305.00
"00149e4015a0091533e8688745f1d3942303569775a3f6ccfdc04d77125c7353","2024",Income Tax - Resident Individual,0.00,0.00,0.00,0.00,0.00,0.00
"0019f67ceb7fe8a44a814e522033874d012877eab732e8689f6d9408cdb40f76","2023",Income Tax - Resident Individual,227.00,0.00,0.00,0.00,0.00,1730.00
"000274e10e7df13daddc69a82b2fc6a9f36cd493c394a1b0b3b92b0eb03281ad","2023",Income Tax - Company,216675.00,64200.00,0.00,12000.00,95600.00,13462.50
"001c4796bb98a454aa5f98f2234fe907bd05a6d3a1a576832611d845570adac0","2024",Income Tax - Resident Individual,2126.00,0.00,0.00,0.00,0.00,144067.00
"00009d89e64f24415909672f65bc986f254d875316e6a9151dc5a28ed70d8138","2023",Income Tax - Resident Individual,0.00,0.00,0.00,0.00,0.00,359031.00
"0008fe81fb8b5c026627088f19b8297340256de89b1fe6438914a6d6aa19eaf5","2024",Income Tax - Resident Individual,0.00,0.00,0.00,0.00,0.00,5598891.00
"0008fe81fb8b5c026627088f19b8297340256de89b1fe6438914a6d6aa19eaf5","2023",Income Tax - Resident Individual,0.00,0.00,0.00,0.00,0.00,2196366.00
"001c4796bb98a454aa5f98f2234fe907bd05a6d3a1a576832611d845570adac0","2023",Income Tax - Resident Individual,0.00,0.00,0.00,0.00,0.00,103519.00
